劳动,2919
生产,1930
产品,1463
价值,1294
商品,1013
资本,929
货币,856
自己,828
他们,787
这种,728
消费,685
这个,680
工人,664
利润,616
形式,601
一个,578
收入,548
这些,533
部分,502
交换,491
土地,483
工资,469
作为,463
不变资本,458
不是,454
斯密,451
因为,449
我们,436
一部分,434
资本家,432
这里,422
如果,409
机器,404
但是,402
可以,396
补偿,390
非生产,384
购买,383
情况,382
剩余价值,375
因此,370
支付,369
没有,362
使用,349
这样,349
它们,343
等等,325
本身,312
就是,310
全部,309
社会,308
财富,299
小时,290
等于,290
劳动者,281
生产者,279
关于,275
过程,275
一样,270
流通,269
那末,267
必须,260
所有者,259
增加,257
马克思,257
只是,252
表现,249
价格,245
任何,245
麻布,240
地租,236
来说,233
理论,233
时间,233
只有,233
直接,232
东西,228
一种,228
阶级,227
因而,227
一切,224
问题,223
之间,222
包含,214
新加,206
代表,205
加入,203
领域,200
不能,192
物质,192
原料,191
完全,190
再生产,189
转化,188
假定,187
得到,186
或者,183
为了,182
著作,180
其他,180
业者,178
例如,178
所以,175
现在,175
国家,174
能力,171
构成,170
已经,168
自然,168
由于,168
能够,167
手里,166
需要,166
农学,166
服务,166
不同,166
出来,164
用来,162
可能,161
而且,156
交换价值,154
先令,153
租地,147
存在,146
政治经济学,146
同样,142
利息,142
劳动量,140
创造,140
提供,139
而是,137
资本主义,136
资产阶级,135
农场主,134
一般,134
一点,134
煤炭,133
观点,131
决定,131
工作日,130
关系,126
所有,126
李嘉图,125
经济学家,125
并且,124
对于,123
出卖,123
比例,121
条件,121
以前,121
工业,120
进行,119
产生,118
考察,118
费用,116
什么,116
认为,116
那里,113
农业,113
花费,112
那些,112
经济,110
归结为,110
发生,109
不会,109
相反,108
手稿,107
不过,107
具有,106
各种,106
一定,105
生活,105
同时,103
虽然,103
相对,103
结果,102
不变,101
按照,100
还是,100
实际上,98
最后,97
买者,97
属于,97
谷物,96
成为,95
制造业者,95
别人,95
超过,95
不仅,94
维持,93
取得,91
起来,90
性质,90
伦敦,90
配第,89
用于,88
源泉,88
物化,88
占有,88
时候,88
英国,87
其中,86
第一,86
发展,86
消费品,86
仅仅,86
只能,83
除了,83
必要,83
手段,83
第二,82
要素,82
卖者,82
第三,82
个人,82
某种,82
研究,81
必需,81
区分,81
一些,81
部门,81
这是,80
意义,80
多少,79
指出,79
完成,79
纺纱,78
说明,78
出现,78
节约,77
通过,77
木材,76
应当,76
魁奈,76
消费者,76
人数,76
织布,75
耕种,75
错误,75
加尔涅,74
前面,74
第四,74
可见,73
或者说,73
余额,72
以及,72
看来,72
巴黎,72
只要,72
之后,72
那个,72
活劳动,71
基金,71
商业,71
基础,70
生产资料,69
提高,69
那种,69
实际,69
根据,68
食物,68
地方,68
看到,68
实物,68
正确,67
见解,67
法国,67
整个,67
方面,67
分配,66
生产力,66
实现,66
第本,66
减少,66
一年,65
固定资本,65
真正,65
两个,65
扣除,64
包括,64
材料,64
获得,64
亚麻,64
反对,64
特殊,64
那样,64
人们,64
看成,63
在于,63
先生,63
补充,63
损耗,62
政治,62
当作,62
来看,62
从而,61
取决于,61
每年,61
形成,61
积累,61
数量,61
甚至,60
仍然,60
回到,60
变成,60
预付,60
从事,60
租金,59
以外,59
理解,59
称为,59
加尼耳,59
另一方面,59
下面,59
唯一,59
方式,58
变化,58
也就是说,58
总额,58
这一,58
是从,57
事实上,57
个人消费,57
恩格斯,56
支配,56
不断,56
雇用,56
即使,56
才能,55
一定量,55
过去,55
资本论,55
剩余劳动,55
只不过,55
分析,55
组成部分,55
庸俗,55
体系,54
分解,54
生活资料,54
两种,53
是因为,53
简单,53
雇佣劳动,53
解释,53
以后,52
开始,52
织机,52
总是,52
重农主义,52
报酬,52
始终,51
后者,51
卖掉,51
首先,51
计算,51
原因,51
降低,51
剩余,51
根本,51
前提,50
支出,50
上述,50
还有,50
矛盾,49
同一,49
出版,49
制造,49
这部分,48
职能,48
后面,48
表示,48
看法,48
全集,48
就是说,48
付给,48
等价物,47
批判,47
最初,47
对立,47
人口,47
后来,47
规律,47
产业,46
提出,46
物品,46
一章,45
引起,45
有用,45
所有权,45
商人,45
影响,44
便士,44
之外,44
改变,44
部类,44
活动,44
剩下,44
原理,44
差额,43
进入,43
别的,43
萨伊,43
正是,43
说法,43
物化劳动,43
一次,43
相等,42
分工,42
换句话说,42
投入,41
本人,41
厂主,41
交易,41
纯粹,41
大量,41
增长,41
斯杜特,41
马尔萨斯,41
当然,41
既然,40
回流,40
固定,40
作用,40
洛克,40
证明,40
定义,40
必然,40
医生,40
贸易,39
不管,39
许多,39
某些,39
工厂,39
引用,39
怎样,39
如此,38
金银,38
一方面,38
增殖,38
第一种,38
所说,38
可是,38
代价,38
亚当,37
表明,37
生产性,37
目的,37
享受,37
历史,37
一国,37
纯收入,37
之前,37
手工业者,36
区别,36
变为,36
彼此,36
仆人,36
不再,36
斯图亚特,36
工作,36
国民,36
随着,36
满足,36
绝对,36
程度,36
阶段,36
带来,36
制造业,35
明显,35
反驳,35
主人,35
资料,35
利益,35
对象,35
就象,35
种植业,35
种子,35
然后,34
劳动所,34
生存,34
由此,34
奴隶,34
科学,34
小麦,34
无论,34
工业品,34
单个,34
形态,34
企业主,34
插入,34
主要,33
丝毫,33
及其,33
决不,33
重新,33
精神,33
重商主义,33
场合,33
辩护,33
独立,33
为什么,33
第一个,33
各个,33
看作,33
市场,33
本册,33
例子,33
如何,32
总量,32
差别,32
职业,32
手中,32
然而,32
这笔,32
经济学,32
学派,32
代替,32
总之,32
裁缝,32
第二种,32
牧师,32
力量,32
下降,32
必定,31
一起,31
劳动生产率,31
译本,31
一部,31
货币流,31
提到,31
富人,31
行为,31
意见,31
现象,31
农民,31
其次,31
通常,31
实质,31
生产方式,31
荒谬,31
每个,31
货币流通,30
工具,30
家仆,30
最终,30
混淆,30
单纯,30
加工,30
高于,30
谈到,30
的话,30
生产能力,30
雇佣工人,30
两者,30
还要,30
适用,30
此外,29
财产,29
目录,29
间接,29
第二个,29
由此可见,29
得出,29
三个,29
比较,29
相比,29
作者,29
赋税,29
有关,29
上面,28
一旦,28
清楚,28
原来,28
好比,28
重要,28
接着,28
必要劳动,28
范围,28
应该,28
至于,28
生产率,28
保持,28
自由,28
吃掉,28
杜尔哥,28
约翰,28
托尔希,28
很大,28
实业家,28
究竟,28
推动,27
管理,27
留下,27
正如,27
双方,27
造成,27
确定,27
假设,27
规定,27
以下,27
特别,27
工业家,27
同一个,27
需求,27
诺思,27
这样一来,26
一下,26
棉花,26
也许,26
其余,26
参加,26
衣服,26
你们,26
物质财富,26
商品交换,26
一节,26
发现,26
至少,26
律师,25
学说,25
等价,25
私人,25
加进,25
之一,25
进一步,25
运动,25
超出,25
利润率,25
利用,25
蒲鲁东,25
知道,25
难道,25
论点,25
解决,25
前者,25
继续,24
有利,24
万镑,24
一段话,24
老板,24
士兵,24
编者注,24
制度,24
银行券,24
多于,24
转手,24
意思,24
一句,24
相互,24
这方面,23
数目,23
附录,23
供给,23
办法,23
夸特,23
戴尔,23
归还给,23
困难,23
低于,23
尽管,23
国内,23
现有,23
不得不,23
耐久,23
引文,23
确切,23
分离,23
这段话,23
承认,23
结论,23
一半,22
就要,22
总收入,22
可变资本,22
地位,22
罗西,22
相应,22
回答,22
总和,22
起源,22
出发点,22
理由,22
人民,22
执行,22
组成,22
便宜,22
伯爵,22
企业,22
拥有,22
尺度,21
所谓,21
经过,21
抵补,21
份额,21
价值量,21
交给,21
于是,21
辅助材料,21
内容,21
詹姆斯,21
大部分,21
匿名,21
时期,21
一笔,21
德尔,21
联系,21
消失,21
看出,21
凡是,21
十分,21
竞争,21
以便,21
本质,20
主义,20
罗德,20
赐予,20
大多数,20
大于,20
闲者,20
马西,20
不可,20
促进,20
有人,20
等同,20
几乎,20
爵士,20
还给,20
原始,20
世界,20
出发,20
教师,20
思想,20
概念,20
显然,20
是否,20
体现,20
方法,20
借以,20
成品,20
计划,20
总价值,20
居民,20
事情,20
面包,19
规模,19
南特,19
平均,19
无酬,19
无非,19
评论,19
更大,19
剩余产品,19
克尔,19
浪费,19
掌握,19
资本积累,19
利息率,19
加以,19
棉纱,19
开支,19
法律,19
官吏,19
互相,19
风险,19
雇佣,19
银行,19
数额,19
分为,19
采取,19
政府,19
叫做,19
机器厂,19
让渡,19
不必,18
实行,18
决不会,18
人类,18
原先,18
雇主,18
相同,18
西尼耳,18
流通手段,18
下来,18
表述,18
制造机,18
另外,18
参看,18
本来,18
当年,18
贵族,18
一方,18
注释,18
作家,18
休谟,18
毫无关系,18
保存,18
环节,18
监督,18
自行,18
毫无,18
原有,18
术语,18
要求,18
现代,18
兰盖,18
论述,17
流动资本,17
多余,17
范畴,17
同量,17
地说,17
劳动工具,17
出售,17
每天,17
第六,17
状态,17
税收,17
结束,17
如果说,17
结尾,17
制铁,17
奴隶制,17
内在,17
等量,17
过活,17
找到,17
说来,17
中间,17
拉姆赛,17
收回,17
尔茨,17
限度,17
以致,16
货币量,16
道德,16
期票,16
离开,16
纺机,16
位置,16
撇开,16
确实,16
如下,16
裤子,16
怎么,16
万担,16
发明,16
加在一起,16
耗费,16
教士,16
注意,16
专门,16
建立,16
开来,16
特拉西,16
无论如何,16
特点,16
商品价格,16
公共,16
无关,16
施马,16
写道,16
分册,16
很少,16
最低,16
文明,16
得出结论,16
界限,16
大小,16
流回,16
几段,16
著名,16
已知,16
拿出,16
充当,16
付出,16
第一次,16
穆勒,16
化为,16
追加,15
勤劳,15
市民,15
统治,15
见马克思,15
规定性,15
之所以,15
价钱,15
该国,15
最大,15
重商,15
出口,15
第三章,15
断言,15
活动家,15
革命,15
放在,15
买到,15
贮藏,15
分成,15
发财,15
贫困,15
码中,15
欺骗,15
货币主义,15
这就是说,15
扩大,15
情形,15
年数,15
容易,15
全体,15
人物,15
更加,15
哪里,15
关心,15
特定,15
中介,15
人员,15
身上,15
功绩,15
建筑物,15
呢绒,15
考虑,15
中文版,15
加上,15
上去,14
买卖,14
摆脱,14
摘录,14
奢侈品,14
诚然,14
纱锭,14
牲畜,14
中有,14
回过头来,14
事实,14
预先,14
否则,14
分享,14
大大,14
生活费,14
多么,14
消费基金,14
农产品,14
卖出,14
缝纫,14
当事人,14
基本,14
决不能,14
第三册,14
结合,14
德国,14
可能性,14
达到,14
效用,14
教会,14
解雇,14
威廉,14
戴韦,14
所得者,14
发财致富,14
剥削,14
学家,14
享用,14
意味着,14
却是,14
拥护者,14
音乐家,14
愿意,13
之上,13
观念,13
接受,13
高低,13
派生,13
意大利,13
正文,13
制造厂,13
放债,13
非常,13
不谈,13
转入,13
无用,13
正好,13
家里,13
无关紧要,13
哲学家,13
一份,13
哲学,13
而已,13
生产工具,13
养活,13
厨师,13
富裕,13
愈来愈,13
详细,13
用作,13
只会,13
缺乏,13
动者,13
本书,13
恰好,13
衡量,13
一书,13
收获,13
事先,13
奢侈,13
某一,13
借债人,12
发达,12
吸收,12
主义者,12
主张,12
当时,12
来同,12
君主,12
年内,12
不象,12
第二章,12
涉及,12
第一篇,12
劳动资料,12
价值尺度,12
利润总额,12
产物,12
项目,12
其实,12
撇开不谈,12
打算,12
永远,12
庸俗化,12
开采,12
中介人,12
小节,12
说道,12
国外,12
状况,12
商品流通,12
一天,12
两次,12
原则,12
地产,12
所得,12
稿本,12
霍布斯,12
运用,12
得来,12
这句,12
巨大,12
大得多,12
下去,12
另一方,12
译者,12
古典,12
经营,12
上衣,12
依靠,12
试图,12
采用,12
痕迹,11
本国,11
方向,11
无论是,11
不到,11
机油,11
来自,11
家具,11
在内,11
有时,11
结算,11
第二篇,11
西斯蒙,11
工资总额,11
标题,11
一件,11
知识,11
归还,11
利率,11
费里,11
好处,11
大家,11
期间,11
了解,11
银行家,11
改良,11
因素,11
妨碍,11
十八世纪,11
同等,11
促使,11
一经,11
留在,11
第二卷,11
固有,11
绪论,11
马上,11
一页,11
偿还,11
实在,11
劳动部门,11
流通领域,11
尝试,11
口袋,11
一类,11
名称,11
外国,11
托马斯,11
商业资本,10
制成,10
第一卷,10
手工,10
变动,10
问答,10
转移,10
万人,10
除外,10
追随者,10
这部,10
取回,10
卖得,10
换取,10
否认,10
霍吉斯,10
换得,10
罗马,10
这时,10
由新加,10
变换,10
很快,10
一段,10
农具,10
农场,10
减低,10
这位,10
第二册,10
进步,10
索引,10
共同,10
必要性,10
归根到底,10
东印度,10
一般说来,10
纳骚,10
教育,10
世纪,10
相适应,10
想象,10
出去,10
脱离,10
希望,10
预付资本,10
有助于,10
法郎,10
帮助,10
有权,10
仆役,10
工商业,10
家庭,10
有些,10
欧洲,10
调节,10
有所,10
库洛赫,10
对方,10
论战,10
亏损,10
财政,10
昂利,10
自然力,10
固然,10
混乱,10
英文,10
封建主义,10
他人,10
被迫,10
时代,10
封建,10
各自,9
资金,9
每人,9
几个,9
房屋,9
所作,9
平均价格,9
每次,9
蒲式耳,9
的确,9
最高,9
杰出,9
正象,9
手工业,9
军队,9
极小,9
将会,9
很多,9
不论,9
用以,9
种类,9
来补,9
用处,9
动量,9
保证,9
同意,9
同上,9
角度,9
不同于,9
双手,9
相当,9
总共,9
权利,9
衣着,9
发挥,9
娱乐,9
本家,9
盎斯,9
恢复,9
事物,9
取自,9
三种,9
屠宰业,9
变得,9
受到,9
级差地租,9
水平,9
作出,9
权力,9
感觉,9
依此类推,9
有害,9
算术,9
金属,9
供应,9
杜邦,9
巴师夏,9
一系列,9
非生,9
一致,9
贴现,9
怎样才能,9
相互交换,9
果实,9
缩短,9
麦克,9
饲料,9
幻想,9
幸福,9
阐明,9
国债,9
爱尔兰,9
限于,9
概括,9
业务,9
明确,9
引证,9
抽象,9
舍费,9
兴趣,9
阶层,9
照旧,9
商品量,9
停止,9
基本原理,9
肥料,9
物质条件,9
应用,9
耕作,9
现实,9
卡德,9
第一章,9
抽出,9
无偿,9
共计,9
家伙,9
某个,9
附欧,8
比埃尔,8
失去,8
经验,8
米拉波,8
连同,8
穆尔,8
忘记,8
批评,8
自身,8
就业,8
热尔门,8
饭店,8
价值规律,8
应付,8
商品生产,8
必定会,8
可变,8
迫使,8
应有,8
富国,8
反过来,8
重复,8
半数,8
时而,8
集中,8
二重性,8
评注,8
似乎,8
自然法,8
恰恰,8
储备,8
储存,8
想要,8
开头,8
日益,8
自从,8
转到,8
表面,8
列入,8
经常,8
工人阶级,8
无疑,8
全都,8
有者,8
丧失,8
符号,8
相当于,8
有酬,8
工场,8
比方说,8
个别,8
上涨,8
总数,8
札记,8
贫穷,8
字母,8
教程,8
教授,8
布雷,8
阐述,8
平衡,8
积蓄,8
所能,8
宗教,8
随即,8
第二十六章,8
这块,8
文学,8
当中,8
福尔,8
同类,8
演员,8
第四个,8
暂时,8
修理,8
私有制,8
艺术,8
其余部分,8
年版,8
城市,8
从重,8
来源于,8
从来不,8
少量,8
劳动报酬,8
棉布,8
若干,8
讲授,8
两人,8
增大,8
数字,8
不用,8
起先,8
一本,8
落到,8
留出,8
安全,8
损失,8
种植,8
铁屑,8
来源,8
完全正确,8
维护,8
维里,8
微不足道,8
普遍,8
短工,7
亿向,7
贡献,7
会以,7
第六章,7
第二次,7
毕阿,7
他同,7
立场,7
揭示,7
一代,7
隶属,7
十九世纪,7
正常,7
想起,7
卡泽,7
本版,7
每种,7
愈少,7
亿是,7
就够,7
诺夫,7
所用,7
页码,7
人为,7
今天,7
第一版,7
以来,7
力图,7
从来,7
亨利,7
社会主义,7
卖出去,7
算作,7
重大,7
论断,7
宣称,7
反动,7
单位,7
博士,7
拿来,7
一块,7
寄生,7
粮食,7
铸币,7
以为,7
万法郎,7
仆从,7
重农,7
推出,7
第三篇,7
符合,7
总产,7
用新加,7
赢利,7
用途,7
名义,7
外观,7
信贷,7
消除,7
曾经,7
荷兰,7
消灭,7
由此看来,7
妓女,7
况下,7
准备,7
资本化,7
循环论证,7
减轻,7
畜牧业,7
资产者,7
各国,7
资产,7
德文,7
德维尔,7
有利于,7
统一,7
教养,7
罪犯,7
处于,7
供养,7
往往,7
特征,7
较大,7
四个,7
自由主义,7
国富论,7
图克,7
公元前,7
明白,7
为止,7
无产阶级,7
过多,7
为生,7
理查,7
场主,7
并入,7
坚持,7
债务,7
业中,7
年收入,7
借来,7
当日,7
丑角,7
役畜,7
不均,7
注明,7
属性,7
估价,7
适当,7
三次,7
好象,7
蜜蜂,7
看看,7
下述,7
古希腊,7
途径,7
收成,7
充分,7
速度,7
态度,7
政治经济,7
摆动,7
财宝,7
播种,7
追求,7
现金,6
柯尔培,6
地主,6
发生变化,6
游离,6
食客,6
平等,6
平均工资,6
摩西,6
毫无疑问,6
查默斯,6
和利,6
发表,6
矿山,6
油脂,6
概论,6
归入,6
琼斯,6
工业部门,6
方括号,6
必需品,6
看起来,6
国民收入,6
弄清,6
弄清楚,6
顺便,6
抓住,6
废除,6
姘妇,6
本中,6
单独,6
技能,6
承担者,6
穷人,6
犯罪,6
想法,6
狂热,6
强迫,6
强大,6
强调,6
强调指出,6
王国,6
面前,6
桌子,6
图斯,6
寓言,6
叙述,6
对外贸易,6
新加劳,6
哪怕,6
更为,6
启蒙运动,6
浪费者,6
学校,6
济学,6
少数,6
所加,6
布朗基,6
波动,6
合在一起,6
或是,6
或多或少,6
我用,6
损坏,6
略论,6
大纲,6
大规模,6
可靠,6
已有,6
天才,6
皮带,6
尤其,6
政论家,6
学者,6
比利,6
据说,6
得利,6
思想家,6
尽量,6
同一时间,6
提取,6
对重,6
生命,6
总的说来,6
增减,6
天平,6
秩序,6
斯宾斯,6
否定,6
更好,6
正在,6
即以,6
古代,6
封建社会,6
音乐,6
干涉,6
深刻,6
尽可能,6
法官,6
孟德斯鸠,6
机器设备,6
括号,6
就是指,6
消费资料,6
感到,6
多大,6
一项,6
亿法郎,6
不幸,6
自由竞争,6
诗人,6
饿死,6
人格化,6
说成,6
创造者,6
享乐,6
第四卷,6
脑力劳动,6
一词,6
制造者,6
里维埃,6
贝尔,6
财物,6
货币资本,6
劳动力,6
不言而喻,6
货物,6
共同之处,6
第五章,6
亿货,6
做出,6
贫民,6
上来,6
制品,6
上层,6
便是,6
下定义,6
一倍,6
下层,6
伟大,6
逐渐,6
保留,6
西奥,6
草稿,6
剩余价值率,6
英格兰,6
花掉,6
节省,6
以上,6
认识,6
值得注意,6
除非,6
部第,6
不利,6
舍尔,6
致富,6
分解成,6
使人,6
中说,6
运输业,6
赞美,6
结为,6
赞同,6
赖以,6
赤贫,6
迈尔,6
分文,6
分别,6
一批,6
统治阶级,6
一张,6
较少,6
买过,6
经理,6
钢琴,6
还会,6
一日,6
节俭,5
良好,5
借给,5
用语,5
激进,5
那时,5
倾向,5
地区,5
倒数,5
农业工人,5
增进,5
各页,5
供求,5
百科全书,5
房子,5
各种各样,5
总计,5
那一,5
保护,5
战争,5
俸禄,5
那么,5
留给,5
减去,5
准确,5
外貌,5
缩减,5
后果,5
混为一谈,5
想到,5
金和银,5
成果,5
据为己有,5
意识,5
意识形态,5
一步,5
愚蠢,5
商品生产者,5
具体劳动,5
生产关系,5
一组,5
联合,5
意志,5
具体,5
而同,5
周转,5
一篇,5
命题,5
现成,5
成分,5
措施,5
一条,5
钟表,5
损害,5
懂得,5
做到,5
煤气,5
再现,5
成就,5
成员,5
回过,5
熟练,5
停滞,5
提法,5
健康,5
一道,5
靴子,5
告诉,5
牺牲,5
种者,5
注意力,5
注定,5
最好,5
帕奥累,5
之内,5
贺雷西,5
彼拉多,5
也好,5
有待,5
巴顿,5
贷出,5
这同,5
有机,5
巧妙,5
有限,5
斗争,5
服从,5
贫国,5
朗斯,5
文集,5
木匠,5
货币地租,5
本性,5
文字,5
贝伊,5
尼古拉,5
这段,5
亚洲,5
更新,5
方便,5
身体,5
无法,5
引出,5
中世纪,5
无限,5
无息,5
中才,5
达德利,5
时所,5
身分,5
康斯坦,5
迅速,5
昂贵,5
运到,5
庞大,5
两卷,5
是不是,5
为主,5
足够,5
过贵,5
足以,5
普鲁士,5
并不比,5
平均数,5
起初,5
不结果实,5
就会,5
李嘉,5
出借,5
忽视,5
警察,5
放弃,5
不但,5
以纱,5
每当,5
它会,5
任何人,5
要是,5
企图,5
伏尔泰,5
民法,5
气候,5
逐年,5
西埃,5
沙尔,5
伪造,5
估计,5
表达,5
体力,5
余下,5
遇到,5
譬如说,5
产业资本,5
对比,5
不知,5
谈谈,5
产者,5
不由,5
陷入,5
人会,5
来讲,5
杨格,5
人士,5
该书,5
违反,5
亿商,5
某种程度,5
定量,5
对待,5
根源,5
从中,5
从前,5
政策,5
追溯到,5
他用,5
歌唱家,5
实体,5
高利贷者,5
民族,5
多得多,5
织造,5
努力,5
降到,5
碰到,5
相互之间,5
租佃,5
劳动阶级,5
刺激,5
判断,5
反映,5
第四章,5
勤劳者,5
纸币,5
原文,5
卡纳尔,5
双重,5
破产,5
所有物,5
阿谀奉承,5
协助,5
危险,5
卖不出去,5
篇幅,5
刊印,5
租借,5
拟定,5
剧院,5
所指,5
技艺,5
一切都是,5
第三者,5
承担,5
分枝,5
糊涂,5
给予,5
变穷,5
创始人,5
投资,5
变换位置,5
单是,5
初期,5
限制,5
反对派,5
长期,5
出租,5
立法,5
变富,5
得以,4
机会,4
海员,4
英亩,4
象是,4
亚特,4
英国人,4
机车,4
荷兰人,4
信用,4
恰当,4
若干年,4
英明,4
避免,4
互相交换,4
修改,4
机械,4
系统,4
复杂,4
莱辛,4
第十一章,4
贝克莱,4
修建,4
发行,4
批发商,4
尼耳,4
处理,4
贝阿尔,4
不致,4
麻织,4
整理,4
两篇,4
得不到,4
国王,4
土耳其,4
买来,4
烹调,4
纯利润,4
偏见,4
镜子,4
提纲,4
煤矿,4
贵卖,4
有机物,4
书中,4
提琴,4
购得,4
自由民,4
有效,4
贵金属,4
贷放,4
爱丁堡,4
不问,4
变贵,4
偿付,4
这使,4
真是,4
因而是,4
提倡,4
批评者,4
购买者,4
本卷,4
争论,4
境地,4
不要,4
这样的话,4
零售商,4
基尼,4
紧接着,4
艺术家,4
附带,4
第五节,4
上升,4
事业,4
坚决,4
船只,4
香槟酒,4
劳动对象,4
积聚,4
地用,4
卡尔,4
服侍,4
勃多,4
繁殖,4
占有者,4
工艺,4
利物浦,4
例外,4
第十二,4
大国,4
每日,4
不外是,4
宁愿,4
防止,4
价值形式,4
密尔顿,4
价值论,4
见注,4
评述,4
比率,4
不够,4
等式,4
词句,4
不如,4
比重,4
力气,4
译文,4
毛织厂,4
伊利亚特,4
译自,4
柜子,4
不应,4
福利,4
伙计,4
它同,4
力求,4
解体,4
他会,4
托罗,4
追随,4
担负,4
正当,4
去年,4
欲望,4
十分明确,4
论丛,4
社会阶层,4
欧仁,4
实践,4
参与,4
解决办法,4
怀疑,4
社会关系,4
社会主义者,4
论据,4
放到,4
段话,4
毁灭,4
论者,4
每一,4
论证,4
等于零,4
对照,4
思路,4
手艺,4
私有财产,4
扩展,4
来谈,4
佩利,4
奇怪,4
发出,4
小量,4
种地,4
支票,4
洛克先生,4
作日,4
德奈,4
天真,4
不生,4
依据,4
不用说,4
大陆,4
道路,4
大臣,4
产率,4
总要,4
极为,4
作品,4
剖视,4
人用,4
收集,4
历史学家,4
粗俗,4
打仗,4
怨言,4
反复,4
题为,4
远远,4
通俗,4
法文,4
人来,4
封面,4
住房,4
人才,4
极端,4
尊敬,4
法国人,4
极少数,4
削减,4
不愿,4
进程,4
作中,4
真实,4
繁荣,4
愈来愈多,4
归结,4
换来,4
愉快,4
随后,4
单单,4
生出,4
为此,4
换成,4
生息,4
吸取,4
生活费用,4
相加,4
陆海军,4
空谈,4
只同,4
归功于,4
再生,4
协议,4
再谈,4
两处,4
序言,4
飞花,4
而言,4
更富,4
世纪末,4
主和,4
报告,4
平均利润,4
耕地,4
为资,4
现时,4
耐久性,4
年出,4
幼稚,4
业主,4
越出,4
一直,4
而成,4
业家,4
另一半,4
趣味,4
味吉尔,4
普通工人,4
分割,4
直到现在,4
第一点,4
疑问,4
建筑,4
留下来,4
转化成,4
转变,4
合理,4
立即,4
畜栏,4
开辟,4
无所事事,4
无需,4
载于,4
几章,4
铁厂,4
继承,4
统统,4
严格,4
凯撒,4
引自,4
指望,4
辛苦,4
合计,4
吉约姆,4
农业机器,4
写作,4
写成,4
突出,4
名家,4
只用,4
农业国,4
康替龙,4
罗氏,4
同重,4
十八,4
项下,4
中是,4
马克,4
钱柜,4
中新加,4
挥霍,4
两本,4
同劳,4
早已,4
同义,4
职务,4
内新加,4
专制,4
近来,4
嘲笑,4
嘉图,4
看待,4
第三个,4
犹太人,4
喜欢,4
肯定,4
赚钱,4
推移,4
常常,4
公众,4
狭隘,4
一般地说,4
胡说,4
刚才,4
这件,4
描绘成,4
程中,4
布坎南,4
之友,4
彻底,4
面积,4
一贯,4
之中,4
特有,4
采掘,4
布鲁塞尔,4
之下,4
最近,4
创作,4
采煤,4
商业利润,4
一书中,4
献给,4
重新加入,4
近代,4
接近,4
六卷,4
义务,3
教员,3
早就,3
不如说是,3
最能,3
对亚,3
布鲁姆,3
动荡,3
阻碍,3
压低,3
二者,3
起义,3
文斯顿,3
亿给,3
干活,3
稽核,3
担任,3
票券,3
亿食,3
第一册,3
第九章,3
运费,3
延长,3
两段,3
查理,3
中来,3
违背,3
亿只,3
这么,3
抛开,3
抵押,3
某地,3
赎回,3
对论重,3
阿伦德,3
希律,3
不得,3
贯穿,3
不足,3
书籍,3
身边,3
贝勒斯,3
书商,3
书信集,3
亿总,3
徒劳无益,3
时为,3
什么样,3
转瞬即逝,3
本应,3
评价,3
辩论,3
于用,3
乞丐,3
概述,3
宣传,3
神秘,3
客观,3
除去,3
仔细,3
加劳,3
次序,3
无论怎样,3
币额,3
弗尔,3
与其说是,3
高级,3
无机,3
引过,3
引出来,3
政治家,3
无止境,3
有力,3
彼得罗,3
歉收,3
乔治,3
付钱,3
政论,3
论德,3
中买,3
加工工业,3
两磅,3
证实,3
不错,3
格雷,3
日常,3
强加,3
移至,3
资和,3
午餐,3
从属,3
弗里德里希,3
不合理,3
第三节,3
论法,3
不合,3
轻蔑,3
必要条件,3
论文,3
之流,3
不去,3
植物,3
第三卷,3
阿瑟,3
人靠,3
第十章,3
随时,3
非本质,3
条块,3
高额,3
动物性,3
广大,3
帽子,3
尚未,3
动物,3
循环,3
显著,3
显而易见,3
举出,3
这项,3
来回,3
年伦,3
享有,3
勤勉,3
第二点,3
不然,3
来消,3
显得,3
不比,3
产品价格,3
动用,3
文章,3
越来越,3
智力,3
机构,3
趋势,3
机械师,3
为的是,3
亚里士多德,3
主观,3
杀人,3
豌豆,3
就行了,3
这点,3
交替,3
幕间曲,3
整体,3
货币资金,3
即无酬,3
阿里,3
为物,3
课税,3
印象,3
无产者,3
极少,3
店铺,3
敦版,3
庞培,3
不该,3
德文版,3
将军,3
人手,3
这批,3
负担,3
两年,3
废料,3
第二十章,3
动产,3
这张,3
末尾,3
封建制度,3
协作,3
不想,3
废话,3
称呼,3
华丽,3
文件,3
时要,3
最受,3
人工,3
小于,3
文人,3
少于,3
人中,3
过来,3
席勒,3
来要,3
人口论,3
工匠,3
贫富,3
应得,3
最先,3
小说,3
为纱,3
为货,3
说教,3
第四篇,3
路易,3
平常,3
很小,3
空闲,3
小工,3
中间性,3
两件事,3
一下子,3
英里,3
克菲尔德,3
克维尔,3
牵涉到,3
先驱,3
回忆,3
回收,3
回来,3
先是,3
看见,3
脚注,3
牧人,3
版本,3
允许,3
傻子,3
储存起来,3
愈富,3
偶然,3
一面,3
自由人,3
错误观点,3
回事,3
兑换,3
特性,3
看做,3
愿望,3
重农主,3
猎人,3
肌肉,3
推广,3
肥力,3
独特,3
院士,3
感兴趣,3
入来,3
推翻,3
全国,3
锁链,3
胜过,3
胡言乱语,3
器皿,3
胡说八道,3
真的,3
愈大,3
燃料,3
取暖,3
坏蛋,3
垄断,3
债务人,3
那段,3
埃及,3
节欲,3
取消,3
借贷,3
短期,3
借出,3
长久,3
摆在,3
首要地位,3
花钱,3
三分之一,3
取回来,3
倍增,3
摇摆不定,3
取出,3
债权人,3
地被,3
自由放任,3
纯产,3
做饭,3
做成,3
图式,3
图解,3
热衷于,3
驳倒,3
假如,3
航海,3
繁重,3
值得,3
地使,3
舞蹈家,3
利维坦,3
代表人,3
那部,3
销售,3
慷慨,3
同额,3
钻石,3
一文钱,3
由铁,3
一小部分,3
同新加,3
同种,3
缪尔纳,3
缺少,3
同较,3
我国,3
分出,3
罢了,3
直到,3
后期,3
一无所有,3
铁量,3
用品,3
君主专制,3
缝补,3
只起,3
美国,3
继续下去,3
可怕,3
凯里,3
所值,3
监工,3
需有,3
可笑,3
统计,3
出版者,3
司法,3
统计学家,3
几种,3
疾病,3
一幅,3
各章,3
续篇,3
几次,3
结构,3
合乎,3
结束语,3
维持费,3
成本,3
美好,3
刑法,3
懒惰,3
而来,3
而用,3
理所当然,3
和机,3
品中,3
一窍不通,3
理应,3
戏剧,3
排列,3
品都,3
排挤,3
瑞士,3
铸造,3
所起,3
排除,3
哪个,3
野蛮,3
现为,3
共有,3
省去,3
织工,3
持久,3
金额,3
老古板,3
再用,3
美洲,3
换位,3
生铁,3
经济学说,3
铅笔,3
再次,3
成反比,3
生活必需品,3
老兄,3
相交,3
一段时间,3
再也,3
分开,3
内部,3
生产费,3
颠倒,3
内加,3
养马人,3
典型,3
银币,3
所谈,3
灵魂,3
处在,3
思考,3
顺序,3
如此等等,3
汇编,3
永恒,3
永久,3
裱糊,3
会因,3
类似,3
会为,3
众多,3
改进,3
毫无用处,3
下院,3
毫无区别,3
伊斯,3
子女,3
不了,3
打赢,3
存放,3
传说,3
收税,3
佃户,3
反过来说,3
上用,3
契约,3
奥尔丹,3
造纸,3
收拾,3
女人,3
法学家,3
女工,3
反而,3
上述情况,3
奴仆,3
奴役,3
总会,3
下半叶,3
范德林特,3
反抗,3
收益,3
衰落,3
要花费,3
夺取,3
官员,3
安德森,3
安排,3
殖民,3
一位,3
以实,3
完善,3
简略,3
简单商品,3
官司,3
简化,3
加倍,3
孤立,3
门徒,3
定时,3
退出,3
高利贷,3
讨论,3
实业,3
让给,3
训练,3
议论,3
毁坏,3
解开,3
任意,3
学习,3
比约,3
学会,3
任务,3
磨损,3
比如说,3
价格比,3
规则,3
适宜,3
适合,3
宁可,3
领导者,3
解为,3
礼物,3
拉瓦,3
适于,3
不付,3
守卫,3
波拿巴,3
好好,3
伊壁鸠鲁,3
侍从,3
流浪,3
萨斯,3
雅克,3
大批,3
大程度,3
荣誉,3
大约,3
侯爵,3
侮辱,3
依附于,3
依然,3
信徒,3
活跃,3
蒸汽机,3
拜物教,3
萨伊给,3
海上,3
萌芽,3
保卫,3
大卫,3
到期,3
撰写,3
大大提高,3
到达,3
保尔,3
萨伊对,3
保护关税,3
消耗,3
到处,3
码是,3
大不相同,3
失乐园,3
天然,3
失效,3
复制,3
别国,3
道德哲学,3
支配权,3
使物,3
夸大,3
复杂化,3
三卷,3
太小,3
恰好相反,3
洛桑,3
虚荣心,3
摘要,3
茹弗鲁瓦,3
支取,3
蛊惑,3
索取,3
不同之处,2
一心一意,2
一所,2
批评家,2
引进,2
技术,2
一到,2
三者,2
不能不,2
我要,2
三章,2
上下,2
三世,2
不列颠,2
所有制,2
必然性,2
所处,2
三类,2
成由,2
两章,2
三十,2
不可否认,2
强盗,2
强制,2
战斗,2
强制性,2
强加于,2
强加于人,2
强壮,2
一文,2
扣下,2
所必,2
托伦斯,2
或论决,2
所举,2
两点,2
不言,2
或许,2
恶化,2
不单单是,2
三代人,2
恰成,2
不准,2
不以,2
三代,2
不可分割,2
或换,2
或非,2
一再,2
怎么办,2
上层建筑,2
一般来说,2
鼓吹者,2
手上,2
世上,2
才智,2
总产量,2
上帝,2
一部分一部分,2
愈小,2
德斯杜,2
憎恨,2
执行者,2
一周,2
一边,2
惊人,2
与此有关,2
一谈,2
一行,2
才干,2
总括,2
总得,2
专制制度,2
不断更新,2
意味,2
专业,2
一只,2
德意志,2
专制主义,2
总督,2
不相干,2
不管怎样,2
不少,2
丁堡,2
批发,2
顾问,2
上年,2
不说,2
一来,2
往前走,2
一条线,2
上半叶,2
不论是,2
成年,2
惩罚,2
一顿,2
总能,2
不仅仅,2
一家人,2
一家,2
所在,2
麻纱,2
成功,2
必不可少,2
一大群,2
顾客,2
当一国,2
总结性,2
成其为,2
批驳,2
一匹,2
下才,2
一极,2
十分注意,2
两部,2
哲学原理,2
和工,2
品卖,2
品在,2
哈瑙,2
兴旺,2
哪一方面,2
哪些,2
哪些项目,2
共产主义,2
六个,2
喜爱,2
唯心主义,2
唯物主义,2
公路,2
公正,2
商业主义,2
公式,2
公共利益,2
商人资本,2
公仆,2
商店,2
商船,2
其他人,2
其子,2
其收,2
命运,2
名字,2
名目,2
后代,2
写于,2
冒风险,2
冒险,2
后路,2
后退,2
冒充,2
吝啬鬼,2
吞并,2
再说,2
马夫,2
再流,2
听到,2
听命于,2
听觉,2
再其次,2
再也不能,2
内新,2
周期,2
周而复始,2
驯服,2
同行,2
借进,2
土耳其人,2
圣经,2
在实践中,2
在资,2
地上,2
地下,2
地为,2
驳斥,2
地是,2
地段,2
地点,2
债户,2
埃对,2
基本上,2
借用,2
基督教,2
基石,2
堕落,2
塔勒,2
倒霉,2
增添,2
修补,2
备受,2
复利,2
修缮,2
土地价格,2
做工,2
图尔,2
国民经济,2
全世界,2
四十年代,2
四卷,2
入中,2
四种,2
兔子,2
兑现,2
克朗,2
克思,2
先辈,2
回去,2
先有,2
先于,2
充满,2
额所,2
元素,2
固定化,2
储藏,2
偷窃,2
停留,2
国内贸易,2
国家银行,2
军人,2
农产,2
两重,2
劣行,2
加进来,2
历来,2
厉害,2
压迫,2
加快,2
加布里埃尔,2
加尔涅是,2
原始积累,2
加在,2
加到,2
食用,2
发挥作用,2
去掉,2
劝告,2
力学,2
剥夺,2
反动分子,2
前少,2
反对者,2
反杜林论,2
制犁人,2
动摇,2
动是,2
动机,2
升入,2
升降,2
十六世纪,2
半个,2
半年,2
十个,2
卓越,2
十七世纪,2
十七,2
化身,2
化圆,2
勾销,2
勾当,2
勒斯,2
勒代雷,2
占优势,2
勇士,2
印花布,2
印记,2
即亚,2
即同,2
即新加,2
即铁,2
制定,2
发明家,2
农学家,2
几部,2
只靠,2
叫嚷,2
可供,2
出比,2
出于,2
可尊敬,2
可敬,2
可用,2
叱责,2
史上,2
吃喝,2
各处,2
首要,2
各点,2
各项,2
几句话,2
合乎逻辑,2
合伙人,2
合法,2
合理性,2
冲突,2
同亚,2
同土,2
同时代,2
风俗习惯,2
出自,2
分不开,2
分中,2
只引,2
取代,2
别名,2
受俸,2
变大,2
变小,2
变态,2
删节,2
创造财富,2
创造物,2
口号,2
列特,2
划去,2
划分,2
切断,2
食品,2
分裂,2
分类,2
分次,2
另一类,2
分是,2
食利者,2
分子,2
只够,2
多一倍,2
保障,2
保存起来,2
乡村,2
工兵,2
工序,2
工的,2
工程师,2
买铁,2
买进,2
巩固,2
差不多,2
鲁塞尔,2
乡绅,2
习惯于,2
带回,2
巴萨,2
巴蒂斯特,2
习惯,2
币流,2
乘所,2
乐器,2
乏味,2
布里索,2
布阿吉,2
义上,2
帝国,2
工作量,2
工人工资,2
工业生产,2
二十,2
尔贝尔,2
尖括号,2
尖锐,2
尤利乌,2
尤尔,2
产力,2
交错,2
交通运输,2
交易所,2
就算,2
尴尬,2
魁奈是,2
互为,2
尽头,2
尽管如此,2
局部,2
局限性,2
居住,2
魁奈论,2
展了,2
二重,2
二卷,2
二十次,2
二十亿,2
二十个,2
带到,2
带有,2
保卫者,2
中归,2
废墟,2
中由新加,2
中用,2
中断,2
延续,2
中扣,2
建议,2
开发,2
中所,2
中得,2
开恩,2
中引,2
开药方,2
中国,2
中吸,2
中则,2
异化,2
异己,2
中以,2
中一,2
个工,2
严酷,2
引伸,2
中等,2
中读,2
丰收,2
带给,2
带走,2
举行,2
常年,2
干什么,2
干净,2
干到,2
干扰,2
干薪,2
主用,2
主对,2
平均分配,2
平民,2
年度,2
颂扬,2
并不认为,2
并用,2
广泛,2
序论,2
库斯,2
为方,2
为工,2
为劳,2
丰裕,2
产量,2
少花,2
会象,2
余暇,2
何种,2
何况,2
体力劳动,2
住宅,2
低廉,2
好极了,2
但同,2
如同,2
传教士,2
如此说来,2
妥协,2
少是,2
妻子儿女,2
会同,2
始终一贯,2
会上,2
休息,2
子孙,2
仿效,2
学生,2
高傲,2
奥狄浦,2
骗子手,2
奈克,2
佣工,2
多得,2
多数,2
多种多样,2
保卫国家,2
大休,2
大加,2
俄文,2
俄国,2
大大增加,2
侵犯,2
大概,2
依赖于,2
大车,2
大麻,2
例解,2
使用权,2
央求,2
失业者,2
使得,2
使国,2
佩珀,2
奇特,2
学院,2
孩子,2
以补,2
高是,2
富庶,2
富有,2
寒冷,2
对前,2
对工,2
对抗,2
对收,2
对此,2
亿在,2
亿从,2
寻找,2
寻求,2
导致,2
人造肥料,2
人能,2
将来,2
尊重,2
人所能,2
小册子,2
小子,2
小得多,2
高贵,2
亲自,2
家畜,2
从本,2
以此,2
害处,2
宇宙,2
以新,2
安慰,2
以工,2
安都昂,2
以商,2
完结,2
以产,2
定于,2
定货,2
代言人,2
他生,2
他时,2
实际收入,2
审美,2
客运,2
仓库,2
宣告,2
宣布,2
宣扬,2
从资,2
宪兵,2
宫廷,2
令人厌恶,2
感化,2
谋求,2
植物性,2
设想,2
设备,2
讽刺,2
歌舞,2
论洛,2
论文集,2
此人,2
此语,2
论兰盖,2
歪曲,2
论使,2
残余,2
殖民地,2
段时间,2
母亲,2
讲义,2
每担,2
比前,2
比吉,2
警言,2
比赛,2
比起,2
毕竟,2
森林,2
桥梁,2
说出,2
谈重,2
极其,2
谈完,2
极力,2
极大,2
调子,2
调和,2
说起,2
枢密,2
柏林,2
查理二世,2
译成,2
柴尔德,2
标上,2
标准,2
标出,2
标志,2
标明,2
样子,2
诚实,2
试论,2
触及,2
毫不相干,2
解决问题,2
街头,2
衔接,2
行政,2
行家,2
流入,2
行动,2
行券,2
流动,2
血液循环,2
浅薄,2
浆果,2
海关,2
衣料,2
虚弱,2
虚假,2
消化,2
虚伪,2
消遣,2
润率,2
葡萄牙,2
深入分析,2
活所,2
毫无价值,2
没收,2
毫无例外,2
毫无意义,2
角度看,2
觉察到,2
水力,2
观众,2
汉堡,2
要说,2
要花,2
沉湎,2
要么,2
活劳,2
西蒙,2
治理,2
法学,2
装饰品,2
法寻,2
装饰,2
衬衣,2
洗刷,2
表现形式,2
洗衣服,2
表上,2
来满,2
谋生,2
这场,2
日为,2
日内瓦,2
日子,2
较为,2
载有,2
日耳曼人,2
早期,2
时刻,2
转让,2
转给,2
随意,2
转为,2
明天,2
显露出来,2
路德,2
普雷沃,2
普雷沃译,2
暂且,2
暗示,2
暴力,2
暴君,2
日中,2
既定,2
既同,2
过度,2
斯王,2
这会,2
这三项,2
新矿,2
新集,2
方用,2
方都,2
运输,2
旁边,2
过渡形式,2
过剩人口,2
输入,2
无政府主义,2
过剩,2
无数,2
过分,2
过于,2
无济于事,2
无益,2
无知,2
辩护士,2
输出,2
无能为力,2
暴政,2
曲折,2
本相,2
购买价,2
有魁奈,2
朋友,2
贪欲,2
贪婪,2
木材业,2
质问,2
质量,2
本能,2
贯彻,2
本页,2
本领,2
本题,2
机智,2
豢养,2
李斯特,2
条目,2
隶制,2
谬误,2
谬论,2
有钱有势,2
有赖于,2
曼彻斯特,2
最高峰,2
赞扬,2
替换,2
最低限,2
赌注,2
最多,2
最富,2
最小,2
最早,2
资本周转,2
隐德来希,2
隐蔽,2
有别于,2
隔开,2
有幸,2
费品,2
有所不同,2
有所增加,2
贸易差额,2
贷款,2
贵贱,2
有点,2
深受,2
落入,2
混在,2
萨伊是,2
相符,2
相结合,2
约瑟夫,2
约瑟,2
看不出,2
看不出来,2
看得,2
累赘,2
紧接,2
着手,2
紧张,2
索福克,2
精神财富,2
短暂,2
精华,2
石头,2
粮仓,2
码向,2
码布,2
码来,2
码花,2
研究院,2
米兰,2
破坏性,2
破烂,2
相提并论,2
相差,2
组织,2
留待,2
给养,2
结晶,2
略加,2
雇工,2
经商,2
经历,2
病治好,2
终点,2
白白,2
终于,2
皇帝,2
纯收,2
监视,2
盗贼,2
纺又织,2
目前,2
纳入,2
直截了当,2
纱值,2
相互作用,2
相互间,2
相信,2
硬说是,2
确立,2
社会分工,2
第一段,2
称作,2
移到,2
稍微,2
第三种,2
第七章,2
稳定,2
第一页,2
空想,2
空气,2
空话,2
第一句,2
第二段,2
穿插在,2
穿着,2
穿衣,2
突然,2
立刻,2
立法者,2
立足,2
竭力,2
章注,2
称之为,2
第五,2
筑路,2
社会制度,2
算是,2
社会学家,2
祖先,2
神学家,2
简便,2
票据,2
答复,2
福音书,2
种畜,2
积极,2
种种,2
雕塑,2
等一等,2
第说,2
科克,2
第四十九章,2
第十节,2
秘密,2
秘鲁,2
租佃制,2
第五版,2
画家,2
绝不能,2
烦琐,2
烦琐哲学,2
自觉,2
自相矛盾,2
自由支配,2
自然科学,2
自作聪明,2
焰火,2
臣民,2
照明,2
脱粒,2
点上,2
片面,2
能比,2
集体,2
物体,2
露骨,2
物质基础,2
特殊作用,2
特殊性,2
特种,2
至多,2
肥皂,2
添加,2
清晰,2
清闲,2
菲薄,2
获取,2
获利,2
温情,2
莱比锡,2
港口,2
莎士比亚,2
舒适,2
荷马,2
溶合,2
滞销,2
荒唐,2
茅屋,2
演说家,2
演进,2
花完,2
舞蹈,2
犁田,2
男爵,2
编辑出版,2
生育,2
生长,2
罗雪尔,2
罗伯特,2
缺陷,2
用到,2
用劳,2
缩减到,2
缝隙,2
缝制,2
缘故,2
编者,2
生理,2
编排,2
编号,2
田地,2
维护者,2
统治者,2
统帅,2
绝顶聪明,2
绝对量,2
男人,2
绝大部分,2
罪行,2
犯人,2
而增,2
肤浅,2
犹太,2
聪明,2
独占,2
独立化,2
狱吏,2
耶稣,2
耙地,2
猜测,2
而生,2
而工,2
而后,2
环境,2
而加,2
露出,2
现存,2
理想,2
瓦本,2
翻译者,2
翻译,2
生产成本,2
翻地,2
斯特林,2
每码,2
提了,2
提炼,2
摩耳斯沃思,2
逻辑,2
摆阔,2
遁词,2
遏止,2
道德家,2
搬运,2
搅乱,2
遗产,2
提问者,2
避开,2
探讨,2
提供者,2
描述,2
描绘,2
掩盖,2
推迟,2
推论,2
那本,2
推给,2
那笔,2
推来推去,2
推崇,2
接触,2
通行,2
适度,2
送给,2
送回,2
这顶,2
进口,2
进来,2
数学家,2
数学,2
远景,2
连结,2
教导,2
敕令,2
效果,2
政体,2
迪南,2
放荡,2
放心,2
迫切,2
放出去,2
攻击,2
迷信,2
改换,2
改善,2
收获量,2
收款,2
收无酬,2
送到,2
接同,2
排水,2
文学作品,2
阴谋,2
铸成,2
拿破仑,2
拿到,2
招来,2
长度,2
门德尔,2
拉丁字母,2
问道,2
抽象地,2
抽象劳动,2
抵销,2
排斥,2
抵偿,2
阿姆斯特丹,2
阿拉伯数字,2
阿道夫,2
抛弃,2
折合,2
投进,2
附让,2
投机,2
拿走,2
持有,2
银象,2
掌握者,2
都柏林,2
酒商,2
换句话,2
换句,2
捡拾,2
损及,2
采矿工业,2
重点,2
重量,2
挥霍者,2
野兽,2
量论,2
金属货币,2
金币,2
金银器,2
指责,2
针对,2
指明,2
铁换,2
铁时,2
铁路,2
整整,2
零售,2
断定,2
这本,2
文武,2
料以,2
这才,2
其害,1
马格努斯,1
而作,1
而应,1
养马,1
而供,1
养成,1
养尊处优,1
养大,1
而养,1
而决,1
一滴水,1
而喻,1
金即,1
一目了然,1
养鱼,1
具体地说,1
一百亿,1
而定,1
一百年,1
而变,1
一百多年,1
养马用,1
个生,1
兽类,1
马洛,1
老百,1
内起,1
金在,1
内瓦版,1
内核,1
考茨基,1
内才,1
内所能,1
内战,1
雇人,1
内存,1
内多,1
内在联系,1
雇个,1
一派,1
而亚,1
内写,1
内作,1
内以,1
而仅,1
而永,1
量过大,1
而消,1
肉体,1
联合王国,1
除此之外,1
联席会议,1
六章,1
六段,1
这条,1
六十年代,1
六十年,1
肆无忌惮,1
肉价,1
公牛,1
运货,1
肉体上,1
肉类,1
公司,1
公务人员,1
公共财产,1
肉食,1
股票,1
肢体,1
运河,1
量同,1
老爷,1
关押,1
兵器,1
而直,1
而纯,1
而能,1
关键,1
关紧,1
而论,1
关税率,1
关税,1
而闻,1
共产主义者,1
一看,1
马车,1
耗尽,1
耗用,1
共同点,1
共同利益,1
齐心协力,1
一窍,1
世界市场,1
老生常谈,1
老手,1
重税,1
编写者,1
准许,1
编书,1
准备金,1
编写,1
不详,1
准则,1
冷酷无情,1
冷热,1
冷淡,1
况且,1
决议,1
决定性,1
钱袋,1
决于,1
决了,1
钟声,1
钞票,1
一无所知,1
还发,1
缓和,1
绵羊,1
农民战争,1
绳子,1
凭封,1
铁少,1
一提,1
凡尔赛,1
统称,1
几页,1
继承人,1
继续执行,1
几本,1
除掉,1
几小时,1
绳索,1
几千个,1
几分,1
几代,1
一支,1
维修,1
维修费,1
凑合,1
维克多,1
冲淡,1
一时,1
金属片,1
群众,1
置之不理,1
冗长,1
置之不顾,1
置于,1
金比用,1
羊肉,1
再进一步,1
美名,1
美妙,1
美容师,1
群羊,1
金融家,1
一桩,1
金换,1
翻新,1
再有,1
再引,1
还债,1
再假定,1
再假,1
再作,1
写下,1
且慢,1
缩小,1
罗马教皇,1
马人,1
一时间,1
一月,1
缺口,1
缺点,1
一有,1
罗于,1
罗伯尔,1
金银财宝,1
马匹,1
罪恶,1
罗马数字,1
这支,1
罗马法,1
金银币,1
军官,1
军事,1
罢工,1
一条街,1
写信给,1
重重,1
八章,1
世袭,1
花园,1
般地,1
七十,1
良心,1
色彩,1
倦于,1
倡导者,1
艺术作品,1
节省时间,1
花值,1
借助于,1
都城,1
借出去,1
业已,1
雅典,1
借债,1
花边,1
苏格兰,1
苏醒,1
倒闭,1
七章,1
舞鞋,1
舞文弄墨,1
倒把,1
业品,1
酒精厂,1
酒窖,1
业余,1
至今,1
做会,1
做些,1
做买卖,1
过问,1
至高无上,1
偏要,1
值成,1
偏离,1
假象,1
致富之道,1
假誓,1
配药,1
舍弃,1
过错,1
舞会,1
值率,1
值所能,1
苦心,1
倒好,1
做点,1
万法,1
不让,1
保比,1
东方,1
万人能,1
莫斯科,1
过渡,1
万劳,1
万居,1
过得,1
邻近,1
邻国,1
药方,1
营业,1
丝毫不差,1
万码,1
营养液,1
俘虏,1
俗化,1
营养物,1
俄文版,1
邻人,1
营利,1
万人用,1
过滤,1
麻烦,1
倒会,1
苦苦,1
苦行,1
除草,1
英国女王,1
俱乐部,1
英国议会,1
修筑,1
修理费,1
茨冈,1
药剂师,1
茹弗,1
茹弗鲁瓦译,1
万人会,1
万人来,1
信念,1
信守,1
信中,1
自行其是,1
一钱不值,1
凭证,1
克说,1
能为,1
能促,1
兔肉,1
一视同仁,1
运来,1
能动,1
能同,1
采矿业,1
免除,1
能否,1
集团,1
克莱,1
能性,1
能支,1
采制,1
采伐,1
能确,1
克劳德,1
能象,1
一辈子,1
光流,1
入以,1
采纳,1
脉搏,1
里面,1
八十年代,1
八世纪,1
肥缺,1
全额,1
重建,1
鼻祖,1
全面,1
全靠,1
除此以外,1
释中,1
全部内容,1
释为,1
全节,1
全新,1
全家,1
背弃,1
全力,1
胜任,1
胜利,1
胡诌,1
光临,1
自由贸易,1
偿用,1
傲慢,1
迈出,1
酿酒,1
储蓄,1
自加尼耳,1
自动,1
自卫,1
自我,1
偿花,1
偿新加,1
僵化,1
偿地,1
雅各,1
酿蜜,1
自然经济,1
偷懒,1
自然而然,1
自然肥力,1
自然规律,1
酬劳,1
自由职业者,1
僧侣,1
儿女,1
先谈,1
脱不掉,1
先知,1
脑中,1
脑力,1
先得,1
先导,1
先决条件,1
先写,1
脚下,1
业上,1
脱去,1
儿子,1
充斥,1
一遍,1
醉心于,1
脸红,1
腐草施,1
兄弟,1
腔调,1
膜拜,1
臆想,1
凭纱,1
统一性,1
凯尤斯,1
萨伊以,1
间性,1
加尔涅加,1
加尔涅倒,1
加尔涅举,1
随之,1
加它,1
加大,1
闲资,1
答应,1
筹码,1
加利利,1
加利,1
馅饼,1
不谈亚,1
加以解决,1
简单化,1
加于,1
简朴,1
首位,1
闲暇,1
简洁,1
加尔涅对,1
加尔涅应,1
间隙,1
动作,1
第在,1
防卫,1
第页,1
这帮,1
队伍,1
等到,1
加无酬,1
加新加,1
等待,1
加尔涅新,1
等级,1
筋疲力尽,1
筑堤,1
加尼耳回,1
阔绰,1
加尼耳同,1
加尼耳先,1
筑物,1
加尔涅说,1
办理,1
这三,1
门加尔涅新,1
篮筐,1
簸扬,1
一书于,1
簿记,1
专供,1
剧作家,1
一人,1
类比,1
粉饰,1
问世,1
粗体,1
前进,1
门写,1
前辈,1
粗制滥造,1
粗率,1
前往,1
粗略地,1
前夕,1
管筒,1
一世,1
算过,1
简短,1
办事处,1
简称,1
一丝一毫,1
简言之,1
算上,1
算入,1
算到,1
问得,1
一个个,1
一个支,1
管理者,1
这一价,1
剪毛,1
剪指甲,1
剩余物,1
剩余时间,1
管理人员,1
问号,1
动占,1
动同,1
动听,1
不道德,1
化和人,1
附庸,1
第一节,1
匈牙利,1
不通,1
匈牙,1
这家,1
附与本,1
第一部,1
饭馆,1
第一项,1
化在,1
勾掉,1
第七,1
勤恳,1
阿鲁,1
不配,1
第三次,1
第三点,1
这决,1
第三等级,1
附有,1
化学,1
勋爵,1
陈腐,1
章中,1
不足以,1
章节,1
限定,1
医师,1
端到,1
陈词,1
陈代,1
附笔,1
第一件,1
陆军军官,1
北明翰,1
第一位,1
化肥,1
化学工厂,1
陆军,1
化学家,1
不远,1
动家,1
不顾,1
劲儿,1
第十七章,1
助手,1
助产婆,1
第十三,1
第十三章,1
阿列克,1
不靠,1
动脉,1
第十九章,1
第十五卷,1
阻止,1
这儿,1
动来,1
第四点,1
第四种,1
第四节,1
与其说,1
动才,1
动手,1
劳动价值论,1
阿贝丁,1
勇敢,1
第九节,1
第二件,1
势必,1
劳苦,1
劳者,1
第二位,1
第二十一章,1
第二十六,1
第八章,1
第二本,1
阿谀,1
饶舌,1
不长,1
这关,1
第五个,1
劳动成果,1
第五卷,1
不需,1
前后,1
前半部,1
门中来,1
终究,1
织成,1
分给,1
分类法,1
银要,1
终止,1
分泌物,1
一天天,1
分毫,1
分歧,1
一夫多妻制,1
终身,1
细致,1
经典,1
一完,1
银比,1
分数,1
分散,1
分摊,1
分担,1
经受,1
分得,1
银是,1
细节,1
分货,1
雇来,1
刑法典,1
一大,1
专横,1
列奥,1
纺工,1
列举,1
纺纱厂,1
纺麻,1
纽带,1
刑讯,1
纽约,1
刑具,1
刑事,1
一大批,1
线索,1
一大步,1
切地,1
切人,1
专讲,1
分院,1
分已,1
银和用,1
专家,1
专门性,1
铁轨,1
给国,1
出土,1
铁路运输,1
给工,1
出名,1
出口国,1
出口商品,1
一座,1
一开,1
绝大多数,1
给人以,1
一律,1
专靠,1
马丁,1
出则,1
绝无,1
出产,1
一手,1
绞尽脑汁,1
绞死,1
凯蒂,1
铁转,1
绘画,1
分同,1
还少,1
经济范畴,1
经济部,1
分则,1
经纪人,1
经营方式,1
分人,1
分享者,1
经费,1
经验主义,1
结了婚,1
结婚,1
结成,1
击半是,1
出非,1
出身,1
出路,1
出超,1
出色,1
一小,1
结语,1
出生,1
纺和织,1
纺出,1
前写,1
别说,1
精通,1
糊口,1
制作,1
糕点店,1
糟糕,1
系列,1
到时候,1
到底,1
系统地,1
紊乱,1
索拉诺,1
一出,1
别家,1
别处,1
一分,1
一分钱,1
长期存在,1
专利权,1
紧紧,1
利钱,1
利贷者,1
利贷,1
精细,1
制服,1
长处,1
一体,1
前人,1
粗鲁,1
一伙,1
门中,1
削弱,1
粪肥,1
刽子,1
刻苦,1
制鞋业,1
长篇,1
精于,1
精制,1
长诗,1
精力,1
首创精神,1
一共,1
精巧,1
精打细算,1
制止,1
累蒂所,1
刚一,1
纱和值,1
还应,1
删去,1
初量,1
一国要,1
初版,1
纯银,1
初夜权,1
专制政体,1
纱厂,1
一场,1
纱和织,1
香水,1
创办,1
这所,1
纳威,1
纳尔,1
刚刚开始,1
刚刚,1
一处,1
删改,1
销账,1
纠正,1
错综复杂,1
约斯,1
利润额,1
一副,1
随之而来,1
约束,1
随便,1
利润分配,1
香料,1
利欲熏心,1
约等于,1
纯地,1
一卷,1
一原,1
利害,1
销路,1
利乌斯,1
一名,1
判明,1
纪曾,1
判官,1
萧条,1
邮局,1
丝毫无损,1
较贵,1
不可避免,1
负责,1
二项式,1
贡物,1
财主,1
二者之间,1
财产法,1
二篇,1
二版,1
二流,1
二次方,1
二律背反,1
财产目录,1
隶一,1
二十年代,1
责备,1
严厉,1
二十一,1
账本,1
二元论,1
二倍,1
账目,1
辛劳,1
不可知论,1
于加尔,1
象纱,1
井井,1
五部,1
五条,1
五卷,1
五十,1
五个,1
象用,1
互相联系,1
互相制约,1
互相促进,1
象萨,1
迫害,1
迷失,1
豪华,1
贝尔纳,1
辞典,1
于活,1
负数,1
于德尔,1
于商,1
事时,1
货币制度,1
买不到,1
购买力,1
这正,1
购置,1
鲁伊治,1
买空卖空,1
购进,1
买布,1
贮存,1
买不卖,1
连靠,1
障碍,1
贱卖,1
书里,1
书记,1
不多,1
书本,1
贵于,1
连重,1
书名,1
贵体,1
书于,1
不固,1
不和睦,1
事实证明,1
不能自己,1
货运,1
质上,1
事后,1
事务所,1
事务,1
质是,1
事以,1
事人,1
不合情理,1
严寒,1
争论点,1
不合逻辑,1
贩卖,1
争取,1
争先恐后,1
予以,1
黎版,1
迪奇,1
贫苦,1
象施,1
象征,1
亚当斯,1
读到,1
人口减少,1
不先,1
辱骂,1
人去,1
人先,1
人体,1
请求,1
诸侯,1
人付,1
人人,1
人口稠密,1
辩护词,1
亵渎,1
亲骨肉,1
亲身,1
送交给,1
亲爱,1
亲手,1
调整,1
谄媚者,1
人口总数,1
不偏不倚,1
追究,1
不使它,1
不致于,1
详细分析,1
人生,1
详解,1
诬陷,1
黑色,1
语言,1
人格,1
人有,1
说话,1
误写,1
诱惑,1
说一说,1
不依,1
说加,1
人大,1
说得对,1
人因,1
说漏,1
人同,1
谈一谈,1
谈不到,1
象体,1
魁奈医,1
交通,1
交还,1
谢天谢地,1
交织,1
交纳,1
辨认,1
迷惑,1
不发,1
魁奈一,1
交往,1
交出,1
交付,1
谷种,1
不受,1
隶主,1
亚里,1
黑奴,1
象亚,1
亨利四世,1
谈起,1
谈商,1
产银,1
追查,1
这次,1
产而,1
谈得上,1
谈生,1
谈论,1
产某,1
迷误,1
产来,1
产性,1
产品数量,1
产品成本,1
谈过,1
不加思索,1
不动,1
谈魁奈,1
产以,1
不包,1
贵而,1
书上,1
不大,1
路线,1
路德教,1
丰美,1
路易十四,1
较长,1
丰富,1
不然的话,1
丰产,1
路标,1
中间人,1
中采,1
不灵巧,1
中遇,1
中途,1
中谈,1
跺脚,1
中要,1
中节,1
中肯,1
身一,1
中留作,1
串连,1
路加福音,1
身会,1
为己,1
不明智,1
为科,1
趋向,1
为用,1
不止,1
距离,1
距离远,1
为数不多,1
跟着,1
为书,1
为基,1
为土,1
为同,1
跟随,1
为债,1
进展,1
为例,1
鸟儿,1
这正象,1
中留,1
身体健康,1
为花,1
轻信,1
这番话,1
中向,1
中同,1
中叶,1
中去,1
中加,1
轴心,1
这能,1
中养,1
中作,1
轻浮,1
软化,1
轻而易举,1
中产,1
这类,1
中为,1
陷入困境,1
不算,1
中不经,1
中不愿,1
较慢,1
不算数,1
软管,1
中多,1
中猛长,1
转写,1
进去,1
身兼,1
中未,1
中有象,1
身成,1
中曾,1
身所,1
中早,1
车皮,1
进他,1
中文,1
中如,1
中收进,1
这比,1
这要,1
不留,1
转过,1
转述,1
轮换,1
中少用,1
中将,1
不直,1
超越,1
进差,1
贵重,1
不带,1
鲁瓦译,1
之谜,1
之谈,1
之类,1
连续,1
之母,1
隐约,1
之女,1
不尽,1
辎重,1
资本有机,1
乍看,1
资格,1
麦克库,1
之别,1
资的,1
资财,1
资那,1
赊给,1
辉格党,1
赋予,1
义者,1
乍一看,1
连牛,1
贸易顺差,1
贵金,1
不好,1
贷给,1
习俗,1
连贯,1
严重,1
贸易规模,1
不如说,1
连续不断,1
鲁士,1
不存,1
资中,1
费在,1
费点,1
不安,1
不定,1
乐观主义,1
乐家,1
费额,1
乐品,1
不容许,1
赌徒,1
不归,1
为购,1
赶不上,1
走过,1
走进,1
主可,1
主只,1
主再,1
主使,1
主体,1
陷于,1
主从,1
辅助,1
主所,1
赶去,1
不成,1
主两人,1
起草,1
个别人,1
为麻,1
为重,1
为通,1
起过,1
不断扩大,1
走入,1
主教,1
义下,1
进铁,1
连商,1
个人利益,1
远大,1
赐给,1
赖于,1
不快,1
久而久之,1
赚取,1
举过,1
赛米尔,1
举例说明,1
走上,1
举例来说,1
赞赏,1
不感,1
主顾,1
赞颂,1
赠送,1
主编,1
主管部门,1
主祷文,1
主相,1
该页,1
该章,1
人要,1
骚会,1
低等,1
低得,1
表者,1
表较,1
表达出来,1
遭受,1
但萨伊,1
但纳,1
但用,1
但德,1
低级,1
衰弱,1
难以解决,1
似重,1
似的,1
被俘,1
被管理者,1
被解,1
裁判,1
装傻,1
低等生物,1
低能,1
装进,1
体格,1
三项,1
雄蜂,1
补录,1
何新加,1
何必,1
鼓吹,1
表中,1
表了,1
体现者,1
表内,1
体所,1
低额,1
表在,1
表新加,1
体上,1
表是,1
不见得,1
住满,1
表演艺术家,1
上一年,1
表示感激,1
上一阶段,1
伦理学,1
装配成,1
余地,1
伊所描,1
遗漏,1
优势,1
西蒙德,1
难以置信,1
要不是,1
伐木者,1
两句话,1
要付,1
要同,1
西班牙,1
要塞,1
要够,1
要少,1
要担,1
要点,1
上受,1
要用,1
要知,1
仿佛,1
上同,1
西班牙人,1
遭到,1
传记,1
上分,1
传统,1
上不受,1
传播者,1
传播,1
传宗接代,1
上于,1
传动,1
传下来,1
上人,1
西斯,1
会诊,1
会流,1
会有,1
会多,1
会增,1
裱糊工人,1
西北部,1
会卖,1
西埃说,1
衣衫,1
余孽,1
任法,1
侍臣们,1
依以,1
蕃殖,1
过后,1
薪俸,1
供应商,1
薪金,1
供国,1
虔诚,1
三倍,1
侍者,1
蓄毛,1
三册,1
那就是说,1
那句,1
例都,1
例证,1
虚幻,1
两书,1
驻地,1
例外情况,1
依年利,1
虚线,1
陪审,1
促成,1
萨伊用,1
便用,1
落价,1
丝织品,1
丝绸,1
便会少,1
落得,1
这条线,1
侵夺,1
蒸汽,1
过失,1
侵占,1
葡萄,1
两三倍,1
侦探,1
葡萄酒,1
蒂德,1
蒙昧,1
那应,1
依赖,1
虚构,1
侈品,1
余数,1
作帆,1
那份,1
佣人,1
三段,1
三点,1
行即,1
三版,1
陪臣,1
作曲,1
行市,1
作巢,1
三年,1
行得,1
陶醉,1
街上,1
作一,1
不觉,1
余波,1
两倍,1
三节,1
行会,1
血液,1
使自,1
使工,1
使维,1
使社,1
使用者,1
过半,1
虚饰,1
骇人听闻,1
不进,1
使有,1
使德,1
蛋糕,1
蜂房,1
佩勒,1
使商,1
使命,1
使劳,1
使价,1
蠢驴,1
三十多年,1
那位,1
使亚,1
骑士,1
要记,1
人身,1
从德,1
从诺,1
论是,1
从流,1
从此以后,1
从此,1
通用,1
论积,1
论莱,1
从施,1
逗乐,1
从工,1
论对,1
论重,1
从头开始,1
从后,1
从古,1
从卡耳,1
从劳,1
论题,1
从制,1
从供,1
从何而来,1
下大,1
从魁奈,1
下应,1
逝世,1
许是,1
他来,1
隶属于,1
他支,1
他持,1
他手,1
他应,1
他国,1
下则,1
他发,1
他关,1
论奈,1
达德,1
高地,1
论及,1
他事,1
他书,1
他主,1
高尚,1
下同,1
论坛报,1
下多,1
从亚,1
讽刺作品,1
两极,1
亿再,1
亿流,1
词是,1
亿来,1
选择,1
试图用,1
逃跑,1
试问,1
亿和流,1
诗歌,1
鼎鼎大名,1
不上,1
诈骗,1
话作,1
亿产,1
不久,1
诡计,1
诡辩,1
逃往,1
该是,1
默认,1
达兰,1
不行,1
词上,1
亿转,1
讽刺作家,1
仇视,1
讽刺画,1
仍旧,1
逐日,1
今日,1
选自纳威,1
下级,1
下跌,1
选种,1
设法,1
诈取,1
设立,1
证人,1
证据,1
评了,1
选用,1
评定,1
评论家,1
高等,1
什一税,1
评语,1
许多年,1
他种,1
任命,1
上流,1
觉得,1
两大,1
以至,1
以能,1
以肉,1
上新加,1
解决困难,1
以物,1
遍于,1
两大类,1
以极,1
以货,1
两天,1
解放出来,1
以本,1
解救,1
解说,1
这桩,1
不衰,1
言论,1
不见,1
以资,1
迁就,1
见鬼,1
上学,1
要领,1
高于一切,1
见勃多,1
见库,1
价物,1
见本卷,1
道理,1
价格低,1
价格上涨,1
两国,1
上市,1
难以,1
规章,1
视为,1
视同,1
价为,1
高兴,1
道德感,1
视野,1
仰给,1
造福,1
以同,1
他称,1
下一代,1
上风,1
代理人,1
记载,1
代到,1
鼓励,1
代之以,1
讲得,1
讲清楚,1
讲课,1
付清,1
付利,1
讲里,1
下一阶段,1
付兑,1
讲魁奈,1
许可,1
他造,1
下会,1
他象,1
下列,1
他认,1
记住,1
誓约,1
造业,1
高利率,1
以内,1
以供,1
以使,1
以体,1
以价,1
造机,1
造新,1
譬如,1
以下几点,1
十九,1
认在,1
认真,1
认识论,1
令即,1
令人满意,1
讨好,1
令人信服,1
令人不安,1
令人,1
让出,1
不过如此,1
投到,1
竟肯,1
本用,1
布所,1
有产者,1
布上,1
有兴,1
市郊,1
市场价,1
有功,1
有劳,1
有少,1
币时,1
有工,1
有待于,1
有恶,1
有意思,1
巴结,1
巴德,1
有所改善,1
已算,1
有把握,1
有教益,1
已同,1
已到,1
已创,1
已先,1
有标,1
己能,1
己举,1
布景,1
有丝,1
布道,1
帕特里克,1
常见,1
常有,1
曾要,1
替人,1
替代,1
帮忙,1
面临,1
最合适,1
最守,1
最少,1
最巧,1
最快,1
有三大,1
帕奥,1
希腊文,1
希腊字母,1
希腊,1
最新,1
希尔,1
最流,1
最生,1
最细,1
布鲁塞,1
月末,1
靠近,1
有没有,1
有活,1
差异,1
末了,1
未受损伤,1
工业原料,1
预期,1
未必,1
巡逻,1
崇高,1
崇拜者,1
崇拜,1
未曾,1
未来,1
屡试不爽,1
屠杀,1
屠宰,1
木材厂,1
靠手,1
属希律,1
预见到,1
本为,1
展开,1
本同,1
本多,1
屋顶,1
居民消费,1
本年,1
居住者,1
本文,1
未免,1
预定,1
有物,1
有钱人,1
有益,1
有着,1
巨额,1
巨著,1
有积,1
左右,1
工钱,1
工资额,1
有重,1
有量,1
工艺制品,1
工等,1
木偶戏,1
工程,1
有闲,1
工时,1
靠纯,1
服务者,1
服穿,1
工农业,1
服者,1
服装,1
期刊,1
工作日内,1
期限,1
曾任,1
曾以,1
曼底,1
应用化学,1
废弃,1
昆虫,1
昆虫学家,1
昌明,1
店里,1
店员,1
店主,1
底层,1
易起,1
应由,1
春蚕,1
时贵,1
昧着良心,1
是斯图,1
是资,1
应多大,1
是非,1
应为,1
库里,1
显出,1
显微镜,1
库存现金,1
显示,1
旺盛,1
废话连篇,1
序列,1
旧债,1
日数,1
开垦,1
日益增长,1
开化,1
开动,1
开出,1
日罗姆,1
建造,1
建设,1
建筑用,1
日臻完善,1
建筑工人,1
旧币,1
时说,1
旨在,1
延缓,1
面各点,1
时买,1
时代精神,1
庸人,1
时所能,1
时热,1
时用,1
度时,1
时能,1
显露,1
更鲜,1
更何况,1
年代,1
年产量,1
年产,1
平衡器,1
暴发户,1
平淡无味,1
平时,1
暴露,1
平均水平,1
面使,1
更严,1
更奇,1
年利,1
平均价,1
更是,1
平在,1
平分,1
更确,1
干预,1
更能,1
更贵,1
更重,1
更长,1
干完,1
更高,1
年巴,1
并不相同,1
幼年时期,1
普卜,1
普及,1
并非如此,1
并非,1
并进,1
并行,1
并未,1
并存,1
并列,1
颁布,1
景况,1
晴雨表,1
年布,1
年间,1
年终,1
年柏,1
年来顿,1
年春,1
智慧,1
年收,1
年手,1
年息,1
屁事,1
局限于,1
开工,1
棉纺织厂,1
榨取,1
模糊地,1
审讯,1
横线,1
审判,1
次年,1
领土,1
次数,1
欣慰,1
欧文,1
实证,1
歌唱,1
实有,1
实施,1
实在性,1
歌手,1
实习,1
正因,1
正方形,1
宪法,1
棉纺厂,1
宫殿,1
格奥尔,1
富足,1
标记,1
富是,1
树枝,1
富商,1
样由,1
密所,1
核心,1
密切相关,1
密切,1
格奈,1
寄生虫,1
棉纺业,1
宽裕,1
宽慰,1
容许,1
格拉,1
容克,1
格措夫,1
格是,1
格里,1
框子,1
桌上,1
家们,1
梳头,1
实上,1
正相反,1
正确性,1
它表,1
段落,1
安得鲁,1
安得列,1
安定,1
安乐,1
安东,1
守财奴,1
守纪律,1
守旧,1
每一项,1
每下,1
它象,1
它生,1
安罗雅,1
它成,1
它原,1
它值,1
每月,1
领袖,1
宁肯,1
毒害,1
比一,1
孵化,1
孱弱,1
比上,1
安抚,1
安路克,1
正确理解,1
宗法,1
定线,1
定用,1
定理,1
定比,1
正种,1
正统,1
定为,1
官方,1
步伐,1
步调一致,1
武器,1
宗教改革,1
残酷,1
歧途,1
死亡,1
完歌,1
死敌,1
死期,1
完全符合,1
完全相同,1
完全必要,1
完全同意,1
领地,1
完事,1
寸步难行,1
领取,1
对不起,1
尔版,1
尤斯,1
条线,1
非有不可,1
来付,1
尚待,1
来代,1
来供,1
来出,1
尔西,1
来到,1
尔涅说,1
就产,1
尔格,1
尔博士,1
尔兰,1
尔丹,1
来发,1
来得及,1
来支,1
少算,1
少消,1
来服,1
少数几个,1
少些,1
材料价格,1
就付,1
来花,1
杀人犯,1
尽量少,1
尽快,1
机体,1
尼弗,1
机和,1
非难,1
机所,1
机由,1
杂乱无章,1
就代,1
杂志,1
就此,1
就构,1
杂记,1
权人,1
预购,1
就序,1
权势,1
就别,1
就值,1
就会贵,1
权威,1
来理,1
来解,1
领去,1
某种原因,1
寿命,1
导言,1
果是,1
架桥,1
对非,1
对量,1
对资,1
某位,1
某日,1
对立面,1
某派,1
某种意义,1
果亚,1
染料,1
对无酬,1
染色,1
查明,1
查清,1
对同,1
对加,1
对农,1
对付,1
对人,1
对产,1
封建主,1
来证,1
小丑,1
小酒馆,1
非常明显,1
来购,1
领主,1
小循,1
杰科布,1
极了,1
小农,1
小偷,1
小伙子,1
小企业,1
极坏,1
极少数人,1
林版,1
极度,1
尊严,1
将近,1
将要,1
极快,1
极有,1
极点,1
极限,1
极高,1
非常容易,1
封建时代,1
林业,1
开导,1
日出,1
学费,1
恩赐,1
项发明,1
我以,1
捍卫,1
成靠,1
成长,1
成色,1
成群结队,1
成纱,1
成立,1
损了,1
成正比,1
成是,1
成文,1
成效,1
换个,1
换出,1
成型,1
换回,1
据估计,1
授予,1
顺从,1
戏院,1
懒散,1
排字,1
懂音,1
我会,1
捉摸,1
我家,1
或管,1
战船,1
战时,1
按市,1
战场,1
战俘,1
按期,1
鞋匠,1
按魁奈,1
挑选,1
或论,1
挣得,1
或社,1
或用,1
或牲,1
挣脱,1
或授,1
挤满,1
或工,1
或大或小,1
或劳,1
或农,1
挨饿,1
戒律,1
挪威,1
懂亚,1
慢地,1
搬运工,1
想方设法,1
想想看,1
想想,1
想得,1
想一想,1
搀杂,1
惊讶,1
惊叹,1
搞乱,1
悲惨,1
插图,1
悲剧,1
携手,1
恼火,1
摆弄,1
恰是,1
恰恰相反,1
摇摆,1
摘引,1
摘自,1
恰受,1
插话,1
提议,1
接第,1
描写,1
接连,1
感谢,1
推断,1
感到痛心,1
推测,1
愚昧,1
推行,1
推销,1
掩盖着,1
掩饰,1
意即,1
提示,1
愈高,1
愈长,1
愈贵,1
愈贱,1
愈能,1
愈细,1
愈来愈少,1
提交,1
提前,1
提升,1
提及,1
愈多愈,1
截然不同,1
按天,1
按其性,1
拉犁,1
抽回,1
抽掉,1
执政,1
担值,1
扣留,1
担当,1
担当起来,1
担心,1
担风险,1
托斯卡纳,1
拉伊,1
扔掉,1
拉美特利,1
打胜,1
拉西,1
打破,1
打猎,1
打死,1
打扫,1
打官司,1
打到,1
拉长,1
打乱,1
打上,1
抽取,1
扶犁,1
拒绝,1
技术学校,1
投身于,1
把材,1
把握,1
把布,1
把工,1
把产,1
韦南,1
抉择,1
抄袭,1
抄来,1
批准,1
承租人,1
报到,1
承兑,1
报纸,1
找出,1
抱定,1
批语,1
抱怨,1
抵押借款,1
抹杀,1
拍卖,1
拘守于,1
鞭打,1
所创,1
指在,1
指对,1
所持,1
指导,1
指总收,1
所得税,1
指戴韦,1
所引,1
指数,1
所在地,1
指整,1
所包,1
所写,1
指同,1
所具,1
所关,1
指示,1
指能,1
顶多,1
所付,1
所买,1
指萨伊,1
所下,1
顶替,1
房租,1
指魁奈,1
所有人,1
指勃多,1
拘泥于,1
拿纱来,1
拙劣,1
音乐会,1
手艺人,1
拜托,1
手术,1
手执,1
手工劳动,1
拥护,1
拨给,1
拮据,1
手头,1
手下,1
所重,1
指加尼耳,1
所过,1
拿量,1
所读,1
持续,1
所要,1
所花,1
挂名,1
所管,1
所留,1
指一国,1
所消,1
音译,1
摩擦,1
摩耳,1
日俱增,1
恩惠,1
新奇,1
当马,1
当铺,1
新建,1
当月,1
新教,1
新版,1
当收进,1
当掉,1
当归,1
当娱,1
当前,1
新资,1
新陈代谢,1
当事,1
当上,1
当一,1
施托尔,1
施肥,1
施舍,1
施马尔,1
归根结蒂,1
归来,1
归成,1
归属,1
归宿点,1
归因于,1
新劳,1
形上,1
顽强,1
往下读,1
斧头,1
征税,1
征服,1
往返,1
往日,1
斯哥,1
往年,1
往回,1
斯图亚,1
往前,1
往产银,1
斯坦,1
面对,1
彼此之间,1
斯托,1
斯沃思,1
彼得堡,1
彼得,1
斯蒙,1
新价,1
影子,1
新债,1
新兴,1
新出,1
无产,1
归于,1
引人注,1
引自沙尔,1
引自托,1
引自德,1
无神论者,1
引得,1
无穷,1
引出去,1
无耻,1
引入歧途,1
引伸出,1
无聊,1
引人注意,1
无能,1
无法解释,1
弓箭,1
无视,1
弊端,1
弄错,1
无论谁,1
无谓,1
无须,1
异种,1
既不为,1
开销,1
开矿,1
引自该,1
引路,1
无人,1
无意识,1
无以,1
无利可图,1
无力,1
强盛,1
无助于,1
无可,1
无可争议,1
无可争辩,1
无可奈何,1
无害,1
无影无踪,1
无意,1
弱小,1
无权,1
无拘无束,1
弥补,1
张表,1
张罗,1
弗雷德里克,1
弗路,1
弗朗西斯科,1
弗拉,1
弗兰西斯,1
无数次,1
无机物,1
料到,1
料上,1
文艺,1
思用,1
总以为,1
总人口,1
收款人,1
收税人,1
怪人,1
收进,1
性格,1
性所,1
改动,1
急速,1
思索,1
改正,1
收敛,1
改用,1
改组,1
怜惜,1
改造,1
改革,1
改革方案,1
放任,1
放射出,1
怀着,1
忽略,1
念头,1
念为,1
总价,1
收支相抵,1
快慢,1
恐怖,1
摸摸,1
撤销,1
总过,1
擅长,1
操作,1
操心,1
总结,1
总管,1
支柱,1
收支,1
总的来说,1
总有,1
支流,1
收不回,1
革命性,1
收到,1
收割,1
总基,1
收取,1
总合,1
总原,1
总劳,1
快得多,1
文版,1
整数,1
数来决,1
循环论,1
循环不断,1
数码,1
得象,1
得者,1
整套,1
得愈,1
得当,1
得奖,1
得太少,1
得堡,1
整部,1
数来,1
文化,1
文库,1
须用,1
徒然,1
文新,1
徒劳地,1
文本,1
很难,1
很长,1
很远,1
很能,1
徭役,1
微笑,1
快乐,1
敌视,1
政权,1
忘掉,1
忘不了,1
政治学,1
忍受,1
顺手,1
效率,1
效能,1
敌人,1
敌对,1
敌对态度,1
数最多,1
必将,1
教义,1
教条,1
心目,1
心愿,1
教育会,1
敞开,1
散播,1
敬意,1
数同,1
比产,1
非同寻常,1
竟用,1
直接证明,1
留归,1
合并,1
合在,1
畜棚,1
畜牧,1
合乎情理,1
畜生,1
畜群,1
略为,1
各需,1
各雇,1
各阶,1
各邦,1
各要,1
各组,1
各类,1
略高于,1
各站,1
疏忽,1
风琴,1
各用,1
疲倦,1
各派,1
各样,1
各方,1
留作,1
吉伦特,1
吉本,1
由资,1
由社,1
同流,1
同比,1
由纱,1
同本,1
由织,1
风力,1
由该,1
同收,1
同提,1
由谁来,1
同年,1
由非,1
同加,1
同前,1
同制,1
同刚,1
同其,1
同假,1
申述,1
同之处,1
同为,1
男子,1
画出,1
风暴,1
各式各样,1
疾呼,1
各地,1
盛行,1
可惜,1
可怜,1
皮靴,1
可图,1
盈余,1
盐类,1
可取,1
可加,1
可分解,1
监狱,1
盘算着,1
目光,1
可消,1
只须,1
只造,1
只达,1
目标,1
只谈,1
目的地,1
只花,1
只能靠,1
目瞪口呆,1
盲目崇拜,1
直接参与,1
只支,1
皮革,1
司法人员,1
各向,1
各个领域,1
各个部门,1
各个环节,1
病体,1
病孩,1
吃饭,1
痛斥,1
吃光,1
吃亏,1
瘟疫,1
叹赏,1
可耕,1
史诗,1
史家,1
史学,1
史前,1
白白地,1
白给,1
白银,1
百万,1
可言,1
百倍,1
百分,1
风行,1
由生,1
由此而来,1
同织,1
命令,1
瓦本译,1
呼吸,1
呻吟,1
瓦解,1
霍尔巴赫,1
生产基金,1
霍尔,1
生前,1
告诫,1
额要,1
生命力,1
告慰,1
告密者,1
生已,1
吹嘘,1
生怕,1
生意,1
生殖,1
霍在,1
启蒙,1
听钟,1
生火,1
瓜分,1
琢磨,1
生物,1
理发师,1
现和用,1
现实性,1
哥特,1
现实情况,1
玷污,1
玻璃,1
玻璃匠,1
品而,1
品给,1
品来,1
品是,1
品所,1
品同,1
理智,1
品即,1
理性,1
品加,1
品全,1
品上,1
额花,1
哀求,1
哀叹,1
和生,1
和物,1
理想化,1
和平,1
听者,1
听听,1
同胞,1
名副其实,1
用次,1
用法,1
后会,1
用萨伊,1
用该,1
名词,1
用金,1
用铁,1
震动,1
名士,1
名和姓,1
由下,1
用属,1
由不受,1
由交,1
同非,1
同铁,1
由产,1
由其子,1
同酒,1
由同,1
同资,1
同该,1
由商,1
同花,1
后继者,1
用尽,1
听任,1
用具,1
听之任之,1
生理学家,1
含有,1
含新加,1
含意,1
含义,1
生锈,1
用不上,1
用不着,1
吠叫,1
用产,1
吝啬,1
用字,1
君主立宪制,1
君主立宪,1
君主国,1
用同,1
向货,1
向来,1
向工,1
向制,1
用后,1
吐丝,1
用坏,1
后遗,1
只想,1
只好,1
哪种,1
直率,1
即资,1
即货,1
即论,1
即认,1
即表,1
即萨伊,1
即纱,1
即种,1
即活,1
即求,1
即地,1
即土,1
即商,1
科学院,1
即取,1
即加,1
即利,1
即兴诗,1
即作,1
即不以,1
租出去,1
租是,1
危机,1
租种,1
租税,1
积攒,1
即超,1
种菜,1
即非,1
历届,1
神秘性,1
神职,1
神论,1
神论者,1
原则上,1
神话,1
原作,1
禁令,1
禁止,1
压力,1
禁止性,1
历史文献,1
即麻,1
离得,1
离题,1
厂高,1
厂贵,1
厂用,1
种同,1
卷集,1
卷发,1
饥饿,1
却说,1
却表,1
种纯,1
印花,1
印度,1
印制,1
半页,1
穆勒先生,1
单用,1
空前,1
空缺,1
单一,1
空谈家,1
空间,1
卑贱,1
协调,1
空隙,1
半是,1
单调,1
立不谈,1
半失业,1
立化,1
立宪,1
立足之地,1
千真万确,1
竞争者,1
竞相,1
竟成,1
十六卷,1
竟是,1
竟然,1
单行本,1
单靠,1
占上风,1
卧儿,1
卡耳,1
积极参与,1
积累率,1
卡尔斯,1
占领,1
占用,1
称谓,1
称颂,1
占为己有,1
移进,1
稀有性,1
南塞,1
卖酒,1
程师,1
卖回,1
卖到,1
税收制度,1
卖产,1
卖书,1
卖东西,1
卖不掉,1
神秘化,1
原本,1
受到破坏,1
睁开眼睛,1
睡眠,1
督促,1
督察,1
瞎吹,1
瞬间,1
受雇,1
受惠者,1
受审,1
受压迫,1
知识分子,1
眼界,1
短处,1
受人尊,1
短时,1
短时间,1
取种,1
取息,1
取得胜利,1
石匠,1
石场,1
石块,1
石材,1
变懒,1
眼光,1
古罗马,1
只值,1
只供,1
只作,1
只代,1
雷沃,1
另行,1
另眼看待,1
另方,1
雷姆赛,1
另一边,1
相对数,1
相当可观,1
古玩,1
眼中,1
古旧,1
相距,1
古代人,1
看一看,1
看毕,1
真姓,1
变革,1
变量,1
变迁,1
真是太,1
真理,1
取决,1
矿主,1
神甫,1
参阅,1
确信,1
反之,1
确认,1
双膝,1
碰壁,1
磅值,1
双周刊,1
双倍,1
零星,1
又称,1
又当别论,1
参议员,1
砸毁,1
参考,1
社会存在,1
参加者,1
社会工作,1
社会形态,1
社会活动,1
厩肥,1
投放,1
神学,1
原谅,1
原系,1
神殿,1
硬币,1
破碎,1
发酵,1
发展缓慢,1
矿肥,1
码为,1
码以,1
码余,1
码减,1
发泄,1
码所,1
码数,1
码用,1
发工资,1
发展趋势,1
码由,1
反应,1
发家,1
发动机,1
发动,1
发了,1
码要,1
研究所,1
研究者,1
反民主,1
反比例,1
破坏,1
破布,1
现代文明,1
玩笑,1
学究气,1
混合,1
天下,1
活时,1
大麦,1
活生生,1
大门,1
活着,1
活路,1
大部,1
非农业,1
派对,1
大致,1
派时,1
大胆,1
派用,1
流亡者,1
大笔,1
大法官,1
大气压力,1
大气,1
流到,1
大敌,1
流向,1
流汗,1
流行,1
大宗,1
大学教授,1
流进来,1
天主,1
天国,1
天天,1
洛维奇,1
泰安,1
头昏,1
头去,1
失败,1
泽斯,1
失掉,1
洗濯,1
失之过,1
洗衣女工,1
失业,1
天性,1
太远,1
太近,1
太平,1
太少,1
洛赫,1
太大,1
洞察力,1
天赋,1
津贴,1
洪水期,1
天气,1
活动量,1
非农,1
大多,1
大声疾呼,1
外交家,1
消费主义,1
消费性,1
多久,1
颜料,1
涌现,1
润来,1
外表,1
外科,1
外壳,1
外国货,1
外国人,1
外加,1
涨价,1
消受,1
复述,1
复辟,1
涨落,1
淀粉厂,1
淫欲,1
深刻印象,1
处女地,1
深奥,1
混为,1
声明,1
声响,1
多些,1
多值,1
大堆,1
够不够,1
测力计,1
大吃大喝,1
浪漫主义,1
大农场,1
大公,1
大体上,1
浮现,1
大人,1
题目,1
够买,1
海军,1
多半会,1
多蠢,1
海船,1
多样化,1
海运业,1
多收,1
多懒,1
多德,1
多得很,1
海陆军,1
浸种,1
多年,1
多卷,1
夸张,1
夹杂,1
妓院,1
始终如一,1
始终不变,1
水手,1
始祖,1
始人,1
水池,1
姊妹,1
水泥,1
水流,1
永存,1
江船,1
妄自尊大,1
妄为,1
如雅,1
如钟,1
如象,1
如艺,1
如纱,1
如碗,1
如用,1
如照,1
始终认为,1
委员会,1
汲取,1
毛皮,1
比向,1
比如,1
学新,1
学对,1
比必,1
学士,1
学到,1
比现,1
比罗德,1
学上,1
比较发达,1
毕丰,1
气氛,1
字里,1
字母表,1
毫不,1
字样,1
孔狄亚,1
毫不费力,1
娱乐场所,1
娱乐品,1
威武,1
民政,1
威尔士,1
民族利益,1
污秽,1
沉痛,1
夹杂着,1
奠定,1
女佣人,1
女仆,1
法定,1
奥诺莱,1
法寻卖,1
奥德赛,1
法庭,1
奥多尔,1
奥古斯特,1
法权,1
法老,1
法论,1
法译,1
女是,1
奏到,1
奉承,1
泛泛,1
泥土,1
奇迹,1
泥瓦匠,1
奇怪的是,1
注出,1
夺得,1
夺去,1
女子,1
女王,1
沙列,1
河里,1
如数,1
如帆,1
如小,1
如女,1
如前所说,1
如制帆,1
非去,1
如亚,1
如书,1
没落,1
如上,1
沦为,1
法子,1
油炸,1
治好病,1
好多年,1
好坏,1
奴隶劳动,1
奴隶制度,1
沿用,1
沿着,1
法令,1
法制,1
混杂,1
围猎,1
静脉,1
牢固,1
园丁,1
额外,1
物上,1
额大,1
物中,1
物同,1
物是,1
物理学,1
物给,1
物而,1
回家,1
物质性,1
特大,1
回产,1
特小,1
特德,1
四页,1
四者,1
特权,1
四百年,1
四次,1
四分之三,1
四分之一,1
围绕,1
片面性,1
片段,1
额同,1
然可,1
靛蓝,1
图则,1
照例,1
照加尼耳,1
照录,1
照管,1
照纳,1
国有,1
煮肉,1
燕麦,1
国家机器,1
国外市场,1
片断,1
爱丁,1
国境,1
国土,1
国商,1
爱好者,1
国内外,1
爱尔,1
爱德华,1
爱惜,1
固着,1
固然会,1
父亲,1
四五十只,1
犍牛,1
器来,1
率较,1
商主,1
商业部门,1
猎物,1
商业活动,1
率地,1
唱的歌,1
唱歌,1
唯理论,1
唯独,1
唯有,1
唯恐,1
率高,1
王储,1
售卖,1
唤起,1
王室,1
玛丽,1
玩弄,1
额来,1
器时,1
器所费,1
器官,1
犯了罪,1
嘲弄地,1
犯罪者,1
嗜好,1
嗅觉,1
喝完,1
狂喜,1
独身生活,1
喜剧,1
喊道,1
善恶,1
善于,1
狄德罗,1
啊哈,1
狡猾,1
商限品,1
独创性,1
独有,1
独立自主,1
独身,1
然会,1
图用,1
图表,1
块状,1
埃和理,1
滥调,1
埃利,1
垄断性,1
垄断价格,1
演奏,1
坦率地,1
坦率,1
坠入,1
演讲,1
坚实基础,1
滥用,1
坐在,1
坎南,1
均化,1
场所,1
漠不关心,1
潜能,1
场上,1
激怒,1
地靠,1
地里,1
埃夫,1
埃巨,1
地进,1
堆积起来,1
增量,1
混蛋,1
增强,1
清扫,1
增加收入,1
颜色,1
清除,1
境况,1
填补,1
渔业,1
堡版,1
堂兄弟,1
埃所,1
温暖,1
港湾,1
游手好闲,1
基本规律,1
游说,1
溶化,1
滑稽,1
基于,1
滚回,1
城市居民,1
埃说,1
地通,1
地过,1
然不比,1
在世界上,1
在编,1
在经济上,1
在织,1
在此之后,1
在此之前,1
在手,1
在我看来,1
烧掉,1
在实践上,1
烧酒,1
热尔,1
在业,1
额中,1
额上,1
热心,1
圣彼得堡,1
土质,1
热情,1
热爱劳动,1
土地税,1
土地改良,1
焦虑,1
额以,1
囿于,1
烤面包,1
地谈,1
灾祸,1
激烈,1
地要,1
濒于,1
地算出,1
灌输,1
地确,1
地看,1
地盘,1
火炉,1
灵光,1
地消,1
地流,1
地权,1
烙印,1
地有,1
炎热,1
炭所,1
地得,1
地干,1
地少,1
地基,1
点中,1
地作,1
点种,1
地会,1
烂掉,1
