价值,3222
资本,2287
生产,2131
地租,2056
价格,1818
产品,1772
商品,1664
劳动,1566
土地,1402
李嘉图,1250
这种,1239
利润,1194
如果,1135
情况,1020
这个,987
工资,960
因为,905
但是,817
市场,798
工人,790
一个,732
因此,725
提高,691
费用,689
这里,684
不是,677
利润率,668
提供,659
剩余价值,656
等于,649
部分,628
增加,622
那末,610
农业,599
由于,595
使用,568
就是,567
可能,565
没有,558
我们,556
自己,553
机器,552
理论,550
这些,537
它们,530
这样,528
假定,521
不同,509
不变资本,478
先令,470
作为,458
斯密,448
决定,445
可以,438
一部分,417
他们,400
支付,397
一种,387
存在,383
自然,380
或者,376
减少,370
现在,369
变动,368
任何,367
其他,366
一样,364
降低,363
构成,363
比例,361
绝对,358
只是,356
资本家,356
领域,342
花费,335
必须,335
谷物,330
货币,329
不变,329
因而,329
形式,324
以前,322
一般,322
出卖,318
所以,313
全部,313
加入,312
问题,311
需求,308
下降,307
发生,306
时间,305
本身,302
工业,298
不能,293
所有者,292
之间,291
出来,291
相对,290
消费,290
只有,287
包含,286
完全,282
已经,280
得到,280
条件,278
部门,271
来说,270
原料,269
同样,261
按照,261
劳动量,261
而是,260
一切,254
可变资本,253
关于,252
虽然,250
图斯,249
贝尔,249
需要,248
影响,240
夸特,236
积累,236
马克思,235
为了,233
租地,232
而且,232
比较,231
或者说,230
过程,228
能够,228
超过,225
农场主,225
表现,221
一点,220
国家,219
资本主义,219
不会,219
对于,218
进行,216
差别,216
同一,210
一定,210
错误,209
生产率,209
取决于,207
发展,207
社会,206
收入,205
危机,205
增长,204
说明,204
直接,201
等级,199
还是,199
观点,198
级差地租,198
实际,195
相反,195
个别,194
便士,193
产生,192
并且,191
等等,188
转化,187
耕种,187
用于,186
程度,186
补偿,184
先生,183
例如,183
再生产,183
考察,182
计算,182
人口,180
高于,179
必然,178
什么,178
肥沃,178
农产品,177
所有,176
平均价格,175
前提,175
余额,174
认为,173
场合,173
数量,171
关系,170
生产过剩,170
正确,168
规律,167
追加,167
竞争,165
结果,165
著作,162
英国,161
引起,161
同时,161
总是,161
小麦,156
平均,156
随着,155
所有权,155
固定资本,154
实际上,153
时候,152
两种,151
起来,150
研究,149
那样,145
小时,145
每吨,145
第十,144
根据,144
相同,143
以及,142
相比,140
东西,140
棉花,139
投入,139
要素,139
最后,138
劳动生产率,137
剩余价值率,137
差额,136
仅仅,136
食物,136
一些,136
不仅,134
具有,133
地方,132
出现,131
既定,131
这一,131
支出,131
工作日,129
必要,128
只要,128
不断,126
即使,126
就是说,126
原因,125
分配,125
那些,124
改良,124
看到,123
购买,123
甚至,121
普通,121
低于,120
两个,120
肥力,120
仍然,118
交换,117
保持,117
特殊,117
指出,117
供给,116
生活资料,116
平均利润,116
只能,116
剩余,116
通过,115
伦敦,115
意义,113
这是,113
创造,113
人数,113
证明,110
整个,110
财富,109
原来,108
水平,108
耕地,107
是因为,107
上涨,106
资产阶级,106
那里,106
剩余劳动,105
也就是说,104
工厂,104
可是,104
形成,103
阶级,103
从而,103
代表,101
马尔萨斯,101
无酬,101
不过,100
造成,100
单位,100
工业品,100
方面,100
预付资本,99
首先,99
规定,98
用来,98
第二,96
论点,96
上述,96
份额,95
基础,94
说法,94
成为,93
例子,93
相等,92
必需,92
足够,92
生产者,92
解释,92
满足,91
安德森,91
包括,91
材料,91
时期,91
看来,91
矛盾,90
开始,90
应该,90
得出,89
其中,89
总额,89
第一,89
前面,88
扩大,88
调节,88
降到,87
根本,86
各种,86
投资,86
理解,85
棉纱,85
较大,84
预付,84
政治经济学,83
主要,83
为什么,83
应当,82
发现,82
交换价值,82
才能,82
获得,82
雇用,81
在于,81
煤矿,81
利益,81
编者注,81
支配,80
棉布,80
变化,80
除了,80
因素,80
作用,80
生产力,79
尽管,79
批判,78
实现,78
经济,78
富饶,77
本册,77
始终,76
第二种,76
既然,76
进入,76
属于,75
盈利,75
剩余产品,75
谈到,75
多少,75
是否,75
物品,75
巴顿,74
生产方式,74
经济学家,74
提出,74
涨价,73
不管,73
以后,72
原理,72
彼此,72
当然,71
现象,71
另一方面,71
一年,71
流通,70
方法,70
业者,69
继续,69
消失,69
决不,69
以致,69
等量,68
相应,68
流动资本,68
等同,68
及其,68
高度,68
所说,67
结论,67
占有,67
推动,67
正是,67
必需品,67
某种,67
大于,67
区别,67
一定量,67
同量,67
阶段,67
大量,67
变成,66
采用,66
商品价格,66
基金,66
最初,65
一起,65
不论,65
承认,65
重要,65
可能性,65
蒲式耳,65
组成部分,64
手稿,64
那个,64
插入,64
利息,64
方式,64
过去,64
平均化,64
亚当,63
改变,63
第一种,63
其次,63
比如说,63
科学,63
所谓,62
知道,62
联系,62
总量,62
怎样,62
普遍,61
不同于,61
那种,61
有机,61
以下,60
困难,60
历史,60
特别,60
这部分,59
超额利润,59
取得,59
人们,59
之后,58
出发,58
矿山,58
看法,58
一笔,57
看作,57
一吨,57
是从,57
生活,57
某些,56
经常,56
维持,56
地说,56
许多,56
性质,56
各个,55
换句话说,55
可见,55
简单,55
如此,55
以外,55
最坏,54
由此,54
分析,53
的话,53
报酬,53
剩下,53
正如,53
后来,53
有时,52
增大,52
固定,52
推移,52
有利,52
下面,51
唯一,51
目的,51
一半,51
一致,51
贫瘠,51
几乎,51
论述,50
很大,50
原有,50
引用,50
每年,50
对立,50
还有,50
纯收入,50
进一步,50
当作,49
这笔,48
绝对量,48
达到,48
一章,48
荒谬,48
后面,48
加以,48
一方面,47
本来,47
过剩,47
要求,47
至少,47
吨数,47
恩格斯,47
必定,46
越来越,46
耗费,45
开采,45
城市,45
内在,45
正常,45
相互,45
实物,45
归结为,45
种植,44
总价值,44
趋势,44
纺纱,44
批驳,44
便宜,44
消费者,44
大小,44
反对,44
衣服,43
扣除,43
评论,43
萨伊,43
确定,43
吸收,43
价格上涨,43
撇开,43
制造,42
上面,42
后者,42
明显,42
地主,42
行业,42
适用,42
混淆,42
还要,42
每个,42
事实,41
如果说,41
不再,41
非常,41
较坏,41
经营,41
补充,41
位置,41
见解,41
接着,41
分离,41
本质,40
工人阶级,40
全集,40
游离,40
如下,40
如何,40
独立,40
可变,40
至于,40
约翰,40
运动,40
劳动者,40
现有,40
从事,40
殖民地,40
种子,40
必要劳动,40
分解,40
究竟,39
产品价格,39
看成,39
木材,39
表示,39
这时,39
第一个,39
代替,39
组成,38
序列,38
能力,38
规模,38
不得不,38
工作,38
合计,38
否认,37
地区,37
发达,37
损耗,37
于是,37
恰好,37
以上,37
美国,37
真正,37
丝毫,36
国内,36
利用,36
得出结论,36
学说,36
限制,36
之一,36
第八,36
此外,36
别的,36
找到,36
注意,36
非农业,35
付给,35
对外贸易,35
资本积累,35
资本有机,35
就要,35
尺度,35
转移,35
通常,35
状况,35
确切,35
显然,35
之外,34
抽出,34
分工,34
带来,34
第二个,34
恰恰,34
节约,34
单个,34
商品量,33
万镑,33
足以,33
考虑,33
限度,33
互相,33
一类,33
地段,33
结尾,33
企业主,33
抵销,33
下述,33
辅助材料,33
中有,33
资料,32
食品,32
织布,32
后果,32
农村,32
然而,32
无非,32
相当,32
解雇,32
出发点,32
最低,32
有关,31
无论,31
无限,31
重新,31
然后,31
辩护,31
容易,31
两者,30
更加,30
个人,30
新加,30
嘉图,30
耐久,30
三个,30
无论如何,30
工具,30
暂时,30
农民,30
反驳,30
纯粹,30
跌价,30
抽象,30
清楚,29
确实,29
例证,29
用作,29
来看,29
大大,29
界限,29
赋税,29
也许,29
加上,29
形态,29
同一个,29
非生产,29
否定,28
这样一来,28
下来,28
前者,28
面积,28
概念,28
下跌,28
另外,28
煤炭,28
建筑物,28
不可,28
无关,28
大部分,28
最好,28
加工,28
总收入,28
价格下降,28
状态,28
两倍,28
工业部门,28
价值量,27
更大,27
的确,27
所得,27
穆勒,27
之所以,27
手段,27
提到,27
种植业,27
立即,27
源泉,27
亚麻,26
生产资料,26
破坏,26
平衡,26
庸俗,26
各自,26
牲畜,26
活动,26
来自,26
怎么,26
级差,26
自由,26
经过,26
决不能,26
有酬,26
范围,26
超额,26
较少,26
润率,25
十八世纪,25
涉及,25
排挤,25
地位,25
经济学,25
凡是,25
排除,25
第一章,25
羊毛,25
看出,25
第三,25
统一,25
出版,25
论断,25
质量,25
似乎,25
制造业者,25
有些,25
发明,25
理由,25
接近,24
一下,24
否则,24
建立,24
小于,24
身上,24
忘记,24
充斥,24
意思,24
之前,24
国民,24
物化劳动,24
将会,24
迅速,24
只不过,24
回到,24
投在,24
罗雪尔,24
数额,24
思想,24
一般说来,24
资本论,24
手里,24
相适应,23
消费品,23
耕作,23
厂主,23
由此可见,23
劳动所,23
商业,23
人类,23
迫使,23
意见,23
十分,23
贸易,23
威廉,23
往往,23
分为,23
那时,23
论证,23
表明,23
就象,23
主义,23
文明,23
巴黎,23
拥有,23
原则,23
政治,22
这就是说,22
变得,22
却是,22
这句,22
不足,22
一部,22
买者,22
写道,22
产量,22
难道,22
李嘉,22
强制,22
称为,22
注释,22
除非,22
总之,22
大多数,22
表面,22
帽子,22
确立,22
不利,22
进步,22
自然肥力,22
原始,22
学家,21
以便,21
修昔,21
一磅,21
爱丁堡,21
阐明,21
观念,21
剥削,21
妨碍,21
毫无,21
提法,21
当时,21
生存,21
不谈,21
办法,21
仍旧,21
名义,21
垄断价格,21
依据,21
开头,21
详细,21
一旦,21
霍普金斯,21
农学,21
活劳动,21
经历,21
表中,21
好处,21
农场,21
这段话,21
底斯,20
一次,20
詹姆斯,20
万人,20
完成,20
采石场,20
为止,20
个人消费,20
一段话,20
别人,20
本书,20
遇到,20
直到,20
相对来说,20
第一年,20
英亩,20
受到,20
无关紧要,20
第九,20
好象,20
事情,20
统治,20
第二年,20
照旧,20
织布厂,20
工业家,20
事实上,20
推翻,20
毫无关系,20
决不会,19
长度,19
矿井,19
撇开不谈,19
单单,19
逐渐,19
变为,19
物质,19
明确,19
少量,19
阐述,19
企业,19
停止,19
代价,19
单纯,19
偶然,19
缩小,19
过多,19
参与,19
其实,19
制度,19
例外,19
瀑布,19
棉织厂,19
放弃,19
中文版,18
价值规律,18
地上,18
一节,18
发挥,18
曾经,18
一等,18
进口,18
中间,18
一句,18
所用,18
信用,18
术语,18
大不相同,18
比率,18
在内,18
期间,18
说来,18
结合,18
不必,18
职能,18
愿意,18
成反比,18
呢绒,18
实行,18
现实,18
麦克,18
牺牲,17
一倍,17
符合,17
专门,17
垄断,17
有人,17
内容,17
最高,17
本人,17
顺便,17
解决,17
运到,17
现代,17
每一,17
技术,17
库洛赫,17
中说,17
一段,17
正好,17
到处,17
时所,17
设想,17
人口论,17
高低,17
接受,17
斯图亚特,17
引文,17
物化,17
延长,17
上去,17
内部,17
一天,17
这块,16
第六章,16
叙述,16
体系,16
抵抗,16
损失,16
基本,16
据说,16
很快,16
老地,16
大规模,16
实质,16
突然,16
牧场,16
数目,16
开来,16
付出,16
特点,16
三种,16
阻碍,16
法律,16
混乱,16
麻布,16
法国,16
表述,16
无法,16
商人,16
有限,16
重大,16
充分,16
总共,16
积蓄,15
英国人,15
除外,15
肥料,15
叫做,15
十个,15
中所,15
服务,15
上升,15
面包,15
雇佣工人,15
放在,15
反过来,15
断言,15
最大,15
一块,15
降价,15
有者,15
权利,15
贝利,15
贫困,15
参加,15
想象,15
不用,15
加在一起,15
取消,15
动量,15
家畜,15
市场价,15
开垦,15
采取,15
见本,15
产业,15
偏离,14
假设,14
有效,14
离开,14
加工工业,14
借以,14
机构,14
咖啡,14
保证,14
之下,14
标题,14
对比,14
范畴,14
归入,14
纺成,14
制造厂,14
感到,14
鞋子,14
或多或少,14
这部,14
德国,14
很少,14
持久,14
况下,14
一级,14
歉收,14
养活,14
收成,14
威斯特,14
化为,14
回事,14
了解,14
比方说,14
波动,14
第七章,14
多么,14
不够,14
处于,14
商品生产,14
雇佣劳动,14
回过头来,14
事先,14
人口过剩,14
不论是,14
盈利率,14
居民,14
世界,14
多得多,14
布坎南,14
作出,14
分别,13
数字,13
织机,13
改善,13
牧师,13
发生变化,13
农业工人,13
力量,13
事物,13
卖出,13
植物性,13
几段,13
劳动资料,13
执行,13
适应,13
大得多,13
限于,13
意大利,13
卖者,13
森林,13
那么,13
总的说来,13
改进,13
标准,13
导致,13
不到,13
双重,13
贵族,13
低廉,13
劳动对象,13
俄国,13
第三种,13
希望,13
第十一章,13
波美拉,13
繁殖,13
较长,13
苏格兰,13
新地,13
流动,13
上半叶,13
力求,12
国民经济,12
利息率,12
租金,12
家具,12
等价物,12
单独,12
人工,12
畜牧业,12
肯定,12
尼亚,12
项目,12
局部,12
应用,12
平均水平,12
享乐,12
中是,12
大陆,12
人民,12
实际工资,12
供求,12
供求关系,12
价值尺度,12
任何人,12
斗争,12
昂贵,12
奇怪,12
纺纱厂,12
做到,12
殖民者,12
假如,12
有用,12
毛织厂,12
从中,12
欧洲,12
减低,12
分摊,12
缺乏,12
颠倒,12
宝石,12
分成,12
增减,12
革命,12
结构,12
第本,12
大大增加,12
特性,12
财产,12
一国,12
饲养,12
速度,12
还会,12
西斯蒙,12
课税,12
资本化,12
表达,12
合理,12
自然力,12
附录,12
间接,12
谬论,12
世界市场,12
回答,12
一词,12
黄金,11
时刻,11
奢侈品,11
留下,11
促使,11
区分,11
住宅,11
昆西,11
中介,11
论据,11
某个,11
公正,11
销路,11
产品数量,11
比如,11
贵金属,11
极端,11
出口,11
这同,11
吞并,11
产率,11
凯里,11
各页,11
外国,11
维护,11
大家,11
转到,11
不了,11
发挥作用,11
预先,11
货币贬值,11
现实性,11
人为,11
身分,11
歪曲,11
供应,11
周转,11
金属,11
只会,11
殖民,11
贬值,11
完全正确,11
人物,11
衡量,11
卖掉,11
某一,11
哪里,11
石料,11
懂得,11
反复,11
下半叶,11
永远,11
传统,11
定义,11
平均工资,11
效率,11
平均数,11
毫无疑问,11
总会,11
十九世纪,11
一时期,11
收回,11
选择,11
汇票,11
手工,11
之上,11
看起来,11
尽可能,11
结束,10
从来不,10
类似,10
资金,10
饲料,10
物物,10
棉纺织,10
只值,10
重复,10
赋予,10
拉平,10
舒适,10
高昂,10
拿来,10
实业,10
大大降低,10
一份,10
成品,10
增加一倍,10
节省,10
尤其,10
遭到,10
所谈,10
权力,10
停滞,10
制造业,10
越高,10
意味着,10
缓慢,10
保存,10
什么样,10
第一次,10
原始森林,10
工场,10
围绕,10
恢复,10
落到,10
两笔,10
刺激,10
依照,10
前后矛盾,10
依然,10
所作,10
立刻,10
第四章,10
增殖,10
大概,10
成立,10
休谟,10
肉类,10
勤劳,10
引证,10
就业,10
大卫,10
交付,10
小量,10
运用,10
输入,10
哲学,10
附加,10
企图,10
试图,10
种类,10
相当于,10
其余,10
开发,10
场主,10
它同,10
多于,10
租佃,10
决定性,10
相一致,10
老板,10
职业,10
弥补,10
中心,10
缩短,10
自身,10
年末,10
作者,10
值率,9
会同,9
由此而来,9
定购,9
银行家,9
年内,9
房屋,9
索引,9
蒸汽机,9
所课,9
出去,9
第一卷,9
磨损,9
越低,9
摧毁,9
面粉,9
越是,9
内在联系,9
特权,9
情形,9
看看,9
而用,9
道路,9
不去,9
第三册,9
第三个,9
托马斯,9
来谈,9
更好,9
农产,9
繁荣,9
手中,9
规约,9
对抗,9
学派,9
所起,9
私人,9
国外,9
不断扩大,9
民族,9
私有权,9
要花费,9
一台,9
产物,9
正文,9
无须,9
轧棉,9
求助于,9
不如说,9
预定,9
常常,9
多余,9
增多,9
反映,9
现成,9
有权,9
固有,9
除此以外,9
统治阶级,9
少得,9
无疑,9
一批,9
以来,9
稳定,9
准确,9
债务,9
次要,9
参看,9
阻止,9
原先,9
对象,9
卖得,9
愿望,9
不言而喻,9
以为,9
完全相同,9
得不到,9
不要,9
日益,9
十年,9
群众,9
前后,9
腰包,9
早先,9
织工,9
一直,9
年份,9
任务,9
交给,9
论题,9
容许,9
很多,9
营业,9
余下,9
效果,8
坚持,8
古典,8
有害,8
有利可图,8
具备,8
实在,8
除以,8
最终,8
起源,8
生产关系,8
生产工具,8
具体,8
第五章,8
超出,8
萨斯,8
起初,8
适于,8
克菲尔德,8
方向,8
基尔,8
麦田,8
这方面,8
进来,8
决于,8
全都,8
转入,8
二者,8
不错,8
完全一致,8
目录,8
丝绸,8
目前,8
拥护,8
奴隶,8
拿出,8
行会,8
不象,8
奴隶制,8
无产阶级,8
地面,8
地皮,8
第二章,8
障碍,8
定于,8
少数,8
说出,8
手工业,8
达尔文,8
储备,8
追求,8
第三卷,8
共同,8
用途,8
趋于,8
允许,8
整体,8
一贯,8
公有,8
公司,8
买到,8
工资水平,8
已有,8
人手,8
相对而言,8
时代,8
竞争者,8
两年,8
不用说,8
随之,8
建造,8
每当,8
深刻,8
商品交换,8
建筑,8
唐森,8
特有,8
诚然,8
工业生产,8
总数,8
利率,8
比例失调,8
霍吉斯,8
利润总额,8
丰富,8
之中,8
而已,8
之内,8
天然,8
幻想,8
就行了,8
极其,8
极大,8
缺点,8
主和,8
工人工资,8
配第,8
样子,8
主张,8
当前,8
家禽,8
依赖于,8
货币地租,8
固然,8
统计,8
责备,8
当事人,8
榨取,8
制铁,8
强迫,8
促进,8
欲望,8
中世纪,8
缩减,8
下才,8
缺少,8
天真,8
容量,8
籽粒,8
长期,8
高额,8
动机,8
优越,8
想到,8
本版,8
能否,8
闲置,8
希曼,8
说成,8
之差,8
资本额,8
流入,8
两章,8
海运业,8
他会,8
想要,8
优势,8
博览会,8
算作,8
中等,8
同伙,7
潜在,7
摩尔根,7
功绩,7
好比,7
好些,7
马匹,7
你们,7
幅度,7
负数,7
政府,7
半数,7
推论,7
过度,7
交易,7
大程度,7
收获,7
以吨,7
有着,7
进去,7
当年,7
主人,7
多大,7
劳动工具,7
百分比,7
使得,7
差不多,7
破产,7
不说,7
括号,7
稀少,7
二等,7
被迫,7
圈围,7
主在,7
再假定,7
关心,7
消除,7
只须,7
排斥,7
相符,7
均等,7
这么,7
较长时间,7
表上,7
毕竟,7
消灭,7
业中,7
并非,7
外部,7
气候,7
诚实,7
引进,7
多一倍,7
动物,7
街头,7
不付,7
土壤,7
一般地说,7
加到,7
开辟,7
哈利,7
揭示,7
叫作,7
交错,7
公共,7
公式,7
几种,7
采掘,7
家庭,7
适合,7
可怜,7
第二类,7
地是,7
恶化,7
越大,7
紧接着,7
荒地,7
总表,7
第二册,7
合适,7
寻找,7
和利,7
南特,7
第三版,7
英格兰,7
来源于,7
托尔希,7
保留,7
极为,7
第一节,7
荷兰,7
博物馆,7
分享,7
实体,7
失业,7
十倍,7
不由,7
资的,7
袜子,7
有所,7
本国,7
战争,7
创始人,7
房租,7
第四,7
第十章,7
所举,7
适当,7
所付,7
上述情况,7
第十三章,7
名称,7
最次,7
逻辑,7
第一篇,7
上来,7
交易品,7
早已,7
论者,7
片面,7
必定会,7
向前,7
地产,7
便利,7
组合,7
样多,7
纽曼,7
马铃薯,7
必要条件,7
各不相同,7
蒸汽,7
依靠,7
个别生产,7
技艺,7
下表,7
果园,7
立场,7
很小,7
明白,7
出产,7
克思,7
查理,6
教会,6
着手,6
议论,6
真实,6
高到,6
下列,6
柯贝特,6
货币流通,6
失去,6
法寻,6
从来,6
现有人口,6
未来,6
猜测,6
有所增加,6
封建,6
有待,6
无论是,6
活动场所,6
有利于,6
派生,6
巨大,6
天鹅绒,6
价格低廉,6
不利条件,6
马上,6
充裕,6
住房,6
同上,6
用吨,6
相对说来,6
特定,6
显得,6
不能不,6
负担,6
令人,6
集中,6
较富,6
任意,6
产者,6
正象,6
封信,6
保护关税,6
充当,6
贫农,6
令人满意,6
反之,6
大大提高,6
始终不变,6
不仅仅,6
周期,6
妇女,6
雇主,6
却会,6
资产,6
杂志,6
暴露,6
谈不上,6
他用,6
各级,6
夸大,6
资上,6
商品流通,6
享有,6
反动,6
描绘,6
法郎,6
税收,6
精确,6
持有,6
粮食,6
几个,6
想法,6
抛弃,6
判断,6
抛开,6
引出,6
另一半,6
刚才,6
管理,6
投机,6
持续,6
指责,6
场上,6
中断,6
地使,6
这台,6
农具,6
同所,6
中为,6
家仆,6
卖不出去,6
茅舍,6
恰当,6
一篇,6
卑鄙,6
年伦,6
恰好相反,6
投下,6
富裕,6
为例,6
而成,6
第四节,6
序言,6
一栏,6
劳动报酬,6
追随,6
而同,6
适宜,6
算术,6
分册,6
第三节,6
著名,6
第九章,6
所得者,6
第五节,6
所指,6
广大,6
打算,6
陷入,6
宗主国,6
成功,6
同类,6
成比,6
一段时间,6
对待,6
笨拙,6
图克,6
逐年,6
一方,6
中要,6
一日,6
并行,6
美妙,6
等于零,6
自然界,6
可笑,6
葡萄酒,6
农业部门,6
中叶,6
富人,6
努力,6
再现,6
若干,6
再次,6
卖价,6
福斯特,6
福利,6
推广,6
地为,6
只受,6
一页,6
中才,6
驳倒,6
归结,6
世纪,6
提安,6
帮助,6
个工,6
运输业,6
确认,6
运输,6
即无酬,6
就够,6
彻底,6
重农主义,6
十分之一,6
随后,6
再生,6
描写,6
制帽,6
饿死,6
巴斯,6
种种,6
至多,6
这件,6
科贝特,6
制成,6
值得,5
举例来说,5
有利条件,5
经济范畴,5
剽窃者,5
分开,5
大大减少,5
分散,5
极小,5
量减少,5
酬劳,5
尚待,5
各章,5
不如,5
古代人,5
发明家,5
举例,5
段话,5
有所提高,5
前辈,5
划分,5
采伐,5
需品,5
剽窃,5
戴韦,5
生产费,5
重要性,5
第八章,5
作物,5
每次,5
所引,5
随意,5
最少,5
去年,5
假象,5
瓜分,5
彼此之间,5
在资,5
采矿工业,5
金银,5
物价,5
纱锭,5
贫民,5
贫穷,5
第十七章,5
第十二章,5
在实践上,5
发表,5
引言,5
本家,5
本应,5
一书,5
名义工资,5
歧途,5
仓库,5
为此,5
价格水平,5
札记,5
便是,5
狩猎,5
维特,5
必要性,5
尚未,5
修改,5
邻近,5
制造机,5
罗伯特,5
精神,5
那部,5
品中,5
自相矛盾,5
博物,5
客观条件,5
所能,5
两类,5
必然性,5
柏林,5
实践,5
首要,5
成正比,5
开支,5
从前,5
列举,5
段时间,5
麻织,5
论战,5
微不足道,5
环节,5
环境,5
过来,5
渔业,5
递减,5
领取,5
篇幅,5
途径,5
本中,5
绰绰有余,5
弄清楚,5
严重,5
缺陷,5
归原,5
译本,5
所有制,5
生理学,5
印度,5
要是,5
上例,5
不适,5
却说,5
按较,5
危险,5
挤出,5
租约,5
告诉,5
这后,5
三者,5
换句话,5
换得,5
它会,5
嗜好,5
移至,5
虚假,5
年终,5
济学,5
空想,5
流通领域,5
年间,5
几年,5
几何级数,5
这要,5
见卡,5
转变,5
转过,5
全体,5
这段,5
享受,5
盎斯,5
减去,5
减价,5
准备,5
斯特林,5
据为己有,5
较次,5
短工,5
再也,5
脚注,5
磨面,5
敌对,5
劳动力,5
插话,5
摊到,5
政论家,5
写作,5
兼有,5
媒介,5
播种,5
国富论,5
布雷,5
布莱克,5
攫取,5
法案,5
社会主义,5
敦版,5
真理,5
国外市场,5
语言,5
活劳,5
西奥,5
一身,5
业主,5
输出,5
三笔,5
五个,5
同义,5
变小,5
措施,5
不顾,5
鼓励,5
劳动部门,5
绝大多数,5
第一版,5
是不是,5
因而是,5
集团,5
一步,5
半成品,5
蒲鲁东,5
而言,5
奖励,5
跟着,5
尽量,5
时数,5
时才,5
国内贸易,5
压低,5
宗教,5
书简,5
压力,5
第三类,5
第三者,5
仆人,5
封面,5
该书,5
生活必需品,5
解决问题,5
第二十六章,5
第二卷,5
反而,5
不算,5
远远,5
面前,5
进程,5
日益增长,5
奥普戴克,5
早期,5
额外,5
抓住,5
留给,5
略论,5
优厚,5
历史性,5
蕴藏,5
抛向,5
尽量少,5
对此,4
说道,4
多样性,4
加倍,4
力图,4
金额,4
帮工,4
使商,4
当地,4
单是,4
每有,4
多数,4
象洛,4
副产品,4
谈谈,4
法是,4
并不矛盾,4
植物,4
每笔,4
残酷无情,4
卖出去,4
概括,4
每磅,4
体现,4
铁路,4
顺序,4
一下子,4
干活,4
银行,4
段落,4
错误观点,4
诺特,4
毫不,4
异常,4
办不到,4
门徒,4
正在,4
干预,4
动物性,4
作日,4
毫不考虑,4
金属矿,4
平均价,4
作家,4
毛皮,4
位于,4
不但,4
金融,4
干脆,4
广泛,4
每人,4
干草,4
加速,4
针对,4
一件,4
对洛,4
永恒,4
化学,4
强调,4
强烈,4
小册子,4
欺骗,4
品量,4
庸俗化,4
过活,4
棉花价格,4
无用,4
迪肯,4
连续,4
批评,4
命运,4
先于,4
时说,4
连同,4
违反,4
出于,4
历史学家,4
奥维狄,4
无需,4
车马,4
扣留,4
趋向,4
普遍提高,4
更高,4
和工,4
停留,4
出租,4
越小,4
手工业者,4
奇怪的是,4
奇特,4
是工,4
打击,4
显露出来,4
显示,4
是非,4
抵补,4
所知,4
转瞬即逝,4
学者,4
描述,4
十八,4
共计,4
还原,4
教士,4
威德,4
兴趣,4
其他人,4
政策,4
少于,4
运来,4
过渡,4
收益,4
共同之处,4
巧妙,4
农村居民,4
无产者,4
全是,4
旗帜,4
好汉,4
按量,4
一系列,4
方便,4
全额,4
三等,4
公众,4
较贫,4
较贵,4
阿伯思,4
再说,4
断定,4
接替,4
做法,4
做出,4
遁辞,4
极少数,4
忽视,4
极低,4
极为重要,4
阶层,4
合法,4
来源,4
家伙,4
思路,4
信徒,4
村落,4
总产,4
避免,4
博士,4
总资,4
遏止,4
保护,4
忽略,4
快得多,4
前进,4
货币资本,4
大米,4
大约,4
大纲,4
剥夺,4
购买者,4
前景,4
快些,4
依赖,4
树木,4
贯穿,4
郎卡郡,4
制止,4
资产者,4
所必,4
情愿,4
成果,4
占优势,4
分给,4
有所不同,4
或许,4
有余,4
有价证券,4
值量,4
所值,4
高得,4
最近,4
最早,4
合算,4
偏见,4
起着,4
上衣,4
列入,4
成就,4
成分,4
本卷,4
修正,4
和资,4
本领,4
意图,4
资本周转,4
一开,4
太多,4
和谐,4
通俗,4
感觉,4
同意,4
期内,4
借用,4
借贷,4
就是指,4
理所当然,4
矿产品,4
短时间,4
之流,4
以此,4
中来,4
粮价,4
食利者,4
人时,4
不让,4
评价,4
丧失,4
美洲,4
百分率,4
图书馆,4
展出,4
计算方法,4
计算错误,4
相互交换,4
相互之间,4
证据,4
织造,4
直截了当,4
两节,4
发达国家,4
不致,4
消费量,4
致富,4
地下,4
地被,4
英寸,4
回过,4
不止,4
第五,4
计划,4
爱德华,4
见注,4
买进,4
古代,4
为生,4
索取,4
移民,4
也好,4
变贵,4
主用,4
纺织业,4
潜在地,4
买来,4
不幸,4
行动,4
生产性,4
而定,4
第三十二章,4
缝纫,4
灾难,4
葡萄,4
任何理由,4
另一方,4
渴望,4
将来,4
自然物,4
行为,4
第三章,4
竭力,4
至今,4
价格表,4
莫斯科,4
价格比,4
只用,4
组织,4
缘故,4
第二十一章,4
纳萨涅尔,4
第一类,4
就会,4
结算,4
不然的话,4
误解,4
王国,4
难于,4
变革,4
菲尔德,4
衣着,4
照洛,4
脱离,4
什一税,4
第一部,4
算术级数,4
于种,4
觉察到,4
立法,4
经济作物,4
熟练,4
不成比例,4
中归,4
复制,4
空气,4
各点,4
产业资本,4
看待,4
第一册,4
四个,4
装饰,4
简便,4
结婚,4
世纪末,4
两人,4
乘以,4
发财,4
第十五章,4
然是,4
各种各样,4
流通手段,4
书目,4
国王,4
相加,4
十七世纪,4
哪怕,4
场所,4
绝大部分,4
浪费,4
各笔,4
现已,4
麻纺,4
在工,4
只以,4
相信,4
臆造,4
举出,4
自从,4
复杂,4
私有,4
取决,4
休耳曼,4
不同之处,4
之类,4
随同,4
器具,4
乌斯,4
交叉,3
用不着,3
更多地,3
雇佣,3
制约,3
分制,3
纺机,3
所包,3
表面现象,3
最先,3
制品,3
表现形式,3
上用,3
暗指,3
更新,3
那样的话,3
表里,3
孤立,3
不管怎样,3
交往,3
塞进来,3
运河,3
一处,3
生产能力,3
那段,3
生长,3
第六节,3
今天,3
定居,3
塞进,3
英文,3
解体,3
主观,3
确信,3
贬低,3
介于,3
有高有低,3
同较,3
主就,3
落入,3
失业工人,3
现为,3
商品资本,3
得以,3
主就会,3
认识,3
第二笔,3
容器,3
从亚,3
赤贫,3
有限性,3
第二点,3
服从,3
出较,3
未必,3
亚版,3
借助于,3
小得多,3
赐予,3
期限,3
期满,3
借此,3
很长,3
发财致富,3
很难,3
近来,3
赘疣,3
得来,3
内新加,3
节省下来,3
额是,3
计价,3
所换,3
起先,3
摆脱,3
严格,3
最贫,3
必然结果,3
言论,3
萨伊说,3
摘录,3
起源于,3
四笔,3
一条,3
且不说,3
赶不上,3
合理性,3
值较,3
原产,3
织袜,3
内才,3
有意识,3
个体,3
都柏林,3
德森,3
理性,3
内心,3
有助于,3
第五个,3
珠宝,3
含义,3
织成,3
普遍规律,3
字母,3
用以,3
地同,3
旋转,3
不足以,3
实践家,3
通航,3
埃默里,3
通称,3
一座,3
意识,3
之用,3
愚蠢,3
已耕,3
与其说是,3
新表,3
获利,3
乘法,3
过分,3
通行,3
知识,3
全书,3
附带,3
无稽之谈,3
初期,3
名字,3
初到,3
粮荒,3
全世界,3
监督,3
隐蔽,3
全国,3
分数,3
愈大,3
转而,3
无偿,3
交通工具,3
新矿,3
着重指出,3
刚刚,3
三卷,3
或大或小,3
威尔士,3
文献,3
三章,3
或吨,3
文人,3
装饰品,3
看不到,3
真的,3
辩护士,3
四倍,3
真是,3
共有,3
答复,3
简言之,3
或少,3
如同,3
列奥,3
分类,3
憎恨,3
三类,3
西部,3
斯特,3
懒惰,3
公开,3
列出,3
看一看,3
眼光,3
西蒙,3
成员,3
产品税,3
相适,3
公认,3
辅助,3
无耻,3
初级,3
粮食价格,3
遥远,3
遭受,3
级数,3
由原,3
总和,3
利益一致,3
第十四章,3
尔菲,3
人来,3
儿童,3
改动,3
人有,3
第二十四章,3
总的来说,3
时要,3
第四卷,3
时而,3
收集,3
约瑟夫,3
用处,3
普遍性,3
一大,3
养羊业,3
所加,3
偿付,3
十六世纪,3
晨星,3
角度,3
第十八章,3
同额,3
显著,3
一头,3
非生,3
码布,3
工商业,3
听说,3
害怕,3
政治经济,3
克服,3
一小部分,3
恰恰相反,3
第种,3
略高于,3
三分之一,3
交纳,3
悲惨,3
一小块,3
人力,3
既有,3
过多来,3
占有者,3
白白,3
莱比锡,3
白白地,3
惊人,3
克拉,3
巴尔,3
人才,3
宣称,3
观察,3
奠定,3
改正,3
先是,3
荒唐,3
房子,3
华莱士,3
奢侈,3
留在,3
略为,3
荒年,3
宣扬,3
第四种,3
与此同时,3
另作,3
见马克思,3
四分之一,3
奥格斯堡,3
第二十章,3
本性,3
采煤,3
中起,3
死亡,3
译者,3
溶合,3
幸福,3
减小,3
大城市,3
幼稚,3
满意,3
这次,3
广阔,3
正当,3
中使,3
不久,3
这样的话,3
应为,3
价值形式,3
大到,3
可靠,3
应得,3
谬误,3
对方,3
深入研究,3
不列颠,3
每天,3
耕地面积,3
售价,3
地要,3
中包,3
税款,3
国内外,3
毁灭,3
错误计算,3
并存,3
稍微,3
渔夫,3
并用,3
同种,3
款项,3
涨落,3
对话,3
大小不等,3
一项,3
积累基金,3
植棉,3
医生,3
买卖,3
回来,3
大批,3
棉织品,3
证实,3
廉价,3
棉纺厂,3
地里,3
承担者,3
称作,3
丰年,3
不少,3
冷静,3
不应,3
使产,3
评述,3
次序,3
使人,3
领导者,3
废除,3
大学教授,3
移到,3
模糊,3
这本,3
劳动阶级,3
承租,3
概述,3
一穗,3
陷于,3
下降时,3
伪造,3
哪个,3
折合,3
多付,3
对者,3
各类,3
活动家,3
十四年,3
不可避免,3
拉姆赛,3
伴随,3
不受,3
脱粒机,3
地盘,3
反科学,3
肤浅,3
对立面,3
会犯,3
抽出来,3
多种多样,3
空间,3
几笔,3
空话,3
会象,3
事人,3
抱怨,3
法学家,3
事业,3
闲置不用,3
一眼,3
对表,3
沿海,3
带有,3
几百年,3
回避,3
进一,3
注中,3
反对者,3
股票,3
哲学家,3
低水平,3
虱子,3
年产,3
比起,3
谈一谈,3
长久,3
雕石,3
大不列颠,3
谈不到,3
低价,3
该国,3
减退,3
这类,3
稻田,3
谈论,3
不大,3
长时间,3
调查,3
门中,3
毫无意义,3
协调,3
读者,3
完全符合,3
流出,3
优越性,3
股息,3
毫无顾忌,3
长短,3
济贫,3
投入资本,3
虚构,3
投放,3
这较,3
伐木,3
站不住脚,3
外面,3
不多,3
消极,3
随便,3
数来,3
符合实际,3
补上,3
写论,3
顺利,3
第三十一章,3
给人以,3
地步,3
大锅,3
绝不,3
极限,3
第三十章,3
极度,3
禁止,3
量会,3
修理,3
出自,3
缴纳,3
迷惑,3
罗马,3
掩盖,3
下会,3
赃物,3
十足,3
仔细,3
据我所知,3
托伦斯,3
本题,3
这会,3
牛奶,3
合在一起,3
掌握,3
不提,3
极少,3
可用,3
许可,3
综合,3
下去,3
互相转化,3
归根到底,3
大麻,3
讲演,3
手法,3
私有财产,3
在外,3
讲座,3
费拉,3
特征,3
归还给,3
落差,3
马克,3
费在,3
统计学家,3
补贴,3
处境,3
物种,3
下归,3
增长量,3
杨格,3
阿伯拉,3
即原,3
一册,3
出相,3
士兵,3
再花,3
归因于,3
追随者,3
商品生产者,3
自由选择,3
加剧,3
损害,3
附近,3
第一点,3
蒲式,3
讽刺,3
完整,3
一切都是,3
同等,3
第一性,3
猎人,3
迫不得已,3
依此类推,3
不拿去,3
土地税,3
合乎,3
它用,3
租给,3
为工,3
吨值,3
局限于,3
提倡,3
均衡,3
于原,3
栽培,3
煤中,3
建筑材料,3
例外情况,3
格是,3
自然选择,3
自由贸易,3
匿名,3
金和银,3
独特,3
从这一点,3
弄清,3
扣下,3
查清,3
为数不多,3
役畜,3
在经济上,3
本能,3
爱尔兰,3
便于,3
一个月,3
这使,3
狭窄,3
土地质量,3
金属制品,3
引人注意,3
或用,2
退回,2
折旧,2
乡村,2
后继者,2
所著,2
投进,2
送到,2
后备军,2
投资额,2
所费劳,2
击退,2
透露,2
所花,2
或是,2
分解成,2
第二十八章,2
后期,2
立时,2
小石子,2
适中,2
落后,2
书呆子,2
出路,2
或原,2
立论,2
切断,2
突出,2
手上,2
所持,2
退出,2
分割,2
笔名,2
房主,2
第一阶段,2
卡尔,2
进而,2
一本,2
技巧,2
两点,2
扣出,2
技能,2
完美,2
两段,2
出同量,2
第一笔,2
第四个,2
连结,2
分子,2
所产,2
完完全全,2
第十六章,2
饶舌,2
适度,2
所列,2
所使,2
符号,2
第十九章,2
因果,2
麻纱,2
同年,2
两回事,2
投到,2
占据,2
一来,2
争取,2
手艺,2
第三等级,2
营业税,2
等价,2
第三笔,2
第五次,2
第五种,2
九分,2
投于,2
或论,2
第一页,2
所想,2
竞争力,2
予以,2
出极,2
九章,2
分享者,2
抑制,2
完备,2
两次,2
适者,2
分得,2
第七节,2
地用,2
承担,2
协助,2
重新加入,2
土地价格,2
金矿,2
加大,2
只应,2
开放,2
为土,2
加在,2
自由竞争,2
美元,2
美丽,2
只好,2
加利福尼亚,2
引伸出,2
引入,2
加价,2
富矿,2
开化,2
开出,2
加尔涅,2
钢琴,2
就纺,2
寓言,2
铁矿,2
加快,2
康斯坦,2
为什,2
自然而然,2
为同,2
延续,2
建成,2
自然规律,2
老矿,2
建筑业,2
只得,2
为期,2
量计算,2
罢了,2
一位,2
为资,2
在协,2
野味,2
归工,2
在历史上,2
在国,2
重述,2
致命,2
重订,2
主义者,2
割草机,2
剩余时间,2
重新得到,2
驱使,2
密在,2
归于,2
引过,2
圣彼得堡,2
一书中,2
自行,2
弗兰西斯,2
功率,2
富拉顿,2
富强,2
弱点,2
同洛,2
同用,2
强加于,2
富些,2
编者,2
强调指出,2
就算,2
废话,2
废物利用,2
动物界,2
中扣,2
脱手,2
助于,2
叮着,2
干涉,2
肥力高,2
股份,2
肉价,2
中国,2
平常,2
动比,2
动植物,2
动是,2
胡扯,2
对萨伊,2
联合,2
国有,2
劳动强度,2
能量,2
中得,2
中心点,2
能性,2
中工,2
能以,2
常有,2
除法,2
中所作,2
劳力,2
胡说,2
常出,2
胡萝卜,2
顽固,2
中同量,2
加进去,2
图说,2
加进来,2
而应,2
广泛应用,2
中除,2
应付,2
而洛,2
加进,2
预期,2
应由,2
领地,2
加筑,2
丰收年,2
对分,2
中同,2
中去,2
国际,2
年度,2
年景,2
年鉴,2
须要,2
除此,2
中比,2
幸而,2
对工,2
劳动所得,2
中则,2
并未,2
布上,2
幸灾乐祸,2
绝不能,2
食税者,2
我花,2
在我看来,2
紧要,2
紧接,2
一家人,2
利希,2
一小,2
利害关系,2
博爱,2
另一类,2
荒芜,2
系是,2
之口,2
一层层,2
地即,2
逻辑联系,2
精辟,2
惊奇,2
繁殖力,2
总计,2
总要,2
一字,2
避开,2
纯收,2
别处,2
纯利润,2
义务,2
总体,2
总库,2
两者之间,2
草地,2
总有,2
草拟,2
道理,2
总结,2
一带,2
造出来,2
另一回事,2
乔治,2
乐于,2
成是,2
乐意,2
逐步,2
尽力,2
简略,2
后代,2
成见,2
萌芽,2
实业家,2
我国,2
答案,2
乘数,2
我用,2
算入,2
实物地租,2
地发,2
粗工,2
粗鲁,2
粗糙,2
之点,2
愈来愈,2
创立,2
粗暴,2
粗放,2
之物,2
类型,2
类产品,2
刚够,2
簿记,2
首饰,2
乌尔,2
韦斯明,2
怪诞,2
就值,2
主并,2
经心,2
主将,2
经常出现,2
节俭,2
项下,2
黑人,2
一双,2
终究,2
主导地位,2
得太少,2
得慢,2
终于,2
循环论证,2
前加,2
前一天,2
德文版,2
经济学说,2
固定化,2
削减,2
重商主义,2
形而上学,2
重力,2
主则,2
船只,2
结束语,2
船舶,2
一匹,2
主导,2
结为,2
剥削者,2
一千,2
经院,2
很久,2
固定收入,2
容纳,2
芜菁,2
那一,2
怜惜,2
快慢,2
念念不忘,2
怀疑,2
纳托,2
卡米洛,2
两部,2
思在,2
那就是说,2
思想家,2
思考,2
另加,2
驳斥,2
急剧,2
家们,2
纺工,2
那确,2
一同,2
纺织工业,2
巴结,2
细节,2
必居其一,2
一周,2
纽约州,2
纽约,2
小些,2
主花,2
页码,2
一回,2
纺织,2
若干年,2
忘掉,2
那笔,2
地会,2
变贵时,2
多地,2
几类,2
记在,2
他论,2
声称,2
他预,2
记载,2
信用制度,2
陆续,2
天主教,2
信中,2
来同,2
下大,2
大麦,2
讲过,2
付酬,2
来表,2
来解,2
品上,2
大错特错,2
原文,2
权威,2
他花,2
倒会,2
记住,2
本章,2
倒不如说,2
增进,2
霍斯,2
本量,2
鹿肉,2
下低,2
议会,2
和量,2
他人,2
机会,2
机器厂,2
发觉,2
犹豫,2
犯罪,2
杂乱,2
他少,2
贷进,2
杰出,2
商人资本,2
极其重要,2
片面性,2
尖锐,2
大部,2
某种程度,2
爵士,2
品即,2
贴现,2
查默斯,2
论文,2
爆发,2
燕麦,2
贯彻,2
尘世,2
侵占,2
树根,2
某物,2
俄国人,2
处理,2
需求量,2
不断进步,2
论上,2
物上,2
论兰盖,2
极少量,2
代用品,2
极细,2
贷给,2
论利,2
版于,2
贷款,2
林业,2
尝试,2
贷放,2
保住,2
马尔,2
化石,2
本所,2
增订,2
进口税,2
瑞士,2
境地,2
譬如,2
起因,2
不相容,2
最高点,2
倾向,2
仍能,2
走入,2
走上,2
头数,2
工农业,2
值得注意,2
有妨,2
珍惜,2
值同,2
布匹,2
现金支付,2
计量,2
失策,2
附让,2
仍会,2
增补,2
最有,2
生命,2
生产量,2
不等量,2
啤酒,2
替换,2
厚颜无耻,2
做买卖,2
起码,2
偏重,2
尤尔,2
不知,2
介入,2
最小,2
不相适应,2
头脑,2
瓦解,2
从不,2
降得,2
有把握,2
借口,2
未开垦,2
献媚,2
从生,2
末了,2
末叶,2
末尾,2
原则上,2
候才,2
本世纪,2
本为,2
猜想,2
增添,2
猎场,2
倒退,2
倒置,2
本加,2
让给,2
赖以,2
借款,2
有级,2
值中,2
和机,2
值上,2
债权,2
有没有,2
失效,2
赞成,2
现存,2
现了,2
增加率,2
让渡,2
有过,2
从坏,2
玩忽职守,2
玛瑙,2
借给,2
朝着,2
贮藏,2
熟练程度,2
样做,2
比利时,2
消费税,2
消费水平,2
低时,2
低微,2
调节作用,2
比较发达,2
伊莱,2
消耗,2
毛和皮,2
毛病,2
调整,2
海港,2
毫不相干,2
休闲,2
毫无价值,2
毫无根据,2
比前,2
比以,2
熟悉,2
比不上,2
清棉,2
清扫,2
添置,2
添加,2
大体上,2
化为乌有,2
谷仓,2
不减,2
不好,2
混在,2
每台,2
仿照,2
深入,2
大众,2
淀粉,2
每种,2
不太,2
每级,2
毫无用处,2
课以,2
哪一方面,2
降为,2
多年,2
伟大,2
河流,2
多少倍,2
哪些,2
沼泽,2
会降,2
说教,2
会起,2
崩溃,2
不可否认,2
说得过去,2
波美,2
不可分割,2
法文版,2
波托西,2
崭新,2
波恩,2
多半,2
沙尔,2
估量,2
多一些,2
但用,2
读作,2
水力,2
水域,2
魁奈,2
似的,2
多两倍,2
传教士,2
多次,2
估价,2
洛贝,2
会因,2
寿命,2
会少,2
汉斯,2
试制,2
价而,2
残酷,2
格雷,2
设法,2
大白菜,2
梅格,2
贩卖,2
品是,2
然它,2
复制品,2
棉纺,2
然会,2
棉纺织业,2
证券,2
以往,2
品的量,2
烧酒,2
复述,2
烟草,2
各项,2
设备,2
不愿,2
照管,2
不成问题,2
论洛,2
以供,2
照例,2
依存关系,2
依存,2
大致,2
根据上述,2
鸟粪,2
下要,2
以农,2
中引,2
煤层,2
供养,2
格兰,2
煤卖,2
贫矿,2
植物界,2
责任,2
译自,2
概要,2
正差,2
漏掉,2
正数,2
不安,2
负差,2
鲑鱼,2
不存,2
作品,2
负债,2
不如说是,2
陈旧,2
外界,2
反过来说,2
滑轮,2
作一,2
死敌,2
各表,2
负担过重,2
价值论,2
演员,2
高级,2
下高,2
不当,2
财政,2
使农,2
发了,2
以纯,2
以至,2
各科,2
濒于,2
欧洲各国,2
激进,2
外来,2
贡献,2
歌剧,2
鲜明,2
品种,2
生存斗争,2
生意,2
更深,2
七章,2
搬动,2
难关,2
变坏,2
差异,2
摈弃,2
摘自,2
史评,2
势必,2
协作,2
泛泛,2
题目,2
研究者,2
同可,2
支持者,2
内所,2
磅数,2
阿瑟,2
磨坊主,2
五十年,2
均匀,2
表内,2
居住,2
再同,2
社会关系,2
提及,2
再作,2
亚洲,2
提得,2
再举,2
还作,2
四级,2
礼拜堂,2
七年,2
插手,2
听到,2
收割机,2
收取,2
短暂,2
政论,2
故乡,2
其余部分,2
其价,2
效能,2
敌手,2
高出,2
威斯,2
着眼点,2
兴建,2
同亚,2
关键在于,2
眼中,2
威尔逊,2
教授,2
过于,2
对资,2
过剩人口,2
交织,2
三位,2
四双,2
矿肥,2
矿等,2
矿石,2
矿物,2
改为,2
即用,2
矿中,2
短评,2
矿业,2
改造,2
被抛弃了,2
攻击,2
十六,2
放债,2
石匠,2
威胁,2
推迟,2
还给,2
居然,2
穗长,2
拦截,2
稻子,2
拿走,2
稠密,2
持有者,2
这点,2
安德,2
将要,2
程度较高,2
指明,2
指望,2
减到,2
地谈,2
指示,2
二年,2
二章,2
按下,2
按原,2
称呼,2
拥护者,2
推理,2
拟定,2
几章,2
抵偿,2
地表,2
一看,2
几点,2
穷困,2
几次,2
抽回,2
穷人,2
这门,2
抽象化,2
丝织厂,2
几小时,2
拉尼亚,2
事务,2
印刷,2
地较,2
麻烦,2
这时候,2
劳累,2
种畜,2
种植场,2
种植园,2
业品,2
掠夺,2
宁愿,2
探讨,2
互相交换,2
变形记,2
即同,2
种族,2
这两块,2
接触,2
一边,2
私有制,2
推出,2
回忆,2
秘密,2
这全,2
马蒂约,2
挤进,2
即以,2
租量,2
农学家,2
一般来说,2
它成,2
这头,2
亏损,2
租种,2
租用,2
租率,2
租是,2
换句,2
一行,2
农业机器,2
吞没,2
更是如此,2
与其说,2
教程,2
奥地利,2
人得,2
先进,2
路易十六,2
先要,2
留到,2
时常,2
高地,2
先有,2
路易十五,2
先决条件,2
画布,2
画家,2
观察法,2
距离,2
充满,2
上市,2
基本点,2
基本前提,2
人家,2
培育,2
历史事实,2
既然如此,2
尔勒,2
疆域,2
日常,2
日常生活,2
克雷斯,2
日报,2
略有,2
日益加剧,2
不计,2
日积月累,2
日耳曼人,2
路易十四,2
人口稠密,2
略去,2
早就,2
早得,2
畜牧,2
规则,2
明确指出,2
善良,2
充分说明,2
普通工人,2
集约化,2
普鲁士,2
景况,2
越来越少,2
暂且,2
偶然性,2
仅够,2
取代,2
压迫,2
塔雷,2
更为,2
生活费用,2
停闭,2
生活费,2
更换,2
预计,2
用到,2
取出,2
上文,2
契约,2
元素,2
春季,2
由人,2
人造,2
北美,2
上时,2
用马,2
傅立叶,2
儿子,2
储藏库,2
麦克库,2
用法,2
鼓吹,2
用得少,2
储存,2
压到,2
委员会,2
奴仆,2
人会,2
相矛,2
看不出来,2
省略,2
断然,2
垦伐,2
斯图亚,2
相符合,2
斯图加,2
斯图加特,2
不难,2
新老矿,2
公平,2
如数,2
相干,2
相差,2
相对高度,2
要么,2
公债券,2
新法,2
看不见,2
文章,2
如此而已,2
如说,2
就业机会,2
产力,2
华德,2
装置,2
看得,2
辽阔,2
兰盖,2
非常简单,2
辩解,2
看做,2
六章,2
即资,2
即非,2
文体,2
周期性,2
相对性,2
吃掉,2
盛行,2
无人,2
监工,2
对鱼,2
全年,2
要说,2
喜欢,2
无情地,2
转向,2
卷集,2
受到限制,2
皮尼,2
无法解释,2
不论怎样,2
全不,2
亲自,2
麦穗,2
无赖,2
百分之一,2
新耕,2
存货,2
方程式,2
同一时间,2
相互作用,2
上下,2
上下文,2
相交,2
麦考密克,2
相一,2
直接参与,2
埃尔伯,2
直到现在,2
亨利,2
三要素,2
无一例外,2
相互竞争,2
半截,1
半价,1
半失业,1
半途,1
半世纪,1
半数以上,1
半句话,1
间隔时间,1
卓越,1
只会落,1
只同,1
只够,1
只指,1
只换,1
首次,1
只涨,1
只算,1
只谈,1
叫骂,1
可不,1
可买,1
可供,1
可取,1
可变性,1
可大可小,1
可捕,1
可鄙,1
只卖,1
另行,1
史学,1
另有,1
受用,1
受益,1
受雇,1
受骗,1
变好,1
变富,1
变态,1
变换,1
变未,1
变相,1
变量,1
口吻,1
口气,1
口论,1
古希腊,1
古怪,1
另一台,1
史上,1
取自,1
同以机,1
同其,1
同决,1
同化,1
同原,1
同后,1
同商,1
同土,1
同大,1
同安,1
同对,1
同工,1
同总资,1
同投,1
同新,1
同旧,1
同某,1
同由,1
同作,1
同以,1
同于,1
吃不饱,1
吃光,1
各个领域,1
各人,1
各取,1
各国,1
各地,1
各段,1
各表上,1
各颗,1
合乎逻辑,1
合众国,1
合法权利,1
吉本,1
同一时,1
同乡,1
受损害,1
取无酬,1
单凭,1
卡斯特,1
印刷术,1
马虎,1
即减,1
即加,1
即和润率,1
即商,1
即少,1
即当,1
即必,1
即注,1
即涨,1
即生,1
即纯,1
即绝,1
即花,1
即认,1
即象,1
卡普勤,1
卡尔洛维,1
即贵,1
占用,1
单利,1
单单在,1
单单是,1
单地同,1
单说,1
单调,1
卖主,1
卖力,1
卖得贵,1
卖时,1
卖款,1
卖淫,1
博学,1
占为己有,1
占产,1
占优,1
占便宜,1
即货,1
即铁,1
取去,1
双方,1
反作用,1
反动分子,1
反对派,1
反常现象,1
反应,1
反抗,1
反杜林论,1
反比,1
反比例,1
反证,1
发放,1
发明者,1
发牢骚,1
发生冲突,1
发言,1
发议论,1
取之不尽,1
双袜,1
马厩,1
马来,1
参加者,1
却值,1
却大有,1
却象,1
卷入,1
卷进,1
历史文献,1
历的,1
厉害,1
压等,1
马尔萨,1
原作者,1
原始农业,1
原材料,1
原著,1
原表,1
去研,1
半世,1
作租,1
升到,1
主所,1
举例说明,1
主等,1
主的资,1
主是,1
主支,1
主拿,1
主拥,1
主把布,1
主把,1
主所要,1
主所花,1
主多花,1
乃至,1
主向机,1
主只,1
主动,1
主凭,1
主体,1
主会,1
主从,1
主为例,1
主不把,1
主不付,1
主不,1
举过,1
义上,1
为重,1
乏味,1
买下来,1
书里,1
书信,1
书中,1
习艺所,1
习惯,1
也表,1
乞丐,1
九个,1
乘积,1
乐观主义,1
之二,1
之高,1
之谈,1
之父,1
之比来,1
之比会,1
之手,1
之多,1
之四,1
之和成,1
之友,1
之分,1
麻绳,1
为货,1
个英,1
中少,1
中构,1
中有酬,1
中曾,1
中显,1
中新加,1
中数,1
中投,1
中扬,1
中总有,1
中快,1
中应,1
中将,1
中煤,1
中对洛,1
中完,1
中劳,1
中加,1
中前,1
中作,1
中会,1
中于,1
中买,1
中一,1
中漏,1
中由机,1
为许,1
为原,1
为纱,1
为的是,1
为洛,1
为条,1
为机,1
为数,1
为平,1
为实,1
为基,1
为商,1
为名,1
为会,1
中究,1
为业,1
黄麻,1
临时性,1
临到,1
丰收,1
中较,1
中贝利,1
中谈,1
中见,1
中落,1
中竟,1
买不起,1
买能,1
仍够,1
介绍,1
今年,1
今后,1
仇视,1
仇恨,1
仆从,1
仅值,1
仅为,1
亿镑,1
人间,1
仍须,1
人能,1
人生,1
人比,1
人年,1
人太多,1
人口数量,1
人口减少,1
人到,1
人则,1
亲身经历,1
亲笔写,1
仍能象,1
从下,1
麻痹,1
他举,1
付款,1
付地,1
付出代价,1
他象,1
他照,1
他步亚,1
他显,1
他同,1
他决,1
他关,1
鹿场,1
从重,1
从亨利,1
从萨,1
从缝,1
从租种,1
从社,1
从洛,1
从机,1
从未,1
从布,1
从工,1
从安,1
从后,1
亲爱,1
亲手,1
亲友,1
二重化,1
互相联系,1
互为补充,1
亏本,1
于资,1
于用,1
于据,1
于市,1
于工,1
于劳,1
于供,1
于亚,1
二次方,1
享用,1
二十四,1
二十倍,1
事有,1
事实真相,1
事后,1
事件,1
事业心,1
争论,1
争得,1
争夺,1
争中,1
五分,1
五分之一,1
五十年代,1
五周,1
亩数,1
产过,1
产有,1
产得,1
产它,1
产品销售,1
产出,1
产为,1
产业工人,1
交通,1
交租,1
交替,1
交易会,1
交回来,1
交出去,1
交出,1
亚特,1
亚历山大,1
五节,1
五种,1
五年,1
个量,1
个纸,1
代表人,1
三段,1
上存,1
上同,1
上受,1
上加,1
上决,1
上作,1
上以,1
上不增,1
上一年,1
三重,1
三级,1
三年,1
上层社会,1
三叶草,1
三十年,1
三十二章,1
三十一,1
三十,1
三分之二,1
三分,1
三倍,1
三份,1
万能,1
万户,1
上层,1
上应,1
万人用,1
下分,1
下比前,1
下比,1
下有,1
下新,1
下所能,1
下必,1
下层,1
下定义,1
下多,1
下加,1
下则,1
下农,1
上推,1
下一阶段,1
下一代,1
上风,1
上院,1
上长,1
上表,1
上节,1
上能,1
上生,1
上流社会,1
上替,1
万到,1
万人来,1
个性,1
一商,1
一整天,1
一扫而光,1
一才,1
一张,1
一干二净,1
一帮,1
一家,1
一实,1
一夸,1
一大部分,1
一增,1
一名,1
一新,1
一只,1
一原,1
一千倍,1
一到,1
一分钟,1
一再,1
一人,1
一事,1
一个整,1
一两篇,1
一两,1
一文,1
一无所知,1
万中,1
一表,1
七节,1
七世,1
一齐,1
一顶,1
一面,1
一部分一部分,1
一道,1
一遍,1
一贫如洗,1
一说,1
一观,1
一般性,1
一是,1
一般化,1
一经,1
一粒,1
一码,1
一百年,1
一百倍,1
一片,1
一点点,1
一清二楚,1
一根,1
一条线,1
下用,1
下花,1
下进,1
与此相反,1
东临,1
业所,1
业同,1
业变,1
业务,1
业上,1
世界观,1
且说,1
且慢,1
专论,1
专心致志,1
与此有关,1
默不作声,1
与工,1
与利,1
与其,1
不高,1
不靠,1
不难理解,1
不间断,1
不问,1
不逊于,1
不远,1
不过意,1
东方,1
丝毫无损,1
下院,1
两条道路,1
个别情况,1
黑奴,1
严酷,1
严加,1
两页,1
两面,1
两行,1
两端,1
黑麦,1
两版,1
两条,1
丢掉,1
两本,1
两岸,1
两家,1
两大,1
两块,1
两回,1
两台,1
两卷,1
两件事,1
两件,1
两人用,1
不足为奇,1
不起,1
不象洛,1
不发,1
不学无术,1
不太大,1
不太多,1
不大可能,1
不多不少,1
不外是,1
不堪,1
不向,1
不吃,1
不可思议,1
不卖,1
不行,1
不单单是,1
不包,1
不加,1
不决,1
不值,1
不以,1
不仅如此,1
不为,1
不中用,1
下页,1
不定,1
不宜,1
不容许,1
不得要领,1
不能转让,1
不肥,1
不缺,1
不种,1
不知羞耻,1
不知不觉,1
不相称,1
不相干,1
不生,1
不理,1
不满,1
不清,1
不消说,1
不比,1
不殃,1
不曾,1
鼓吹者,1
不无,1
不断更新,1
不改,1
不成,1
不感兴趣,1
不想,1
代之以,1
令人不解,1
千分之一,1
出即,1
分同,1
分加,1
出面,1
出钱,1
出色,1
出生,1
验证,1
出处,1
出售,1
出同,1
出口货,1
分布,1
出世,1
凭证,1
凭着,1
凡而纱,1
几页,1
几门,1
几行,1
几栏,1
几批,1
几句,1
几十年,1
分将,1
分担,1
减轻,1
列宁,1
删掉,1
删去,1
初次,1
初叶,1
创造者,1
创办人,1
创办,1
创刊,1
创作,1
刚好,1
列有,1
列为,1
分文,1
列一,1
划时代,1
划掉,1
划归,1
划去,1
刊载,1
刊登,1
分配关系,1
分歧,1
分新,1
几何,1
减的产,1
共分,1
具体地说,1
兼论,1
兼任,1
养鹿,1
养鱼业,1
养马,1
养老金,1
典型,1
具有特征,1
高兴,1
具名,1
具体说来,1
其本质,1
高傲自大,1
其本,1
其新,1
其它,1
其他费用,1
高利,1
兴修,1
高利贷,1
关税,1
关报,1
共济会,1
兽医,1
内以,1
减弱,1
高价,1
骗子,1
况同,1
况且,1
决裂,1
冲突,1
冬季,1
农夫,1
骨粉,1
高些,1
农业国,1
内去,1
写成,1
冒险,1
再谈,1
再考,1
再往,1
再引,1
内部联系,1
内要,1
内新,1
内战,1
内因,1
判断力,1
判明,1
动成,1
劳动效率,1
劳动价值论,1
劳先生,1
动较,1
动脑,1
动更长,1
动时,1
动摇,1
动换,1
动手,1
动对,1
马铃,1
动家,1
动多,1
动即,1
动力,1
动值,1
动作,1
动乱,1
动上,1
劣等,1
劣势,1
务为,1
劳动组合,1
勇气,1
利七世,1
北卡罗来纳,1
十章,1
十四,1
十五,1
十二章,1
十二分,1
十九,1
区域,1
匹凡,1
匮乏,1
北部,1
化身,1
化学成分,1
化学家,1
化学作用,1
化在,1
匆促,1
包扎,1
马车,1
勤奋,1
勤勉,1
勤俭,1
勒斯,1
加重,1
加而,1
加罗林,1
制下,1
剑桥大学,1
剑桥,1
前页,1
前用,1
前多,1
前后文,1
前后左右,1
前九行,1
制鞋业,1
制革,1
制作,1
到此结束,1
加级,1
到此为止,1
到手,1
刮走,1
别是,1
利而,1
利病率,1
利物浦,1
利润额,1
驾驭,1
利乌斯,1
剥去,1
剩中,1
副业,1
割裂,1
加由,1
加深,1
加注,1
加是,1
加时,1
加无酬,1
加所,1
加得,1
加强,1
驮畜,1
加以解决,1
加以分析,1
功劳,1
办理,1
劝谕,1
劝善,1
劝告,1
力而,1
力相,1
力学,1
力不高,1
共同点,1
共值,1
令人吃惊,1
体力劳动,1
作坊,1
作别,1
作价,1
高而,1
作个,1
高踞,1
余数,1
余地,1
何而定,1
何处,1
何况,1
体力,1
作补,1
住所,1
低落,1
低级,1
低来,1
低地,1
低到,1
低为,1
低下,1
低一,1
但降,1
但花,1
作斗,1
使用费,1
依次,1
依以,1
供不应求,1
供下,1
例来,1
例将,1
高涨,1
例地,1
例中,1
使鱼,1
使该,1
使用者,1
佣工,1
高等级,1
使消,1
使洛,1
使新地,1
使年,1
使市,1
使实,1
使命,1
使同,1
使价,1
使人厌,1
但纱,1
但土,1
共产主义者,1
以此为限,1
企业化,1
鱼塘,1
价物,1
价格便宜,1
价格低,1
以马代,1
以较,1
以脚,1
以用,1
以生,1
以有,1
以成,1
以年,1
以工,1
以土,1
以向,1
以原,1
鸿沟,1
以内,1
以会,1
令人讨厌,1
令人羡慕,1
企业基金,1
优秀,1
但同,1
会贵些,1
估计不足,1
估计,1
伪善者,1
伦巴第,1
传播,1
传宗接代,1
传动,1
传下来,1
会高得,1
会过,1
会议,1
会上,1
会计,1
会表,1
会落,1
会消,1
会引,1
会存,1
会变,1
会发,1
会减,1
会值,1
会以,1
依此,1
侮辱,1
侵吞,1
党派,1
全段,1
全无,1
全文,1
全家,1
全体成员,1
全以,1
全人类,1
全不把,1
全不去,1
入账,1
入来,1
免除,1
全率,1
克思用,1
克尔,1
克劳德,1
克利,1
光用,1
光棍,1
先驱,1
先行者,1
先行,1
先引,1
全然,1
全看,1
高水平,1
六个,1
共产主义,1
兰德,1
六行,1
六节,1
六卷,1
六十年代,1
六十年,1
六分之一,1
六分,1
六册,1
六倍,1
公道,1
全节,1
公路,1
公平合理,1
公园,1
公升,1
公元前,1
公元,1
公债,1
公会,1
八章,1
全靠,1
高原,1
先后,1
先决,1
先作,1
信奉者,1
借方,1
借出,1
候鸟,1
倒成,1
修建,1
信里,1
信赖,1
信贷,1
信号系统,1
兄弟,1
信仰,1
保障,1
保管,1
保持联系,1
保持沉默,1
保持一致,1
保守派,1
保守,1
俘虏,1
俗化,1
借进,1
借钱,1
倡导者,1
债务人,1
儿女,1
傻瓜,1
储蓄,1
偷运,1
偷换,1
偷偷地,1
偷偷,1
健康,1
健全,1
停顿,1
停建,1
做过,1
做会,1
偏僻地区,1
值来,1
值才,1
值得尊敬,1
值大,1
值会,1
值仅,1
债务额,1
同盟者,1
感化,1
同积,1
秋天,1
神话,1
票据,1
禁令,1
种出,1
站住脚,1
种时,1
种极,1
种者,1
科学家,1
科学院,1
难以想象,1
租上,1
神学家,1
祖传,1
社论,1
社会活动,1
难懂,1
硬说是,1
确地,1
确是,1
碎石机,1
碰到,1
磅纱来,1
磨坊,1
磨成,1
礼貌,1
难以置信,1
社会公众,1
社会分工,1
社会学家,1
租佃关系,1
租供,1
租便,1
稍大,1
税则,1
究中,1
究从,1
穷国,1
空地,1
空着,1
空闲,1
穿着者,1
立法会,1
立足点,1
税作,1
稍为,1
租出去,1
租期,1
租税,1
租进,1
租额,1
积攒,1
积极,1
积极意义,1
积累率,1
积聚,1
称之为,1
移入,1
程中,1
程又会,1
程将,1
程序,1
码棉,1
矿物质,1
矿决,1
略少,1
疆诚,1
疯狂,1
症结,1
登场,1
百万富翁,1
百分之九十九,1
百分之二十,1
百分之十,1
集中地,1
的确如此,1
皮带,1
皮革,1
略微,1
略加,1
益处,1
略低于,1
由外,1
由工,1
由新加,1
由资,1
由铁,1
电报,1
男人,1
畅通,1
留作,1
留地,1
留待,1
留着,1
畜产品,1
畜生,1
益受,1
益来,1
矿产,1
看得出,1
看着,1
看见,1
看贝利,1
真空,1
真诚,1
眼色,1
难说,1
着重号,1
矫正,1
短时期,1
短期,1
短浅,1
石场,1
石灰质,1
看本,1
看人眼色,1
监狱,1
相隔,1
监督管理,1
目前为止,1
目标,1
盲从,1
直接证明,1
直至,1
直译,1
相似,1
雅克,1
相吻合,1
难题,1
相称,1
相继,1
相衔接,1
相距,1
站住,1
竟会,1
由前,1
织掉,1
纺毛,1
线袜,1
练有素,1
绅士,1
细心,1
细说,1
织品,1
织物,1
竟然,1
终将,1
终止,1
经从,1
经受,1
经常性,1
纺掉,1
纺或织,1
纺出,1
纺了,1
约克郡,1
纯收益,1
纱中,1
纱来,1
纳佐,1
纳入,1
纳尔,1
纳税,1
纷争,1
纸币,1
纸张,1
纸袋,1
经纪人,1
经营者,1
经验,1
维修,1
综上所述,1
编辑,1
编造,1
缝纫机,1
缩减到,1
罕见,1
罗列,1
罗维尔,1
罗雪,1
罪名,1
罪恶,1
置备,1
置身于,1
维修费,1
绒布,1
续写,1
结成,1
结晶,1
绕过,1
绘成,1
给予,1
给工,1
绝妙,1
继承,1
继续下去,1
继萨伊,1
绪论,1
纠正,1
紧密联系,1
索拉诺,1
第二十二章,1
第二十六,1
第二性,1
第二篇,1
第二节,1
第二阶段,1
第二页,1
第六,1
第六个,1
第用,1
笼统,1
隐藏,1
等到,1
等生,1
隐约,1
第二十五章,1
第二十三章,1
答斯宾斯,1
第二十七章,1
竟能,1
章节,1
章里,1
竭尽全力,1
笑话,1
笔债,1
笔款,1
笔误,1
笔资,1
隔开,1
第三十,1
第三封,1
第三篇,1
隐匿,1
简单明了,1
素朴,1
粗俗,1
粘叠,1
粪便,1
粮仓,1
精巧,1
精打细算,1
糊涂人,1
糟粕,1
系列,1
系地,1
系来,1
系统地,1
紊乱,1
粗略地,1
简明扼要,1
粉饰,1
简直,1
简短,1
简而言之,1
简要地,1
简述,1
算中,1
算是,1
算错,1
管其,1
管好,1
管对,1
管理混乱,1
类别,1
类推,1
由商,1
集约,1
同类产品,1
沿着,1
沃土,1
沃耳巴尼,1
沉重负担,1
没有止境,1
没落,1
没饭,1
油脂,1
游动,1
法则,1
法文,1
波托,1
注出,1
汽船,1
江湖,1
气味,1
水中,1
水兵,1
水果,1
水泵,1
水渠,1
水租,1
水稻,1
水陆,1
永久,1
永久化,1
求则,1
注明,1
注解,1
海滨,1
海鱼,1
消耗掉,1
消费基金,1
消费资料,1
涌向,1
润会,1
润量,1
深信,1
混为一谈,1
清偿债务,1
渐渐,1
渔人,1
渔船,1
海陆,1
海外,1
洗炼,1
海员,1
洗衣,1
雨表所,1
活命,1
活所,1
活活,1
活着,1
活跃,1
派遣,1
流传,1
流回,1
流来,1
流露出,1
浪漫主义,1
海上,1
海军,1
民间,1
民者,1
民时,1
欣然同意,1
欧文,1
歌功颂德,1
歌唱,1
止息,1
正因,1
正处,1
正够,1
正相,1
需有,1
正确性,1
正确理解,1
正要,1
正象施,1
欣赏,1
欢迎,1
步伐,1
需求增,1
棘手,1
森则,1
棺材,1
植树,1
植物油,1
概论,1
模太大,1
模糊地,1
模范,1
横竖,1
橙子,1
橡皮,1
次年,1
正道,1
步骤,1
民族志,1
比受,1
比大,1
比工,1
比旧,1
比是,1
比老地,1
比肥,1
比能,1
比较而言,1
比铁,1
比高,1
毛发,1
毛纱,1
毛织品,1
氏族,1
民主化,1
比埃尔,1
雷姆赛,1
武器,1
每颗,1
死去,1
残余,1
残忍,1
毁坏,1
毁掉,1
毁灭性,1
需数,1
每十年,1
每周,1
每月,1
每码,1
每穗,1
每粒,1
游手好闲,1
田里,1
率会,1
狭义,1
狭小,1
猜到,1
献给,1
雇工,1
率来,1
游牧民族,1
率用,1
率要,1
玉米,1
玩笑,1
现举,1
雇去,1
独立性,1
独特性,1
独有,1
独到,1
特种,1
特等,1
特色,1
特里,1
特错,1
犁地,1
犯下,1
犯过,1
犯错误,1
狂热,1
独具特色,1
独创性,1
现实情况,1
现实生活,1
现政府,1
生活状况,1
生物学家,1
生物界,1
生物进化,1
生理,1
生皮,1
用人,1
用原,1
用固,1
用工,1
用本,1
用糖来,1
用语,1
用负,1
用过,1
用金计,1
生涯,1
生意人,1
现时,1
生息,1
现要,1
现金,1
珍妮,1
珍贵,1
理想,1
理智,1
理论化,1
理论家,1
瓦斯,1
甘蔗,1
甜瓜,1
生产商,1
生则,1
特殊性,1
特来,1
特尼,1
激发,1
激进派,1
火车头,1
灰质,1
灵巧,1
灵敏,1
灾乐祸,1
炭酸,1
点上,1
烂掉,1
烦琐,1
热尔门,1
热心,1
激进主义,1
激励,1
然他,1
澳大利亚,1
溯些,1
滑油,1
滚筒,1
滞留,1
滞销,1
满后,1
满怀,1
漂亮,1
漏写,1
漏洞,1
演讲,1
演集,1
潜在状态,1
热病,1
然只,1
特别税,1
版上,1
版画,1
牛羊,1
牛肉,1
牧羊,1
牧草,1
物业,1
物所,1
物比,1
物质条件,1
牲口棚,1
特先,1
特别喜爱,1
特别强调,1
版本,1
然同,1
爱尔兰人,1
然在,1
然有,1
煤使,1
煤和石,1
煤所,1
煤正象,1
照为,1
照修,1
照常,1
照抄,1
照料,1
照明,1
照由,1
熟虑,1
爱好,1
羊肉,1
美国佬,1
较慢,1
较晚,1
输送,1
辛劳,1
辛苦,1
辛辣,1
辞句,1
达成协议,1
这匹,1
迄今,1
迅猛发展,1
过人,1
过价,1
过低,1
过同,1
过少,1
较差,1
较少劳,1
较少代,1
较为,1
身来,1
车书里,1
转动,1
转化成,1
转嫁给,1
转意,1
转让,1
转述,1
轮作制,1
轮船,1
轻易,1
轻率,1
轻而,1
载明,1
过得去,1
过快,1
过慢,1
还债,1
还太低,1
还存,1
还少,1
还远,1
还陷,1
还须,1
这一企,1
这三,1
这三人,1
这下子,1
这两点,1
这么回事,1
这五,1
这位,1
这倒,1
还加,1
阿道夫,1
过早地,1
近几年来,1
过时,1
过渡阶段,1
过高,1
迎刃而解,1
运入,1
运回,1
运往,1
运走,1
运转,1
运输工人,1
运输工具,1
近五,1
近似,1
近几年,1
跳过,1
跑马,1
货栈,1
货物,1
质上,1
贫乏,1
购买力,1
购买量,1
购得,1
购置,1
贮存,1
贯串,1
贵买,1
贵些,1
贵卖,1
贵贱,1
货币量,1
账内,1
贷出,1
谷种,1
陈规,1
象亚,1
象旧,1
象本,1
象来,1
象萨,1
象重,1
貌似,1
贝里,1
负号,1
负担沉重,1
负级,1
财宝,1
财运,1
贵重,1
贷者,1
跌落,1
赢利,1
赶走,1
起决,1
起点,1
起草,1
超越,1
越发,1
越密,1
越少,1
越慢,1
越来,1
越来越低,1
越贵,1
趋向于,1
足于,1
足额,1
赠送给,1
赞同,1
费品,1
费心,1
费者,1
陆海军,1
资为,1
资也,1
资占,1
资和,1
资在,1
资均,1
资就会,1
陆军,1
资源,1
赚取,1
赛米尔,1
这决,1
这取,1
美好,1
野兽,1
里面,1
重农,1
重号,1
重新分配,1
重犯,1
重量,1
野生动物,1
这就造,1
野蛮,1
野鸟,1
量况,1
量加,1
量同,1
量少,1
量过去,1
采矿业,1
采矿,1
采石,1
酿酒,1
那才,1
那要,1
邪教,1
邻国,1
邻居,1
部年,1
部由,1
部等,1
防止,1
队到,1
都行,1
配合,1
酿制,1
金刚石,1
金斯,1
金时,1
锐敏,1
锯齿,1
长中,1
长吁短叹,1
长年,1
长得,1
长期保持,1
长着,1
门同,1
问一问,1
问道,1
问题所在,1
错误观念,1
金量,1
销售量,1
金钱,1
鉴于,1
钮扣,1
钱袋,1
钻石,1
铁器,1
铁所,1
铅笔,1
铜器,1
铲除,1
银器,1
银行券,1
铺路,1
那怕,1
那句话,1
那位,1
这能,1
这项,1
进一步提高,1
进款,1
阻挠,1
远不象,1
远地,1
远离,1
违背,1
连产,1
连想,1
连篇累牍,1
连续性,1
迫切,1
迷途,1
阻挡,1
这类产,1
追溯,1
这篇,1
这属,1
这张,1
这恰,1
这成,1
这所,1
这新,1
这方,1
这显,1
这有,1
这期,1
这条,1
这条线,1
这正,1
这比,1
这码,1
那会,1
通病,1
造业,1
造犁,1
造酒,1
遇到困难,1
遇有,1
遍布全国,1
道德,1
道破,1
遗憾,1
遗留下来,1
遭遇,1
遵循,1
那份,1
通讯,1
通向,1
退化,1
适品,1
适时,1
适用性,1
逃避,1
逆序,1
选举,1
选出,1
选用,1
透彻,1
逐一,1
逐字逐句,1
逐步提高,1
递增,1
谰言,1
谦虚,1
除开,1
花在工,1
花完,1
花掉,1
花样,1
除掉,1
英吉利,1
英国下院,1
英里,1
茅屋,1
茎秆,1
草率,1
荒诞,1
荒野,1
荣获,1
花卉,1
节里,1
节省时间,1
节制,1
自然经济,1
自由人,1
自由支配,1
自由行动,1
自觉,1
至多是,1
臻于完善,1
航海,1
航运,1
良好,1
良种,1
色彩,1
艺术作品,1
艺术品,1
荣誉,1
莱比,1
菜园,1
虔诚,1
虚伪,1
虚幻,1
虚张声势,1
虚拟,1
虽有,1
除去,1
蛊惑,1
行事,1
行文,1
衣料,1
衣食,1
藐视,1
菜地,1
薪饷,1
萧条,1
萨伊给,1
葡萄牙,1
蒙受,1
蒸气机,1
蒸汽锅炉,1
蓬勃发展,1
蔬菜,1
蔬菜业,1
蔽体,1
薄弱,1
薪俸,1
自然科学,1
自然科,1
自然史,1
而导,1
而无须,1
而来,1
而求,1
而流,1
而游,1
而满,1
而照,1
而现,1
而纯,1
而能,1
而花,1
而通,1
耐久性,1
而工,1
而实,1
耕畜,1
而增,1
翻耕,1
翻译成,1
老办法,1
老是,1
老普鲁,1
老老实实,1
随之而来,1
而会,1
而会落,1
而作,1
而决,1
而加,1
而原,1
而变,1
而后,1
耐用,1
耳德河,1
自然历,1
能购,1
脑力,1
脑袋,1
脱粒,1
腾贵,1
膨胀,1
臣仆,1
自亚,1
自以为是,1
自动性,1
自夸,1
自愿地,1
自我,1
自有,1
除数,1
脂油,1
能节,1
聊以自慰,1
能用,1
联合王国,1
联结,1
聪明人,1
肉用,1
股东,1
股份公司,1
股数,1
育得,1
胆敢,1
胜利,1
胡说八道,1
能为,1
能分,1
能据,1
除原,1
补救,1
补足,1
论奈,1
论是,1
论说,1
论魁奈,1
讽刺性,1
设施,1
设置,1
证中,1
评介,1
评语,1
词句,1
词同,1
词指,1
论文集,1
论地,1
词来,1
论商,1
讨论一下,1
让资,1
议员,1
记上,1
记入,1
记帐,1
记成,1
讲清,1
讲清楚,1
讲究,1
许会,1
许就,1
论为,1
论以,1
词是,1
词汇,1
认真对待,1
详谈,1
诱惑力,1
说不上,1
说什,1
说原,1
说得上,1
说得对,1
说话,1
课在,1
调和,1
谈对,1
谈平,1
谈洛,1
谋生,1
误而,1
详尽,1
词里,1
该表,1
译成,1
试试,1
试验,1
诗人,1
诗情画意,1
话本,1
诡辩,1
该价,1
该栏,1
该法,1
该由洛,1
该种,1
该章,1
讨论,1
认定,1
表中以,1
被压迫,1
被洛,1
被生,1
被解,1
裁纸,1
裁缝,1
裁缝业,1
装备,1
装订机,1
装进,1
西过,1
要不是,1
要作,1
要够,1
被切,1
要性,1
衰落,1
表为例,1
表从,1
表作,1
表使,1
表印,1
表向,1
表在,1
表所,1
表所要,1
表把,1
表是,1
表有,1
表来,1
表达出来,1
表都,1
要小些,1
要点,1
计件工资,1
观察者,1
觉得,1
解为,1
解决困难,1
解开,1
解放,1
解答,1
解脱,1
解释一下,1
触及,1
言中,1
言归,1
警告,1
规定性,1
见迪肯,1
要用,1
见证人,1
要知,1
院士,1
要耗,1
要花,1
要象,1
要足,1
见下文,1
见于,1
见亚,1
见到,1
见前,1
见同,1
见康斯,1
见表,1
见论,1
棉织,1
棉纺业,1
棉絮,1
小岛,1
领土,1
将会少,1
尊敬,1
尊贵,1
小农,1
小到,1
小屋,1
小得,1
工资分,1
小瀑布,1
小节,1
小资,1
小部,1
少些,1
少吨,1
少地,1
射击场,1
封锁,1
对马尔,1
对预,1
对利,1
对加,1
对劳,1
对原,1
对外,1
对性,1
对排,1
对照,1
对租,1
对立物,1
对谷,1
对质,1
对费,1
对量,1
对金,1
少成,1
少数几个,1
少是,1
屋里,1
展所,1
展现,1
属性,1
属矿,1
山时,1
工业原料,1
工业用,1
工业界,1
预告,1
工作量,1
工和,1
工商业界,1
工夫,1
展开,1
居留地,1
尖括号,1
居于,1
尤利乌,1
就代,1
就会值,1
就会发,1
就会消,1
就会降,1
就利,1
就可以看,1
就导,1
就毫,1
就生,1
就行,1
就读,1
局限,1
对价,1
对人,1
学术,1
宁可,1
宁肯,1
题同,1
题上,1
它维,1
它表,1
它降,1
安全,1
安得列,1
安得鲁,1
安慰,1
安特卫普,1
完全同意,1
完全恢复,1
孩子,1
学期,1
完它,1
学教人,1
妊症,1
始人,1
始终保持,1
始终认为,1
姑且,1
威望,1
字句,1
字数,1
字面上,1
存放,1
存有,1
学上,1
学会,1
学原,1
学徒,1
完善,1
完结,1
察中,1
家写,1
家比,1
家里,1
容克,1
容忍,1
宽容,1
宾夕法尼亚,1
寄生,1
寄生虫,1
密切联系,1
密走,1
富商,1
富有,1
富足,1
寒冷,1
家所能,1
家中,1
定律,1
定时,1
定量,1
宜于,1
宝业,1
宝藏,1
宝贝,1
实就,1
实证,1
领新,1
实际水平,1
实际证明,1
客体,1
客观,1
宣传,1
宣布,1
工艺,1
工资额,1
得象,1
弗雷德里克,1
引导,1
引自,1
引述,1
弗兰德,1
弗吉尼亚,1
弗朗西斯科,1
弗里德里希,1
左上角,1
强制手段,1
强加在,1
强大,1
强度,1
强弱,1
强求,1
归农,1
引在,1
引力,1
引入歧途,1
弄到手,1
度过,1
度量,1
庭园,1
康斯,1
康斯担,1
建设,1
开了个,1
开幕,1
开明,1
开矿,1
异乎寻常,1
异化,1
异议,1
弄乱,1
归到,1
归土,1
归并,1
往下读,1
征兆,1
征收,1
很多年,1
很富,1
很明,1
很能,1
律上,1
徒作,1
徒劳,1
徒有其名,1
得堡,1
得太多,1
得意,1
往前走,1
彼此间,1
归总,1
归根结底,1
归用,1
归结到,1
当事,1
当人,1
当代,1
当兵,1
当出,1
当初,1
当原,1
当坏,1
当对,1
当较,1
彩票,1
影子,1
度时,1
度上,1
废止,1
布业,1
布莱顿,1
布鲁,1
师傅,1
希腊,1
帕特里克,1
帮忙,1
常由,1
常礼,1
常见,1
常量,1
干净,1
干机,1
干薪,1
干酪,1
布劳,1
顾忌,1
平和,1
币量,1
左右,1
巨大变化,1
巨额,1
差地,1
差少,1
己加,1
已不象,1
已作,1
已全,1
已写,1
已收,1
已标作,1
已知,1
巴蒂斯特,1
平分,1
顾客,1
底斯是,1
并同,1
并支,1
并行不悖,1
并解,1
幸运,1
幼年时期,1
广义,1
广得,1
应从,1
应摊,1
应时,1
应有,1
应象,1
底层,1
并存着,1
并入,1
并供,1
平庸,1
平所,1
平整,1
平方英尺,1
平等,1
年产量,1
年代,1
年前,1
年收入,1
年版,1
并不比,1
并不相同,1
并不需要,1
并会,1
并作,1
妄图,1
如铁,1
如矿肥,1
国人,1
困境,1
困苦,1
围内,1
固定价格,1
风险,1
固然会,1
国会,1
如此等等,1
国住,1
国土,1
风格,1
国富,1
国界,1
国立,1
国防,1
团体,1
因资,1
因袭,1
器中,1
四件,1
四分,1
四十年代,1
四千,1
四种,1
四类,1
四角,1
回流,1
食利,1
因于,1
因新,1
飞跃,1
因瀑,1
飞禽走兽,1
国际贸易,1
图倒,1
图想,1
地一,1
地举,1
地交,1
地以,1
地值,1
地减,1
地创,1
地利,1
地卖,1
地去,1
地反,1
地变,1
地和用,1
地多,1
地小,1
地带,1
地不多,1
额来,1
风力,1
在表面上,1
图本应,1
图用,1
图表,1
圆圈,1
圆括号,1
圈地,1
圈子里,1
风俗习惯,1
土地国有,1
土地平整,1
土质,1
在业,1
在发言中,1
在实践中,1
在理,1
喜豆,1
喜爱,1
喋喋不休,1
食用者,1
含糊不清,1
含较,1
听从,1
启发,1
吸取,1
吸引,1
吸引住,1
吸引力,1
吹毛求疵,1
呈现,1
呈现出,1
员带,1
含着,1
吞食,1
周即,1
同级,1
同老地,1
同行业,1
同该,1
同资,1
同超,1
同重,1
同量资,1
同非,1
后为,1
后尘,1
向固,1
向往,1
向洛,1
食用动物,1
周用,1
善意,1
品而,1
哄抬,1
响较,1
哪几种,1
唯心主义者,1
唯有,1
唾手,1
啃食,1
商业城市,1
商业性,1
商品税,1
商品经济,1
商标,1
啤酒业,1
品脱,1
品相,1
品所,1
咀嚼,1
食客,1
和富,1
和平,1
和政,1
和施,1
和积,1
和织,1
品一,1
品不,1
品再,1
品同,1
品在,1
品将,1
品就会,1
地成,1
地所,1
地指,1
大喝一声,1
大大简化,1
大学生,1
大工,1
大惊小怪,1
大成,1
大河,1
大灾难,1
大略,1
大笔,1
大肆宣扬,1
大致相同,1
大西洋,1
大谈,1
大财,1
大都,1
大国,1
大利,1
天天,1
大农,1
多样,1
多样化,1
多生,1
多种,1
多纺,1
多花,1
多长,1
多长时间,1
多高,1
够不够,1
够用,1
额中,1
大些,1
大众化,1
大体,1
大错,1
天性,1
多只,1
奠基,1
奥本,1
女儿,1
奴役,1
奴隶主,1
奶油,1
好得多,1
好极了,1
好用,1
好评,1
好麦,1
如买,1
如吨,1
如对,1
奢欲,1
奖章,1
天生,1
太低,1
太远,1
太阳,1
失外,1
失败,1
头上,1
头去,1
头足倒置,1
夷平,1
额不因,1
夺去,1
奇论,1
奇谈怪论,1
奇迹,1
多收,1
多卷,1
地提,1
场来,1
均率,1
坏地,1
坏性,1
坏蛋,1
坚决,1
垃圾,1
垦新地,1
埋怨,1
城乡,1
城市居民,1
城税,1
培植,1
均化,1
场富,1
基本特征,1
额换,1
地方性,1
地显,1
地比,1
地点,1
地狱,1
地理,1
额时,1
地称,1
地结,1
地质学,1
地质学家,1
地造,1
地靠,1
地高,1
场中,1
基尼,1
基本规律,1
多些,1
处处,1
处置,1
备用,1
复利,1
复合体,1
复式簿记,1
复杂化,1
夏季,1
外交家,1
外加,1
外国人,1
外衣,1
外表,1
外观,1
外逃,1
多一点,1
处死,1
处在,1
基督教,1
声明,1
基金会,1
堆栈,1
堵塞,1
塞尔,1
境中,1
额所,1
增加利润,1
增加收入,1
增加量,1
增强,1
额大,1
增长率,1
士式,1
士涨,1
得者,1
非常低,1
日益完善,1
旧套,1
旧时代,1
旧机,1
早于,1
早起,1
时上,1
暴力,1
时为,1
时以,1
时低,1
时合,1
时告,1
时大,1
时应,1
日数,1
日常用语,1
日即,1
既互,1
无庸,1
无庸置疑,1
无情,1
无意,1
无损于,1
无政府主义,1
无数,1
无权,1
无止境,1
无比,1
无知,1
无穷无尽,1
无花,1
无限期,1
无须再,1
时归,1
时得,1
时所要,1
是果,1
是资,1
昼短,1
显而易见,1
显露出,1
晕头转向,1
晚些,1
普卜,1
普及,1
普遍意义,1
普鲁,1
智慧,1
暂时性,1
是现,1
昨天,1
时有,1
昧着良心,1
时本,1
时比,1
时能,1
时装,1
时起,1
时转,1
非卖,1
时间尺度,1
昂利,1
易举,1
易于,1
易懂,1
星期,1
无可非议,1
无力,1
无利可图,1
数多,1
数学,1
数是,1
数来表,1
数构,1
数比,1
数比肉,1
数百篇,1
数计,1
数越,1
数都,1
整头,1
整年,1
整座,1
文不,1
数大,1
数上,1
文学,1
敦第,1
敌人,1
敏感,1
敏捷,1
敏锐,1
救人,1
教义,1
教养,1
教导,1
教徒,1
教条,1
教科,1
教科书,1
散体,1
文中,1
文就,1
无产,1
新来,1
新英格兰,1
新资,1
新近,1
新领,1
新颖,1
新鲜,1
新鲜事,1
方括号,1
施加,1
施加压力,1
施肥,1
施舍,1
施行,1
旋形,1
无中生有,1
新犁,1
新机,1
文用,1
新奇,1
文集,1
料上,1
料则,1
料到,1
断使,1
斯在,1
斯多葛,1
非常广阔,1
斯托夫,1
斯拉法,1
斯蒙,1
非常容易,1
新创,1
新增,1
暗示,1
暴发户,1
微小,1
枯竭,1
析分,1
林木,1
果会,1
果同量,1
果布,1
枯萎,1
曲折,1
某地,1
某种原因,1
某种意义,1
染色,1
柔弱,1
查明,1
极力,1
来进,1
来购,1
需要量,1
杂记,1
村中,1
杜宾根,1
震荡,1
来估,1
来供,1
来决,1
来到,1
来否,1
来回,1
来开,1
来时,1
来维,1
来计,1
查默,1
柯贝,1
根本原因,1
格上,1
格下,1
格为,1
格出,1
格外,1
格奥尔,1
格对,1
格式,1
格措夫,1
格时,1
格来,1
格涨,1
栽种,1
桥梁,1
梗阻,1
根源,1
根数,1
标以,1
需求者,1
标志,1
树干,1
树苗,1
校订,1
样作,1
样化,1
样品,1
样式,1
样才,1
样来,1
样用,1
样说,1
核实,1
核对,1
核心,1
杂在,1
机来,1
最明,1
最肥,1
最远,1
最迫,1
最长,1
霍普金,1
有什,1
有以,1
有保,1
有别于,1
有危,1
有名无实,1
有土,1
有够,1
有大有小,1
有市,1
最糟,1
最新,1
有所为,1
最小限度,1
更大些,1
更妙,1
更少,1
更正,1
更能,1
更贵,1
更进一步,1
更高得,1
曼彻,1
替人,1
靛蓝,1
最低水平,1
最低点,1
最喜,1
最多,1
有必,1
有无,1
机智,1
未能,1
末期,1
霍普,1
本之比,1
本例,1
本内,1
本同,1
本年,1
本要,1
本过,1
机中,1
霍尔,1
机器设备,1
机在,1
机是,1
末日,1
未经,1
有机体,1
未开化,1
有机物,1
有极,1
有点,1
有种,1
有纱,1
有经,1
有贵,1
有趣,1
服役,1
朗斯,1
期刊,1
期票,1
期限内,1
未变,1
效用,1
效地,1
效力,1
或牧,1
我购,1
或全,1
或制,1
或布,1
或收,1
或法,1
或流,1
或直,1
故事,1
或矿,1
或社,1
或种,1
鞋后跟,1
鞋匠,1
或能,1
或谷,1
我认,1
我要,1
我来,1
我敢,1
慈善,1
慷慨,1
懂农,1
鞋机,1
成中,1
成其为,1
成捆,1
成本,1
成本增加,1
成纱,1
成较,1
成长,1
成问题,1
鞋底,1
鞋帽,1
或造,1
或长,1
或降,1
所要,1
所述,1
手册,1
手去,1
才干,1
打交道,1
打包,1
打成,1
打转转,1
扣掉,1
扩充,1
扩建,1
扬扬得意,1
所趋,1
所表,1
所考,1
战时,1
截然,1
所享,1
所利,1
所含,1
所吸,1
所在,1
所在地,1
所处,1
所大之数,1
所得税,1
所提,1
面对,1
所消,1
所编,1
愤愤,1
间接税,1
感到疲倦,1
快于,1
念中,1
怀有,1
态下,1
态度,1
怎样才能,1
怒气冲冲,1
思维过程,1
急遽,1
怨言,1
总产量,1
总价,1
总利,1
忧虑,1
总差,1
忠实,1
微少,1
德国人,1
心中,1
心安理得,1
心意,1
心理,1
心理学,1
必不可少,1
必将,1
忌妒,1
忍受,1
忍饥挨饿,1
志上,1
忙于,1
总合,1
总想,1
感兴趣,1
悲喜剧,1
惊讶,1
惩罚,1
惬意,1
惯有,1
想不起,1
想以,1
想知,1
愈小,1
愈高,1
愉快,1
意外,1
意大利人,1
愚昧,1
感伤,1
鞋面,1
总支出,1
悄悄地,1
总生,1
总统,1
总而言之,1
总能,1
总账,1
总费用,1
总起来说,1
总过,1
总面积,1
恐惧,1
恰同,1
恰巧,1
恶运,1
扬言,1
批评者,1
控制,1
措辞,1
提了,1
提前,1
提取,1
提心吊胆,1
提成,1
提案,1
提议,1
提醒,1
非生产性,1
插图,1
揭露,1
援助,1
搜刮,1
推到,1
接说,1
搞乱,1
接种,1
换来,1
换种,1
换言之,1
捣碎,1
排列,1
排干,1
排成,1
排水,1
排水渠,1
排法,1
探索,1
接下去,1
接供,1
接受下来,1
接同,1
搜集,1
搞糊涂,1
换取,1
收容所,1
收获量,1
改写,1
改地,1
改成,1
改换,1
改观,1
改译,1
改革,1
攻破,1
放牧,1
放进,1
政权,1
政治经济学界,1
收税,1
收买,1
搬出,1
支持,1
摆在,1
摇篮,1
摧残,1
摹仿,1
撕坏,1
撕掉,1
播在,1
播种机,1
操作,1
操劳,1
操心,1
攫为己有,1
换掉,1
换个,1
找出路,1
抹杀,1
抽出去,1
抽到,1
抽掉,1
抽象地,1
担负,1
担风险,1
拆毁,1
拉扯,1
拉萨尔,1
拖延,1
拙劣,1
择一,1
抬到,1
抨击,1
拿到,1
报告,1
把利,1
把握,1
把握住,1
把资,1
面上,1
投回,1
投票,1
投资部,1
折旧基金,1
折算,1
抚养,1
抛西,1
报偿,1
拯救,1
指冯,1
捡拾,1
挖掘,1
挣得,1
挣比,1
挤压,1
挤奶机,1
挨饿,1
挪威,1
捉摸,1
捏造,1
捐献,1
捕获,1
捕鱼,1
捕鹿,1
损伤,1
损坏,1
指唐森,1
挑动,1
指年,1
指弗,1
指总资,1
指洛,1
指用,1
指由,1
指约,1
指萨伊,1
按减,1
按同,1
按平,1
按洛,1
靠近,1
按理,1
按节,1
把关,1
