劳动,2998
资本,2739
价值,2529
生产,2273
商品,2019
利润,1381
工人,1306
产品,1246
这种,1241
资本家,1091
作为,1005
形式,905
如果,789
工资,784
这个,742
但是,734
使用,719
不是,702
自己,691
剩余价值,681
表现,676
李嘉图,670
一个,660
过程,650
因为,647
货币,640
价格,622
他们,602
情况,600
夸特,577
它们,543
这里,542
这样,524
因此,523
没有,512
本身,505
利润率,505
资本主义,496
部分,492
土地,487
一种,483
就是,480
只是,469
那末,468
可以,465
不同,458
我们,457
交换,456
由于,449
时间,433
这些,423
增加,419
地租,416
等于,416
条件,408
一部分,408
积累,395
社会,384
不变资本,377
必须,376
费用,368
决定,367
比例,367
政治经济学,364
消费,364
提高,362
利息,352
一样,352
存在,348
其他,347
之间,345
可能,344
关系,339
马尔萨斯,332
直接,330
东西,328
发展,319
任何,317
转化,311
收入,306
包含,298
得到,297
机器,296
现在,291
构成,286
而且,286
而是,276
或者,273
支付,271
假定,269
相对,264
出来,263
工作日,262
减少,258
理论,254
关于,254
以前,251
增长,251
马克思,250
再生产,248
财富,245
来说,244
一切,244
一定,243
经济学家,243
提供,237
只有,237
需求,233
市场,232
劳动量,232
问题,231
所以,230
已经,230
不变,229
完全,228
不能,224
进行,223
产生,219
发生,216
结果,214
剩余劳动,213
著作,209
全部,207
农业,207
等等,206
所有者,206
同样,206
一点,204
或者说,204
可变资本,198
前提,197
变动,195
下降,194
并且,193
资产阶级,191
需要,190
降低,189
取决于,187
例如,186
按照,186
固定资本,186
预付,184
花费,183
实际,183
为了,183
穆勒,182
通过,181
实际上,180
相同,180
原料,180
占有,179
那里,179
影响,178
源泉,178
以及,178
出卖,176
特殊,176
一般,176
性质,175
起来,175
理解,174
伦敦,174
还是,172
成为,172
不过,171
不会,170
同时,170
所有,169
购买,168
基础,167
要素,167
政治,165
阶级,165
观点,165
代表,164
补偿,164
庸俗,164
小时,163
具有,162
什么,162
因而,161
考察,159
能力,158
从而,158
创造,157
矛盾,157
能够,157
场合,155
供给,155
绝对,155
谷物,154
仅仅,153
相反,153
交换价值,153
生产力,153
规律,152
国家,152
这一,151
劳动者,150
产业,150
流通,150
取得,148
反对,147
原因,147
区别,145
斯密,145
生产者,145
对于,144
分配,142
程度,140
认为,140
生产方式,140
剩余产品,139
英国,138
琼斯,136
支配,136
原理,136
加入,135
作用,134
不仅,134
工业,134
学派,133
虽然,132
支出,131
自然,131
人口,131
意义,130
实现,129
不断,129
说明,128
及其,126
形成,126
属于,126
某种,125
余额,124
两种,124
正确,124
所有权,123
出现,123
基金,123
棉花,121
领域,120
随着,120
生活资料,119
预付资本,119
变化,119
职能,117
第二,117
完成,116
劳动生产率,116
那些,115
那样,115
份额,114
解体,113
对立,113
解释,112
部门,111
作者,111
尽管,111
其中,111
用来,110
归结为,110
表示,109
各种,109
同一,109
塔勒,109
总是,109
最后,108
看到,108
这是,108
先生,107
别人,106
流动资本,106
只要,106
时候,105
过去,104
保持,104
也就是说,104
买者,104
应该,103
相比,103
比较,102
应当,102
计算,101
经济,101
剩余价值率,101
甚至,101
数量,101
获得,101
贝利,100
剩余,100
超过,99
用于,99
一些,99
必然,99
两个,98
生活,98
因素,97
物品,97
怎样,97
整个,96
引起,96
指出,95
错误,95
拉姆赛,95
只能,95
不管,94
就是说,93
阶段,92
独立,91
证明,89
根据,89
竞争,89
工具,89
等价物,89
相等,88
麦克,87
另一方面,87
编者注,86
规定,86
追加,86
分工,84
看来,84
即使,84
等同,83
才能,83
手段,82
历史,82
相互,82
包括,81
真正,80
霍吉斯,80
简单,80
首先,79
报酬,78
地方,78
困难,78
除了,78
方法,78
方式,77
第一,77
方面,77
正是,77
现象,77
得出,77
规模,76
全集,76
在于,76
始终,76
差别,76
分离,75
论点,75
造成,75
每个,75
恩格斯,75
物质,74
扩大,74
手里,73
平均,73
剥削,73
所说,73
高利贷,72
奢侈品,72
生息,72
研究,72
总量,71
谈到,71
尺度,71
说法,71
根本,70
要求,70
是从,70
重要,70
卖者,69
国民,69
单个,69
一年,68
进入,68
当然,68
维持,68
库洛赫,68
商人,67
上述,67
概念,66
看作,66
从事,66
以下,66
财产,66
既然,66
付给,65
人数,65
然而,65
属性,65
仍然,64
唯一,64
依据,64
租地,63
农场主,63
提出,63
特别,63
主要,63
储备,62
无产阶级,62
利益,62
定义,62
批判,62
形态,62
非生产,62
可见,62
开始,61
辩护,61
反对派,61
加以,61
下面,61
结论,61
比利,60
目的,60
以后,60
工作,60
执行,59
价值规律,59
由此,59
种子,59
是因为,59
活劳动,59
必要,59
舍尔,58
小册子,58
大量,58
事实上,58
用语,58
雇佣劳动,58
本人,58
组成部分,57
积蓄,57
发现,57
无酬,56
最初,56
既定,56
手稿,56
工人阶级,56
本册,56
商业,55
固定,55
主义,55
出版,55
看成,55
变成,55
利息率,55
实物,55
差额,55
必需,55
还有,55
附加,54
每年,54
那种,54
损失,54
不再,54
其次,53
时期,53
换句话说,53
人们,53
改变,53
单纯,53
见解,53
工厂,53
见本,53
耗费,52
消费者,52
论述,52
如此,52
自身,52
活动,52
服务,52
资本积累,52
一起,52
一定量,51
观念,51
进一步,51
内在,51
事实,51
体系,51
经常,51
一方面,51
清楚,50
状况,50
分析,50
办法,50
争论,50
混淆,50
产业资本,50
托伦斯,50
重新,50
价值尺度,50
个别,50
的话,50
上面,49
可是,49
物化,49
运动,49
多少,49
无关,49
明显,49
生产率,49
有关,49
个人,48
消失,48
生活必需品,48
界限,48
某些,48
那个,48
反驳,48
地位,47
超额利润,47
雇用,47
商品生产,47
身上,47
经济学,47
推动,47
本家,46
企业主,46
非常,46
撇开,46
名义,46
材料,46
增大,46
农民,46
农学,45
以外,45
平均利润,45
棉纱,45
之外,45
确定,45
纯粹,45
当作,45
利用,45
萨伊,45
涉及,44
至于,44
周转,44
如下,44
高于,44
有机,44
辅助,44
同一个,44
荒谬,44
第一个,43
决不,43
相应,43
巴黎,43
后来,43
这笔,43
各个,43
匿名,43
为什么,43
此外,42
如何,42
之前,42
行业,42
很大,42
世界,42
制度,42
通常,42
地说,42
保存,41
科学,41
付出,41
无非,41
本质,41
丝毫,41
引用,41
现实,41
互相,41
彼此,41
确切,41
这时,41
抽象,41
所谓,40
让渡,40
投入,40
后者,40
注释,40
联系,40
便宜,40
普通,40
加上,39
仍旧,39
平均化,39
来看,39
于是,39
承认,39
等量,39
衡量,39
西斯蒙,39
下来,38
制造,38
处于,38
发明,38
以致,38
拜物教,38
若干,38
解决,38
物化劳动,38
表述,37
实质,37
加工,37
不得不,37
意思,37
生产关系,37
拥有,37
耕种,37
有酬,37
第二个,37
继续,37
所得,37
显然,37
新加,36
高利贷者,36
至少,36
增殖,36
结合,36
附录,36
几乎,36
约翰,36
无论,36
说成,36
称为,36
雇佣工人,36
第一种,36
生产资料,36
便士,36
必要劳动,36
一次,36
对外贸易,35
意味着,35
表明,35
交易,35
以便,35
第二十一章,35
满足,35
共同,35
自由,35
大于,35
一半,35
确实,35
代替,35
似乎,35
产物,34
原有,34
绝对量,34
规定性,34
经营,34
资料,34
进步,34
节约,34
贫困,34
正好,34
否则,34
价值量,34
磨损,33
危机,33
农产品,33
经过,33
叫作,33
低于,33
手中,33
十分,33
看法,33
之一,33
詹姆斯,33
复利,33
范畴,33
麻布,33
肥力,33
先令,33
水平,33
论战,33
永远,33
统治,33
手工业者,32
建立,32
总价值,32
采用,32
普遍,32
期间,32
基本,32
正如,32
城市,32
纺纱,32
是否,32
例子,32
总额,32
必需品,32
统一,32
统一体,32
主义者,32
还要,32
达到,32
其实,32
蒲鲁东,32
只不过,31
之后,31
另外,31
调节,31
贷出,31
阐述,31
分解,31
中所,31
例外,31
现有,31
手工业,31
法律,31
单位,31
呢绒,31
生产过剩,31
第三,31
事情,30
不谈,30
第十,30
法国,30
回到,30
行为,30
表面,30
波动,30
补充,30
提到,30
原来,30
学说,30
范围,30
找到,30
力量,30
商业资本,30
贷款人,29
出发,29
商品量,29
中间,29
奴隶,29
借以,29
咖啡,29
之所以,29
注意,29
资本论,29
意见,29
延长,29
前面,28
有时,28
劳动资料,28
自行,28
评论,28
增加一倍,28
知道,28
同量,28
变为,28
相适应,28
可变,28
借贷,28
考虑,28
扣除,28
名称,28
越来越,28
第二种,28
好象,28
监督,28
降到,28
变得,28
否定,28
适用,28
限制,28
并存,28
思想,27
一般说来,27
参看,27
吸收,27
总之,27
从前,27
穆勒先生,27
商品交换,27
恰恰,27
下述,27
排除,27
特点,27
动机,27
诺夫,27
表达,27
转移,27
可能性,27
趋势,27
然后,27
诚然,26
成品,26
棉布,26
剩下,26
理由,26
就象,26
多于,26
垄断,26
无法,26
技能,26
论断,26
中世纪,26
如果说,26
受到,26
较坏,26
必要性,26
信用,26
却是,26
连续性,26
一节,25
以上,25
积聚,25
中介,25
术语,25
破坏,25
大纲,25
异化,25
混乱,25
某个,25
计划,25
级差地租,25
一章,25
不同于,25
改良,25
换得,25
这方面,25
对象,25
嘉图,25
权力,25
两者,25
蓄水池,25
斗争,25
怎么,25
由此可见,24
普雷沃,24
体现,24
前者,24
最终,24
当时,24
逐渐,24
大部分,24
收益,24
分割,24
知识,24
这段话,24
内部,24
种类,24
毫无,24
卡泽,24
看出,23
得出结论,23
固有,23
这样一来,23
暂时,23
一部,23
分为,23
集中,23
充分,23
反复,23
许多,23
爱丁堡,23
比率,23
必定,23
采取,23
一句,23
更加,22
参加,22
收成,22
说来,22
人民,22
划分,22
私人,22
状态,22
人类,22
一笔,22
转到,22
托马斯,22
接近,22
容易,22
路德,22
第二年,22
在内,22
其余,22
反映,22
带来,22
货币资本,22
一类,22
混为一谈,22
结束,21
第二十四章,21
榨取,21
自然力,21
缩短,21
同义,21
每天,21
懂得,21
吃掉,21
曾经,21
对抗,21
公式,21
限度,21
他人,21
这位,21
内容,21
食物,21
用作,21
哲学,21
多么,20
充斥,20
处在,20
先前,20
流动,20
足够,20
贷款,20
代价,20
有人,20
希望,20
掩盖,20
还原,20
企图,20
农村,20
社会主义,20
重复,20
意识,20
空间,20
文斯顿,20
成反比,20
别的,20
一本,20
偶然,20
游离,20
不用,20
帮助,20
换取,20
加速,20
作出,19
美国,19
利率,19
特征,19
对立面,19
卖出,19
丧失,19
资产,19
亚洲,19
本书,19
回答,19
第二十三章,19
例证,19
一书,19
工场,19
发生变化,19
适应,19
依靠,19
一篇,19
肥沃,19
摊到,19
间接,19
居民,19
就要,19
贸易,19
这部分,19
某一,19
生存,18
自然界,18
试图,18
面包,18
大小,18
本来,18
尝试,18
第一年,18
感到,18
妨碍,18
本卷,18
劳动所,18
最低,18
放在,18
不必,18
二者,18
很少,18
无论是,18
所用,18
迅速,18
不可,18
中文版,18
区分,18
方向,18
商品价格,18
也许,18
权利,18
一天,18
更大,18
之中,18
停留,18
劳动工具,17
外表,17
增多,17
组成,17
一段话,17
实体,17
有效,17
而言,17
距离,17
克菲尔德,17
足以,17
决不能,17
牧师,17
中断,17
中有,17
独立化,17
古典,17
来自,17
一旦,17
学家,17
罗雪尔,17
有利,17
平衡,17
的确,17
空想,17
主张,17
论证,17
一下,17
雇主,17
企业,17
供求,17
葡萄酒,17
相当,17
相对来说,17
辅助材料,17
其他人,17
古尔登,17
束缚,17
所作,17
技术,17
那时,16
发达,16
总和,16
赋税,16
来源,16
开来,16
消除,16
社会关系,16
斯图亚特,16
上去,16
直到,16
原始,16
撇开不谈,16
派生,16
操作,16
照旧,16
哪里,16
专门,16
否认,16
计量,16
这就是说,16
生产性,16
这本,16
平等,16
人口过剩,16
做到,16
动力,16
教会,16
转入,16
写道,16
纱锭,16
尽可能,16
引文,16
李嘉,16
那么,16
德国,16
歪曲,16
合理,16
偏离,16
有用,16
人格化,16
货币流通,16
越是,15
革命,15
非农业,15
布雷,15
双重,15
较大,15
还会,15
起源,15
保护,15
厂主,15
看起来,15
这句,15
接着,15
信贷,15
无论如何,15
预先,15
杂志,15
时代,15
个人消费,15
颠倒,15
陷入,15
引证,15
多余,15
原则,15
阐明,15
出发点,15
到处,15
借款人,15
速度,15
开辟,15
剽窃,15
社会主义者,15
除非,15
离开,15
互相交换,15
交给,15
耕地,15
维护,15
论据,15
古代,15
摆脱,15
富人,15
主顾,15
上涨,15
数额,15
家庭,15
收取,15
掌握,15
垄断价格,14
回流,14
提倡,14
英文,14
一致,14
国富论,14
强调,14
客观,14
欲望,14
涨价,14
未来,14
大多数,14
获取,14
萨斯,14
经受,14
经历,14
机械,14
抓住,14
反过来,14
化学,14
贝尔,14
第三卷,14
况下,14
好处,14
管理,14
罗马,14
反对者,14
半个,14
富有,14
往往,14
等价,14
道路,14
道德,14
发表,14
决不会,14
资本有机,14
奴隶制,14
比如说,14
停止,14
出售,14
打算,14
等于零,14
因而是,14
时所,14
人物,14
业者,14
两类,14
无关紧要,14
前后,14
排挤,14
牺牲,14
国王,14
贮藏,14
主体,14
譬如说,14
近来,13
脱离,13
巴师夏,13
功绩,13
羊毛,13
印度,13
享受,13
降价,13
准备,13
长度,13
果实,13
部类,13
很多,13
突然,13
地主,13
联合,13
特有,13
断言,13
纺纱机,13
庸俗化,13
便是,13
逻辑,13
动量,13
数字,13
损耗,13
三种,13
议论,13
不要,13
子棉,13
各自,13
少量,13
失去,13
年终,13
三角形,13
赖以,13
手法,13
第二十二章,13
共产主义,13
资本化,13
不到,13
最好,13
略论,13
刺激,13
承担者,13
最大,13
较少,13
三个,13
巨大,12
一物,12
赋予,12
依赖,12
小麦,12
赔偿,12
衣服,12
市民,12
公正,12
总共,12
独特,12
领取,12
一方,12
索引,12
目前,12
消耗,12
哲学家,12
保证,12
规则,12
连同,12
正常,12
生产工具,12
每次,12
柴尔德,12
愿望,12
评述,12
结构,12
国内,12
抢劫,12
设想,12
棉纺织品,12
导致,12
后面,12
用以,12
欺骗,12
完善,12
重商主义,12
特定,12
质量,12
不言而喻,12
完全正确,12
毫无关系,12
假设,12
不论,12
宣称,12
贷放,12
为此,12
封建,12
标题,12
文章,12
来源于,12
具体劳动,12
并不比,12
现代,12
养活,12
双方,12
推翻,12
虚构,12
一贯,12
抵销,12
以为,12
雇佣,12
决定性,12
行会,12
指望,12
具体,12
正象,12
当中,12
局限性,11
贵族,11
不象,11
合乎,11
求助于,11
第三种,11
固然,11
两笔,11
详细,11
转化成,11
生产费,11
四次,11
大规模,11
原始积累,11
单独,11
所有物,11
幻想,11
寻找,11
斯特林,11
人为,11
肯定,11
少于,11
转变,11
不合理性,11
中为,11
当事人,11
究竟,11
济学,11
凡是,11
每人,11
投资,11
农奴,11
限于,11
欧洲,11
大大,11
不等量,11
一倍,11
伟大,11
全体,11
重大,11
亚当,11
主观,11
润率,11
相信,11
感觉,11
收回,11
力图,11
劳动力,11
等级,11
乳牛,11
所有制,11
今天,11
腰包,11
永恒,11
它同,11
另一方,11
世界市场,11
彻底,11
面积,11
去掉,10
体力,10
表现形式,10
平行四边形,10
极端,10
不了,10
回避,10
精神,10
作家,10
尤其,10
白白,10
说道,10
思想家,10
立场,10
流回,10
生出,10
自有,10
不足,10
所能,10
纯利润,10
进程,10
归结,10
投机,10
遭受,10
政论家,10
再生,10
瓦解,10
算作,10
一段时间,10
变贵,10
数目,10
必然性,10
愿意,10
抽象劳动,10
支配权,10
允许,10
意大利,10
挥霍,10
同一时间,10
有些,10
食利者,10
煤炭,10
国民经济,10
不论是,10
获利,10
商品流通,10
译本,10
现成,10
值得注意,10
织布,10
鼓吹,10
各页,10
不管怎样,10
欺诈,10
了解,10
绝妙,10
遭到,10
畜牧业,10
肤浅,10
民族,10
中是,10
作日,10
活动家,10
不合理,10
发挥,10
得不到,10
蠢驴,10
正在,10
取决,10
经理,10
适当,10
加进,10
叙述,10
留给,10
反而,10
公元前,10
高度,10
西尼耳,10
供求关系,10
租佃,10
攻击,10
态度,10
消灭,10
银行家,10
标准,10
消费基金,10
从来,10
现存,10
给予,10
起点,10
同较,10
消费品,10
宗教,10
废除,10
殖民,10
买到,10
风险,10
全年,9
底斯,9
物质财富,9
缩减,9
极其,9
局部,9
正文,9
最先,9
简言之,9
爱尔兰,9
借来,9
神秘,9
繁荣,9
国君,9
应用,9
致富,9
应得,9
奴隶劳动,9
农业工人,9
创造者,9
第三者,9
无偿,9
重要性,9
绝不,9
或多或少,9
札记,9
乌斯,9
熟练,9
段时间,9
效率,9
内在联系,9
长靴,9
将会,9
一磅,9
摘录,9
人口论,9
难道,9
严格,9
年内,9
为生,9
过剩,9
不外是,9
无疑,9
监工,9
殖民地,9
遇到,9
回事,9
猜测,9
佩珀,9
连续,9
控制,9
无知,9
推论,9
得以,9
分册,9
解决办法,9
树木,9
业主,9
为物,9
客观条件,9
迫使,9
过渡,9
修昔,9
想象,9
买卖,9
指挥,9
成果,9
日益,9
充裕,9
肉类,9
抵补,9
超额,9
上帝,9
接受,9
为例,9
实际工资,9
明确,9
骑士,9
信用制度,9
预支,9
群众,9
相交,9
变革,9
配第,9
很快,9
薪金,9
贫农,9
总的说来,9
私有,9
蒸汽机,9
相符合,9
质上,9
充当,9
这部,9
卖得,9
法定,9
缺陷,9
事物,9
有待,9
不付,9
分成,9
含义,9
而同,9
幸福,9
毫无疑问,9
等式,9
不仅仅,9
恰好,9
一国,9
卡耳,9
促使,9
贬值,9
生活费,9
建筑物,9
组织,9
一双,9
劳动价值论,9
反动,8
阶层,8
决于,8
就是指,8
交通工具,8
神秘化,8
隐藏,8
参与,8
税收,8
抽出,8
纺车,8
项目,8
阻碍,8
愚蠢,8
古希腊,8
私有权,8
基督教,8
说出,8
次要,8
产者,8
归于,8
平均数,8
理性,8
两倍,8
相互交换,8
身分,8
兴趣,8
小于,8
上升,8
表面现象,8
世纪,8
越大,8
失业,8
契约,8
一系列,8
常常,8
同上,8
一词,8
亚麻,8
茅舍,8
荷兰,8
什么样,8
制成,8
外部,8
相当于,8
无限,8
具备,8
帽子,8
剥夺,8
抄来,8
上来,8
称呼,8
可悲,8
不够,8
富裕,8
据说,8
大卫,8
留下,8
房屋,8
位置,8
孤立,8
毕竟,8
促进,8
公债,8
论文,8
回过头来,8
十九世纪,8
付酬,8
认识,8
不以,8
作坊,8
半数,8
图斯,8
有权,8
昆西,8
实行,8
下列,8
亏损,8
土地价格,8
英亩,8
依赖性,8
价格上涨,8
牲畜,8
缩小,8
缺乏,8
只须,8
必然结果,8
置于,8
分解成,8
假象,8
主人,8
保留,8
一份,8
维登堡,8
告诉,8
加快,8
寻求,8
古老,8
信徒,8
动物,8
一件,8
政治经济,8
铁路,8
忘记,8
针对,8
任何人,8
折衷主义,8
类似,8
破产,8
流入,8
封面,8
中才,8
想要,8
保险,8
每种,8
一段,8
依赖于,8
艺术,8
无息,8
很小,8
真是,8
合作,8
奇怪,8
宣扬,8
耕作,8
地表,8
通俗,8
肥料,8
适合,8
地点,8
积极,7
家仆,7
对待,7
穷人,7
第二册,7
列入,7
面前,7
十七世纪,7
从来不,7
应付,7
生长,7
购买力,7
利润额,7
协作,7
是不是,7
下跌,7
协调,7
资本周转,7
学理,7
所写,7
赛米尔,7
时才,7
共计,7
起初,7
越少,7
少得,7
贡献,7
原先,7
后果,7
不可避免,7
触动,7
有所,7
弄清楚,7
有力,7
不然的话,7
深刻,7
国外,7
毁掉,7
语言,7
更新,7
误解,7
体力劳动,7
批评,7
暴力,7
利息额,7
谬论,7
理查,7
年伦,7
少数,7
日内瓦,7
巧妙,7
工资水平,7
文明,7
避开,7
价值形式,7
一块,7
特性,7
工业部门,7
任务,7
银行,7
铸币,7
放弃,7
长短,7
和利,7
闲者,7
阻止,7
阿伦德,7
会同,7
片面,7
几个,7
估计,7
平均价格,7
实在,7
万人,7
灵活性,7
无耻,7
过度,7
估量,7
帕里,7
还给,7
独占,7
吸引,7
一百,7
一步,7
所指,7
取回,7
大批,7
已有,7
从中,7
勋爵,7
必定会,7
额外,7
德文,7
拙劣,7
均等,7
而已,7
徭役,7
同已,7
有限,7
某物,7
同所,7
地是,7
中起,7
脑力劳动,7
脱手,7
中来,7
努力,7
确立,7
罗伯特,7
借贷资本,7
段落,7
力求,7
夺取,7
麦克库,7
借入,7
同一性,7
欧文,7
只会,7
分裂,7
概论,7
概括,7
非生产性,7
社会制度,7
继承,7
动者,7
维修,7
缺点,7
征收,7
查默斯,7
相互间,7
期限,7
在业,7
威廉,7
看看,7
被动,7
本中,7
强化,7
被迫,7
行善,7
装进,7
未必,7
家里,7
袜子,7
要是,7
落后,7
化为,7
与此同时,7
舒适,7
霍普金斯,7
中以,7
传统,6
史上,6
使用权,6
盗窃,6
复杂,6
手工,6
创始人,6
神话,6
麦秆,6
盗贼,6
男人,6
各种各样,6
多样性,6
物质基础,6
物理,6
确认,6
物物,6
复合,6
禁止,6
真实,6
种植业,6
独立性,6
马尔,6
真理,6
看不见,6
派论,6
高额,6
着眼点,6
什一税,6
种种,6
抄袭,6
使得,6
天然,6
仆人,6
产量,6
现状,6
大大增加,6
现实性,6
富饶,6
成分,6
秘密,6
多一倍,6
环节,6
以来,6
产品价格,6
所换,6
大得多,6
法学家,6
投在,6
杜尔哥,6
词源学,6
为止,6
劳动对象,6
德里,6
货币量,6
本性,6
如同,6
为资,6
样子,6
布鲁塞尔,6
这么,6
而用,6
循环,6
一架,6
封建主,6
一直,6
得来,6
先决条件,6
不依,6
为同,6
厉害,6
柯贝特,6
聚集,6
坐在,6
无法解释,6
与其,6
担负起,6
期望,6
之内,6
普遍规律,6
当前,6
实践,6
垄断者,6
序言,6
一时期,6
缓慢,6
倾向,6
必要条件,6
坚持,6
假如,6
出色,6
违反,6
根源,6
世纪末,6
运用,6
强盗,6
尖锐,6
花掉,6
著名,6
落到,6
两物,6
机会,6
几章,6
年收入,6
地区,6
中国,6
中包,6
贺雷西,6
掠夺,6
日常,6
四倍,6
苏格兰,6
将要,6
共有,6
机构,6
时而,6
时要,6
个别生产,6
赚取,6
探索,6
平均水平,6
协会,6
描述,6
商品生产者,6
两卷,6
显著,6
某种程度,6
强迫,6
同意,6
地球,6
虚假,6
辩护士,6
丰富,6
一项,6
排斥,6
较长,6
很难,6
幼稚,6
中说,6
很长,6
归功于,6
分摊,6
马力,6
自作聪明,6
自动,6
出口,6
之下,6
模糊,6
情形,6
不用说,6
防止,6
公共,6
改善,6
第二类,6
不如说是,6
改进,6
准确,6
最早,6
讲道,6
千万种,6
简单劳动,6
教程,6
讨论,6
第三类,6
第三年,6
军队,6
障碍,6
不断扩大,6
固定化,6
依然,6
立即,6
刚才,6
亚里士多德,6
水准,6
除外,6
该书,6
不比,6
抛弃,6
第一卷,6
围绕,6
第一版,6
建筑业,6
高利,6
第三个,6
篇幅,6
最高,6
明天,6
奴仆,6
精纺,6
整体,6
解雇,6
工艺,6
邻人,6
思维,6
繁衍,6
公牛,6
不足以,6
一台,6
全世界,6
觉察到,6
再现,6
纸币,6
合理性,6
危险,6
十个,6
克服,6
忽视,6
终止,6
据为己有,6
借用,6
负担,5
生命,5
协助,5
君主,5
几种,5
资本集中,5
源流,5
反之,5
马铃薯,5
试图用,5
试论,5
下降时,5
普遍提高,5
星期,5
谴责,5
调节作用,5
凭证,5
半年,5
韦斯明,5
调和,5
不值,5
六倍,5
读者,5
十年,5
康斯坦,5
制铁,5
废话,5
仓库,5
不如,5
战争,5
马上,5
货币主义,5
更好,5
显示,5
所值,5
公社,5
智慧,5
削弱,5
财物,5
可笑,5
不利,5
不由,5
下去,5
昂贵,5
敌人,5
农产,5
教授,5
教条,5
金属,5
教育,5
所谈,5
一再,5
量同,5
量减少,5
敦版,5
写成,5
周围,5
写作,5
减小,5
即以,5
大概,5
历史学家,5
定期,5
减轻,5
历史观,5
避免,5
即无酬,5
一下子,5
命运,5
命题,5
随意,5
随便,5
马利昂,5
限定,5
顺便,5
优秀,5
照贝利,5
厄里,5
尼埃,5
就会,5
即用,5
发财致富,5
政府,5
断定,5
再假定,5
容许,5
它会,5
占为己有,5
托尔希,5
辩解,5
万镑,5
三倍,5
转让,5
反作用,5
卖回,5
身体,5
过剩人口,5
趋向,5
佃农,5
趋于,5
制造业,5
瑞士,5
执行者,5
所包,5
所加,5
单是,5
共同点,5
魔鬼,5
过来,5
途径,5
违背,5
斯特,5
送给,5
哪怕,5
已知,5
安德森,5
方便,5
巴顿,5
狭隘,5
一条,5
远景,5
留在,5
进来,5
插入,5
卡尔,5
无产者,5
集结,5
这块,5
以此,5
希腊,5
现为,5
商业利润,5
运到,5
加倍,5
如此而已,5
成立,5
中引,5
中归,5
自相矛盾,5
中心,5
私有制,5
每一,5
自由支配,5
自然物,5
着手,5
毁灭,5
毁坏,5
能否,5
非常明显,5
买来,5
胡说,5
胜过,5
事先,5
恢复,5
种族,5
机器设备,5
分享,5
驳斥,5
你们,5
儿童,5
相结合,5
植物,5
浅薄,5
我用,5
享乐,5
地以,5
流通领域,5
对此,5
简化,5
使人,5
节省,5
总体,5
开头,5
美妙,5
织机,5
洛克,5
经常性,5
碰到,5
经济范畴,5
复杂劳动,5
使用者,5
绪论,5
值得,5
之上,5
注明,5
之类,5
绝大部分,5
罢了,5
借助,5
停滞,5
硬化,5
分散,5
查理,5
初期,5
耽误,5
劳动部门,5
各国,5
劳动效率,5
偏见,5
只值,5
劳动强度,5
祭司,5
乘以,5
夏韦,5
莱特,5
第二十章,5
不能不,5
国有化,5
前进,5
第一点,5
出去,5
计件工资,5
第一类,5
毫不,5
引出,5
第三册,5
有益,5
按花,5
盛行,5
西奥,5
加利,5
第一册,5
加到,5
称之为,5
折旧基金,5
余下,5
十八世纪,5
国债,5
交纳,5
疑问,5
家伙,5
开支,5
佛罗伦,5
十八,5
设法,5
论者,5
折旧,5
供养,5
符合,5
抛开,5
化身,5
结为,5
街头,5
保障,5
在历史上,5
本能,5
虔诚,5
技艺,5
二重性,5
报纸,5
本国,5
比利时,5
归入,5
强度,5
于用,5
保险费,5
业中,5
裁缝业,5
葡萄,5
落入,5
效果,4
模棱两可,4
列举,4
摩尔,4
歉收,4
每当,4
借钱,4
大陆,4
依照,4
大致,4
叫做,4
再次,4
沙尔,4
摹仿,4
民众,4
完全相同,4
毫无意义,4
数学,4
播种,4
比方说,4
反比例,4
比埃尔,4
减去,4
比起,4
扎尔,4
摩洛,4
抵触,4
热情,4
每一项,4
残余,4
法文,4
倒退,4
收获,4
奴隶主,4
每人每天,4
报告,4
每季度,4
文学,4
效用,4
全面,4
取代,4
低工资,4
威斯特,4
先进,4
低时,4
普莱斯,4
普尔,4
本上,4
指责,4
朗斯,4
先是,4
出路,4
显得,4
是非,4
是资,4
充满,4
本金,4
顺利,4
普雷沃译,4
凯里,4
凯尔恩斯,4
全都,4
高时,4
最坏,4
曼利,4
损害,4
深入,4
承担,4
更为,4
涨落,4
有点,4
全国,4
暴露,4
有利可图,4
有助于,4
公民权,4
游手好闲,4
变形,4
换言之,4
失掉,4
机器厂,4
注意力,4
点上,4
某种意义,4
描写,4
头脑,4
无用,4
无数,4
提成,4
宣布,4
伯爵,4
停留时间,4
洛赫,4
魁奈,4
高明,4
泰勒,4
几何学,4
揭示,4
斯宾斯,4
派对,4
兰格,4
元素,4
姆赛,4
演讲,4
学院,4
村社,4
接下去,4
潜在地,4
时刻,4
宁可,4
分化,4
括号,4
杰出,4
早期,4
旧式,4
妇女,4
流出,4
几段,4
拿走,4
灭亡,4
沃里克,4
就够,4
立刻,4
加价,4
第三篇,4
庞大,4
谕示,4
不可否认,4
第一页,4
第一部,4
第一篇,4
第一笔,4
第一次,4
需品,4
第二卷,4
账簿,4
五分之一,4
笔名,4
广阔,4
贫乏,4
半成品,4
想必,4
加剧,4
粗俗,4
二十年代,4
总的来说,4
米迦勒,4
词句,4
马丁,4
诗人,4
十分明确,4
恩格,4
诡辩,4
二十年,4
不愿,4
第二章,4
等国,4
向前,4
该物,4
加工工业,4
加尔涅,4
建筑,4
不幸,4
不少,4
贫穷,4
增订,4
广为,4
超出,4
超历史,4
祸害,4
跌价,4
人则,4
上例,4
嘲笑,4
懒惰,4
突破,4
干薪,4
博士,4
辨认,4
一页,4
短暂,4
着重指出,4
边沁,4
一遍,4
占优势,4
压低,4
年春,4
种植,4
四分之一,4
单单,4
不义,4
突出,4
交易所,4
想起,4
贷给,4
并非,4
下用,4
愈来愈,4
并列,4
资的,4
意味,4
产品数量,4
租金,4
赞同,4
意志,4
单利,4
赤贫,4
事业,4
十倍,4
带动,4
茶叶,4
联结,4
联合王国,4
劳动阶级,4
若干年,4
地被,4
个工,4
地为,4
耐久,4
场上,4
草稿,4
荒唐,4
尊敬,4
严重,4
严格说来,4
莫斯科,4
在资,4
均化,4
莱勒,4
同劳,4
聪明,4
地用,4
总收入,4
形而上学,4
地去,4
役畜,4
勤劳,4
彼得,4
自然规律,4
至今,4
地块,4
至多,4
同类,4
中肯,4
劳役地租,4
封建制度,4
船舶,4
地步,4
地段,4
同该,4
地使,4
股息,4
封建主义,4
股东,4
两点,4
两段,4
两极,4
书中,4
观察,4
乘积,4
角度,4
习惯,4
纯收入,4
级数,4
解决问题,4
对萨伊,4
解答,4
不说,4
在工,4
订货,4
不让,4
基本原理,4
讨价还价,4
弄清,4
让给,4
紧张,4
不致,4
讲述,4
动作,4
乐队,4
图表,4
动因,4
义上,4
强行,4
行动,4
继承者,4
东方,4
业务,4
表达出来,4
强制,4
绝不能,4
裁缝,4
埃及,4
弗里德里希,4
结晶,4
结尾,4
埃说,4
丑恶,4
要用,4
外观,4
地同,4
卡库斯,4
钻石,4
一批,4
适于,4
白白地,4
追随者,4
百分比,4
以至,4
可尊敬,4
皮革,4
错觉,4
从早到晚,4
狭窄,4
镜子,4
长久,4
盎斯,4
到来,4
尽量,4
唐森,4
问世,4
这后,4
多些,4
这同,4
直译,4
逐字逐句,4
递减,4
相互之间,4
用不着,4
代理人,4
品中,4
生产能力,4
采掘业,4
工业生产,4
工业品,4
品是,4
用处,4
一只,4
他用,4
金刚石,4
大不相同,4
前后矛盾,4
一位,4
那段,4
一场,4
令人满意,4
一套,4
一家,4
金论,4
哈特福,4
一书中,4
珍珠,4
金银,4
现金,4
金额,4
间歇,4
前辈,4
生理,4
大程度,4
这件,4
牧场,4
物体,4
亿镑,4
寄生,4
剥削者,4
阿尼,4
运输业,4
饿死,4
隐秘,4
看一看,4
多一些,4
隐蔽,4
剥去,4
相符,4
革命化,4
物上,4
来考,3
朋友,3
见注,3
教徒,3
见卡,3
克拉,3
子女,3
后期,3
除以,3
按较,3
除此之外,3
后天,3
金矿,3
一代人,3
偿还,3
西班牙,3
敌对,3
金说,3
西蒙,3
同花,3
后备军,3
偷运,3
土地国有,3
与此相反,3
与此有关,3
一共,3
首都,3
要说,3
金在,3
不错,3
有者,3
计算方法,3
持续,3
有所增加,3
一副,3
触及,3
食品,3
有意识,3
有意,3
熟练程度,3
持续时间,3
品上,3
有害,3
入门,3
国民收入,3
隶属于,3
工人工资,3
不见,3
减低,3
工业家,3
随时,3
引人注目,3
来讲,3
不间断,3
不问,3
有没有,3
除此以外,3
北美,3
有机体,3
医生,3
和资,3
来谈,3
图拉,3
支配者,3
金上,3
随之,3
操纵,3
装置,3
两部,3
分中,3
莱比锡,3
菲尔德,3
萌芽,3
指标,3
变空,3
链条,3
在表面上,3
著称,3
银行业,3
本量,3
归根到底,3
同资,3
错误观点,3
节欲,3
改造,3
收集,3
闲置不用,3
阿伯拉,3
中介人,3
地会,3
长期,3
改革,3
放到,3
苏格兰人,3
附带,3
鼓励,3
儿子,3
储存,3
花园,3
放债,3
虚拟,3
强调指出,3
装入,3
尤尔,3
威尔逊,3
强制性,3
圣西门,3
偿还债务,3
良好,3
指靠,3
官吏,3
钱袋,3
名目,3
且慢,3
即同,3
效益,3
且不说,3
降低利率,3
衰落,3
钱财,3
本章,3
名叫,3
陈旧,3
有利于,3
定于,3
本版,3
名义工资,3
展览会,3
将来,3
名字,3
委托,3
分别,3
铁上,3
衣着,3
农奴制,3
一般来说,3
不行,3
提法,3
安乐椅,3
并不矛盾,3
资金,3
下则,3
吞食,3
取消,3
探讨,3
这类,3
上述情况,3
共同之处,3
学生,3
这正,3
赞美,3
单从,3
师傅,3
发行,3
起先,3
零售,3
高得,3
四个,3
明白,3
几何级数,3
回忆,3
追随,3
厚颜无耻,3
购买者,3
极为,3
华伦斯,3
巴塔,3
远远,3
小量,3
进而,3
进口,3
卑鄙,3
昨天,3
卡托,3
这项,3
星期一,3
并行,3
并用,3
这门,3
并未,3
资产者,3
起着,3
超越,3
议员,3
接触,3
无意识,3
幅度,3
商品资本,3
辉格党,3
常见,3
一顶,3
返回,3
具有特征,3
博览会,3
辩论,3
无机,3
达尔,3
帝国,3
席勒,3
养成,3
它用,3
过活,3
一谈,3
马克思主义,3
三位,3
载于,3
年份,3
越小,3
上半叶,3
内心,3
唯物主义,3
路特,3
推移,3
守财奴,3
上下,3
轧棉,3
南特,3
几点,3
转交,3
其余部分,3
平民,3
希尔德,3
日期,3
转手,3
听到,3
三分之二,3
六分之一,3
新版,3
贫民,3
新地,3
整套,3
译者,3
译自,3
十分之一,3
完全一致,3
雅克,3
再说,3
工序,3
再用,3
尚未,3
建造,3
文字,3
公众,3
工程师,3
更长,3
一大部分,3
更进一步,3
该项,3
不止一次,3
评价,3
采矿工业,3
一千倍,3
记录,3
有价证券,3
国库,3
讲义,3
讲到,3
出于,3
讲座,3
异议,3
不知,3
工商业,3
异教徒,3
不相适应,3
异常,3
品得,3
开采,3
设备,3
带到,3
不清,3
证据,3
更是,3
不应,3
定货,3
斯杜特,3
象同,3
不可分割,3
应有,3
不受,3
不单单是,3
半天,3
负担过重,3
一当,3
谬误,3
再也,3
卫士,3
卢梭,3
晨星,3
六个,3
广泛,3
揭露,3
贫困化,3
巨额,3
巨人,3
品量,3
暴君,3
道理,3
延续,3
公平,3
说话,3
不安,3
换回,3
公民,3
暴露出,3
原始社会,3
一小,3
再往,3
暴发户,3
不多,3
换时,3
谈谈,3
斩首,3
造出来,3
一小部分,3
向着,3
燃料,3
定为,3
同等,3
侈品,3
社会存在,3
社会学家,3
剽窃者,3
人口减少,3
祖先,3
使该,3
感兴趣,3
波兰,3
波佩,3
夺去,3
亲自,3
福音书,3
浮士德,3
亲戚,3
私有财产,3
愚弄,3
亨利,3
租税,3
夺走,3
秩序,3
侍从,3
积累基金,3
社会化,3
憎恶,3
人口密度,3
磨粉,3
作风,3
外貌,3
相联,3
流露出,3
看不到,3
只好,3
我以,3
外衣,3
家畜,3
真的,3
成效,3
使命,3
成就,3
家用,3
人民之声,3
成员,3
破坏者,3
人手,3
洞里,3
成功,3
剩余时间,3
抑制,3
懒散,3
产力,3
处以,3
惩罚,3
笨蛋,3
第一性,3
第一本,3
第一章,3
互成,3
惊人,3
第三版,3
奖赏,3
第三章,3
俄国,3
比用,3
第二笔,3
恶魔,3
第五年,3
比如,3
第八年,3
第六年,3
恶化,3
第六部,3
比作,3
第十九章,3
第四,3
第四卷,3
五个,3
五年,3
另一半,3
沉重,3
意向,3
沉淀,3
对抗性,3
汤姆,3
穷困,3
高深,3
供给量,3
空气,3
空话,3
交替,3
依次,3
增长额,3
依此类推,3
想法,3
刚刚,3
立法,3
水车,3
想到,3
依附,3
面对,3
气质,3
竭力,3
浪费,3
仆从,3
加尼耳,3
可怜,3
犹太人,3
到达,3
烦琐哲学,3
烦琐,3
天中,3
富国,3
天主教,3
所持,3
大家,3
可怕,3
大大提高,3
海格立斯,3
以供,3
灵丹妙药,3
页码,3
理论家,3
制造业者,3
激进,3
澳大利亚,3
潜在,3
甘愿,3
令人,3
别名,3
特拉西,3
魔术,3
手工劳动,3
爵士,3
优点,3
休谟,3
版以,3
优越,3
版本,3
优越性,3
大莫卧儿,3
休耳曼,3
照料,3
牌价,3
牛奶,3
牢固,3
大约,3
伊利,3
物价,3
物在,3
所述,3
所起,3
物神,3
价物,3
价格下降,3
大麦,3
制造者,3
代表人,3
生产基金,3
多样化,3
对不起,3
多数,3
从属,3
多得多,3
百分之六,3
多地,3
题目,3
皇帝,3
只换,3
皮尔,3
盈利,3
消费量,3
仍象,3
对人,3
目前为止,3
目录,3
直截了当,3
介于,3
余暇,3
多次,3
扩展,3
找出,3
利物浦,3
生活费用,3
满意,3
利润总额,3
低廉,3
可敬,3
滑稽,3
住宅,3
住房,3
用法,3
可靠,3
所举,3
题为,3
房租,3
鸟粪,3
戴韦,3
由此而来,3
截然,3
从这时起,3
只用,3
多种多样,3
第四年,3
加强,3
借助于,3
歌德,3
微小,3
劳动成果,3
纽曼,3
同化,3
组合,3
乐于,3
拉姆,3
劳动工资,3
怎样才能,3
老师,3
翻译,3
坚决,3
思路,3
吉约姆,3
此人,3
标志,3
为己,3
场主,3
紧紧抓住,3
书名,3
累赘,3
对话,3
做出,3
怪物,3
而来,3
约瑟,3
非是,3
终于,3
乌尔,3
吉尔巴特,3
维护者,3
植物性,3
之徒,3
同伙,3
分配关系,3
梵文,3
动摇,3
统计学家,3
棉纺织厂,3
值中,3
统计,3
统帅,3
统治阶级,3
拉丁文,3
口头上,3
经济危机,3
借给,3
罗素,3
怀疑论,3
怀疑,3
分离出来,3
拖延,3
经纪人,3
忽略,3
格奥尔,3
经院,3
缺少,3
举例来说,3
编者,3
模糊不清,3
修鞋匠,3
马可,3
奥地利,3
簿记,3
简直,3
自乘,3
健康,3
粗浅,3
算是,3
对比,3
古罗马,3
算法,3
勉强,3
丰收,3
肆无忌惮,3
拥护者,3
背后,3
粗野,3
某人,3
同情,3
股票,3
抵押,3
黑人,3
势必,3
买进,3
能以,3
拿破仑,3
奥格斯堡,3
马匹,3
等同性,3
徒劳,3
分开,3
同比,3
紧密,3
类型,3
职业,3
系列,3
自然肥力,3
等待,3
拟定,3
拿到,3
合法,3
素朴,3
披上,3
得利,3
奥妙,3
批评者,2
工资总额,2
截然不同,2
征服,2
工艺学,2
很明,2
利希,2
小偷,2
得少,2
左右,2
驱逐,2
利八世,2
或许,2
原文,2
食客,2
动而,2
强大,2
拿出,2
尔西,2
持续一年,2
却说,2
巩固,2
或降,2
指用,2
搜集,2
小册,2
印象,2
或非,2
拉平,2
手艺人,2
削率,2
拉撒,2
反之亦然,2
搞清楚,2
拯救,2
风俗习惯,2
化学作用,2
所产,2
尽量少,2
打碎,2
摘除,2
密切,2
摧毁,2
发动机,2
包买商,2
制约,2
所处,2
局限,2
指挥者,2
分文,2
局限于,2
居住,2
所引,2
撒马尔,2
当年,2
得太多,2
制帽,2
循环论证,2
分枝,2
就业机会,2
展开,2
富强,2
包围,2
扔掉,2
即可,2
历书,2
微不足道,2
封信,2
归纳,2
得值,2
形体,2
化圆,2
工作量,2
化为乌有,2
尼布尔,2
历史学,2
即当,2
制革,2
到底,2
所具,2
劳力,2
摘引,2
封信中,2
尽管如此,2
拘束,2
即利,2
制造厂,2
崇拜,2
岛国,2
打倒,2
定居,2
摘出,2
几何,2
北部,2
动相,2
愉快,2
抗议,2
发明家,2
十九,2
总产,2
创办,2
厌倦,2
出借,2
功率,2
总人口,2
幸灾乐祸,2
实物地租,2
想用,2
总会,2
加额,2
出一,2
十二,2
卓越,2
捉摸,2
创始,2
抽掉,2
动之比,2
思考,2
投向,2
性上,2
创见,2
压迫,2
投放,2
及时,2
年末,2
对工,2
怪异,2
额是,2
年间,2
十三,2
刊印,2
抹掉,2
惰者,2
惯用,2
引来,2
换来,2
废止,2
护民官,2
加固,2
十六世纪,2
对照,2
恶狼,2
风磨,2
恶汉,2
小店主,2
抬高,2
恶劣,2
凭着,2
恶人,2
小屋,2
抨击,2
换位,2
总资,2
开工,2
总计,2
原价,2
总得,2
对立性,2
序列,2
加重,2
凶狠,2
小小的,2
库斯,2
刚一,2
总数,2
惊奇,2
家们,2
擦擦,2
食用,2
店铺,2
千方百计,2
年哥,2
年利率,2
实际证明,2
动是,2
快得多,2
快慢,2
快时,2
驳倒,2
出租,2
我要,2
占有者,2
帕特里克,2
我能,2
发挥作用,2
动对,2
领袖,2
提了,2
出版者,2
对刀,2
尔菲,2
判断,2
出自,2
把握,2
快地,2
技巧,2
卡译,2
卡泽诺,2
强加,2
技术学校,2
忘掉,2
前途,2
插话,2
几十万,2
或是,2
担负,2
市场价,2
提货单,2
担心,2
布坎南,2
双重身分,2
反应,2
额使,2
对资,2
平均工资,2
压在,2
平平常常,2
害怕,2
对外,2
卖掉,2
医治,2
按量,2
动产,2
年出,2
挖土,2
推理,2
推广,2
年初,2
几百年,2
推出,2
卖价,2
对商,2
怎么回事,2
创造财富,2
弗兰西斯,2
额加,2
描绘,2
高价,2
几年,2
帮工,2
剧院,2
成比,2
成正比,2
匮乏,2
出新,2
驱使,2
成反,2
成千上万,2
骗子手,2
干扰,2
压力,2
持有,2
难于,2
攫取,2
能起,2
中有酬,2
同活,2
同时性,2
中花,2
脑子里,2
中较,2
地加,2
中间环节,2
能大,2
能动,2
非常简单,2
地流,2
中曾,2
地多,2
中抄来,2
自我,2
自然法,2
中所包,2
自然经济,2
自然而然,2
自由党,2
自由民,2
自由竞争,2
自由贸易,2
自相,2
中得,2
致力于,2
中多,2
般地,2
股份,2
为什,2
为供,2
主人公,2
罪行,2
羊皮纸,2
美德,2
美洲,2
主宰,2
坏蛋,2
坏掉,2
主力,2
翼锭,2
老爷,2
非生,2
为货,2
而应,2
场所,2
为的是,2
而支,2
首席,2
为方,2
地里,2
耐用,2
耕地面积,2
为害,2
耻辱,2
同年,2
般的,2
船上,2
种畜,2
名词,2
要点,2
要么,2
与物,2
土耳其人,2
西方,2
圣人,2
圣经,2
花光,2
世界主义,2
丝绸,2
两人,2
行使,2
两件,2
要花费,2
见于,2
鼓吹者,2
不高,2
圈围,2
见马克思,2
视野,2
不适,2
解为,2
解决困难,2
解决矛盾,2
不起,2
譬如,2
不言自明,2
认定,2
两份,2
血液,2
两句话,2
营养,2
花在工,2
花招,2
中作,2
地买,2
个性,2
草拟,2
荒诞,2
荣誉,2
药方,2
首相,2
莫迪凯,2
在经济上,2
在实践中,2
萨伊时,2
萨伊给,2
落价,2
葡萄牙,2
两次,2
蒲式耳,2
两年,2
蒸汽,2
蒸汽锅炉,2
两层,2
两头,2
罗马城,2
主观主义,2
坚固,2
于资,2
第四章,2
第四种,2
支柱,2
于同,2
第六章,2
第五章,2
第五,2
举例,2
第二节,2
第二篇,2
第二点,2
于麦克,2
第二本,2
互不,2
第四篇,2
二重,2
二者之间,2
塞涅卡,2
合在一起,2
等到,2
算术,2
算术级数,2
二世,2
篇文章,2
篡夺,2
米斯,2
堡版,2
类别,2
事例,2
第九年,2
互为,2
第三点,2
空谈,2
科学研究,2
租用,2
产地,2
处理,2
处处,2
积累率,2
产为,2
程中,2
各类,2
产上,2
士兵,2
空洞,2
墨西哥,2
互卖,2
交易品,2
各该,2
增进,2
立法者,2
增殖率,2
交付,2
亚版,2
五点,2
各项,2
五分,2
合一,2
第七年,2
事人,2
类里,2
粉饰,2
之物,2
乍一看,2
终归,2
终点,2
终结,2
乌鸦,2
乌利,2
经济基础,2
经济学说,2
经由,2
经验,2
绑架,2
埃论,2
结束语,2
织成,2
埃用,2
之比会,2
结论性,2
之款,2
之手,2
绝不会,2
同义语,2
绞死,2
统一性,2
黎版,2
义者,2
综合,2
编制,2
缝纫,2
乍看,2
织布机,2
粗暴,2
争辩,2
争执,2
合算,2
争取,2
精确,2
糟糕,2
系统地,2
基本规律,2
买主,2
索取,2
基本要素,2
紧接着,2
吉斯,2
繁殖,2
细节,2
繁重,2
书信集,2
约瑟夫,2
级差,2
培养,2
纳入,2
纳骚,2
纸片,2
纺成,2
纺织厂,2
纺织品,2
乔治,2
绅士,2
细分,2
认清,2
认真,2
讨厌,2
逃避,2
哪个,2
一文钱,2
退回,2
追求,2
迦太基,2
较贵,2
迥然不同,2
一期,2
哲学范畴,2
连续不断,2
一来,2
一极,2
选择,2
透露,2
哥特,2
逐字,2
逐年,2
逐日,2
逐步,2
通中,2
通史,2
哈瑙,2
一封信,2
遁词,2
遗憾,2
遗留下来,2
一字不差,2
哲理,2
进一,2
这要,2
商品种类,2
一面,2
辩护者,2
辩证法,2
达尔文,2
迁移,2
迂回,2
过多,2
一边,2
一贯性,2
过时,2
过渡阶段,2
迈出,2
运往,2
这篇,2
运河,2
一般地说,2
运输,2
一经,2
还算,2
一码,2
一眼,2
这会,2
这倒,2
唯心主义,2
这才,2
这番,2
遵守,2
一头,2
一大批,2
闲置,2
和工,2
销售,2
错误观念,2
长时间,2
闲暇,2
间或,2
一世,2
阶级斗争,2
阻塞,2
阿姆斯特丹,2
附有,2
附让,2
难以,2
除去,2
除开,2
除此,2
陷于,2
铁铲,2
一两次,2
告终,2
里昂,2
一周,2
一同,2
郎卡郡,2
都柏林,2
配权,2
品所,2
酬劳,2
周刊,2
采掘,2
品卖,2
周期,2
里子,2
重商,2
铁匠,2
重大意义,2
周期性,2
重点,2
咳嗽,2
量加,2
一切都是,2
周知,2
金对,2
金属丝,2
一代,2
一事,2
和生,2
和物,2
启蒙运动,2
较差,2
让出,2
谈论,2
因果,2
不合,2
谬见,2
谨慎,2
谦虚,2
谈贝利,2
谈得上,2
较富,2
不向,2
调整,2
不大,2
不失为,2
团体,2
象是,2
象约,2
象贝利,2
不变性,2
马克,2
不去,2
不单是,2
不单,2
贝里,2
不加区分,2
财产权利,2
回过,2
不利条件,2
责备,2
货币地租,2
货栈,2
团结,2
诸如此类,2
诸如,2
诈骗,2
国有,2
记载,2
讲演,2
国富,2
不着,2
不相容,2
论著,2
论调,2
讽刺性,2
设定,2
设置,2
不然,2
证实,2
不止,2
吐痰,2
向心力,2
不无,2
固定性,2
译成,2
诗论,2
诚实,2
该国,2
不想,2
不必要,2
详尽,2
需用,2
说教,2
不容,2
货物,2
贪婪,2
贪欲,2
三类,2
走锭,2
赶不上,2
上层建筑,2
上同,2
越来越少,2
越过,2
越长,2
含有,2
上作,2
蹩脚,2
身是,2
三者,2
车刑,2
走街串巷,2
转动,2
喜爱,2
转向,2
转嫁到,2
转引,2
喜剧,2
喋喋不休,2
转瞬即逝,2
转给,2
转而,2
轮流,2
三位一体,2
上市,2
上时,2
不供,2
资和,2
不但,2
贫苦,2
贬低,2
贯彻,2
贯彻到底,2
贱买贵卖,2
贴现,2
贵卖,2
贸易差额,2
费尔贝恩,2
费拉,2
资上,2
下所能,2
吞掉,2
上校,2
四角,2
下定义,2
资本输出,2
吞没,2
资财,2
赐予,2
赘瘤,2
赚来,2
上述事实,2
上要,2
上衣,2
上花,2
赢利,2
二重化,2
秋天,2
做法,2
样是,2
饲养,2
样多,2
做工,2
栈房,2
标示,2
查理大帝,2
借款,2
查理二世,2
如此等等,2
查士丁,2
染色,2
染料,2
某一时间,2
核心,2
格上,2
格努齐,2
格外,2
格雷,2
如上所述,2
值率,2
值得一提,2
好比,2
棉纺,2
棉纺厂,2
棉织厂,2
棉花价格,2
森林,2
口袋,2
古代人,2
柏林,2
枷锁,2
如煤,2
妙极了,2
本后,2
姿态,2
本是,2
充足,2
充实,2
机关报,2
机智,2
杀人犯,2
杀害,2
村庄,2
杜罗,2
妙不可言,2
如萨伊,2
来同,2
偿付,2
来衡,2
来解,2
偷窃,2
松弛,2
偷盗,2
极北,2
极大,2
极小,2
极点,2
偶性,2
极限,2
如说,2
次数,2
先谈,2
供应,2
法文版,2
夺得,2
法官,2
例外情况,2
夺来,2
借入者,2
奇特,2
汉斯,2
求来,2
永久性,2
永久化,2
法权,2
波利,2
波恩,2
使资,2
饲料,2
注定,2
夸张,2
洪水期,2
使旧,2
活劳,2
只包,2
流行,2
失调,2
只指,2
海利,2
作物,2
永久,2
马车,2
氏族,2
每时每刻,2
歌颂,2
正义,2
正当,2
步骤,2
女王,2
奥诺莱,2
修建,2
段话,2
母鸡,2
每一码,2
每人每年,2
信仰,2
每时,2
每有,2
毫无区别,2
每枚,2
每码,2
保险公司,2
比会,2
保护关税,2
比前,2
奢侈,2
俗化,2
比较发达,2
奖励,2
毕希,2
毛织厂,2
毫不相干,2
享用,2
先知,2
本之比,2
消化,2
无事,2
无政府主义,2
取缔,2
无意,2
无原,2
内战,2
无产,2
内所能,2
早已,2
旋转,2
旅行家,2
取息,2
方括号,2
安泰,2
新教,2
无效,2
内会,2
无止境,2
无济于事,2
无益,2
无穷,2
取自,2
它本,2
典型,2
无需,2
既然如此,2
日报,2
日益增长,2
其产,2
高尚,2
旨在,2
安装,2
再也不能,2
斯图加,2
农业部门,2
发财,2
宗法,2
改写,2
改地,2
攻击点,2
冲突,2
放高利贷,2
政治学,2
农民战争,2
政论,2
农村居民,2
效法,2
农场,2
农具,2
安都昂,2
农业国,2
教学大纲,2
完整,2
军营,2
敦第,2
写于,2
冒险,2
文学家,2
文学报,2
再版,2
再有,2
早上,2
时以,2
末尾,2
有别于,2
有赖于,2
有着,2
有的是,2
有所不同,2
有息,2
兜圈子,2
有供,2
兴盛,2
预备,2
全新,2
最快,2
存在物,2
最少,2
最小,2
有趣,2
有过,2
有钱,2
有限性,2
朝着,2
期刊,2
期满,2
期限内,2
媒介,2
木材,2
变换,2
最多,2
季度,2
六个月,2
关紧,2
学问,2
昂利,2
明智,2
易于,2
星期二,2
显现出来,2
显而易见,2
显露出来,2
学术,2
普及,2
曾用,2
普遍性,2
学得,2
普鲁士,2
智力,2
暗指,2
暗示,2
暴力手段,2
预定,2
公有,2
公司,2
更少,2
更替,2
更能,2
曼彻斯,2
作是,2
以物,2
大城市,2
各不相同,2
独吞,2
独眼,2
可变性,2
以较,2
着重,2
人身,2
狭小,2
人身自由,2
以资,2
猜测到,2
以西,2
看管,2
献给,2
看待,2
看不出来,2
以年,2
以实,2
相适,2
现实生活,2
狡猾,2
狂热,2
犬税,2
众多,2
爱丁,2
爱德华,2
外国,2
矿山,2
矿井,2
休里,2
休息,2
牟利,2
大罪,2
物同,2
矿主,2
大盗,2
外国人,2
短时期,2
马尔萨,2
可供,2
价钱,2
矫揉造作,2
物质条件,2
牵回,2
特殊性,2
价值观,2
现有人口,2
鲁齐,2
以买,2
理想,2
用金,2
目标,2
大不列颠,2
多半,2
鸡蛋,2
由工,2
盈利性,2
皇家,2
由物,2
吃光,2
由资,2
电报,2
多角形,2
男爵,2
从资,2
从贝利,2
史学家,2
痕迹,2
留下来,2
多三倍,2
相一致,2
用途,2
音节,2
以下几点,2
理智,2
顶多,2
鲜明,2
相矛,2
令人吃惊,2
相异,2
消极影响,2
相对论,2
令人不解,2
代表者,2
他同,2
鲜肉,2
代数,2
生物,2
付款,2
吃饭,2
用成,2
用时,2
相加,2
相互作用,2
物是,2
爆发,2
人才,2
滞留,2
滥用,2
神圣,2
漂白,2
社会形态,2
天是,2
演变,2
演员,2
天才,2
社会分工,2
游手好闲者,2
天地,2
只花,2
礼物,2
火神,2
似的,2
伴随,2
灾难,2
估计不足,2
游记,2
神学家,2
礼拜,2
禁欲,2
消费资料,2
消逝,2
润同,2
复兴,2
润量,2
离心,2
亲手,2
太小,2
混合,2
各样,2
混同,2
人以,2
渊博,2
渗透,2
天真,2
祭品,2
票据,2
人会,2
估价,2
略微,2
伪造,2
传教士,2
煞费苦心,2
热尔门,2
伤感,2
传播,2
煤炭工业,2
破除,2
伪装,2
然要,2
天上掉,2
大部,2
确保,2
传记,2
破裂,2
确信,2
人工,2
熔化,2
磨盘,2
传动装置,2
发表文章,1
厂房,1
各笔,1
变了样,1
发起,1
吃惊,1
厂中,1
各种因素,1
吸收器,1
取出,1
吹毛求疵,1
各个领域,1
号称,1
呼号,1
周末,1
司炉,1
发点,1
却象,1
卷所加,1
及重,1
变体,1
合适,1
吃力,1
发觉,1
友好,1
受雇,1
吼声,1
合法性,1
合法化,1
合伙,1
各处,1
历时,1
发酵,1
受害,1
各资,1
味道,1
受土,1
合同,1
呻吟,1
合口味,1
历史感,1
各阶层,1
合众国,1
取而代之,1
双手,1
发能,1
受资,1
各节,1
呈现出,1
友爱,1
参加者,1
发达国家,1
受生,1
周转期,1
各式各样,1
各个方面,1
周转率,1
周领,1
各式,1
双脚,1
友对,1
受权,1
各地,1
历的,1
同风,1
吸引力,1
同种,1
同物,1
同活劳,1
同某,1
同期,1
原来如此,1
反正,1
反比,1
反科学,1
古怪,1
同时代,1
反复证明,1
同旧,1
古塔波,1
同手,1
向商,1
向外,1
原封,1
只靠,1
反面,1
叫声,1
口气,1
同对,1
同它,1
向来,1
同名,1
口号,1
原初,1
同由,1
只谈,1
同可,1
只能靠,1
同预,1
只得,1
只够,1
只支,1
同非,1
名为,1
只劳,1
马斯,1
马拉,1
只求,1
只代,1
只消,1
同量资,1
名声,1
名家,1
原数,1
后为,1
同行,1
后写,1
后同,1
马西,1
同萨伊,1
只留,1
另付,1
另一边,1
反来,1
同舍,1
原封不动,1
只维,1
可为,1
同反,1
史观,1
含混,1
反作,1
含糊,1
变态,1
压缩,1
含糊不清,1
可憎,1
马和车,1
可行,1
听取,1
听说,1
同一天,1
吮吸,1
台大,1
压到,1
台蒸,1
压倒一切,1
变小,1
变富,1
史前,1
变坏,1
变卖,1
去认,1
史学,1
吉约,1
吉本,1
吸取,1
吸尽,1
含着,1
可恶,1
可交,1
同为,1
同加,1
反倒,1
同剩,1
君主专制,1
变资,1
厚厚的,1
君主立宪制,1
同使,1
变贱,1
吞噬,1
发出,1
吞并,1
同伴,1
可否,1
原野,1
同价,1
发动,1
可归,1
变质,1
同以,1
同人,1
同亚,1
同书,1
否生,1
发对,1
变穷,1
发展趋势,1
变更,1
句子,1
却持,1
主动,1
之用,1
之流,1
之比要,1
之才,1
之成,1
之子,1
之多,1
之口,1
之五,1
之争,1
之三,1
义生,1
义务,1
义为,1
举行,1
举止,1
举办,1
举出,1
举借,1
举个,1
主要矛盾,1
主等,1
主是,1
主抱,1
主想,1
主对,1
主在,1
之积,1
之谈,1
乐器,1
书籍,1
二元论,1
事宜,1
事事,1
争夺,1
争吵,1
争中,1
麻织,1
买力,1
买不卖,1
书评,1
书同,1
乐意,1
书于,1
书上,1
习气,1
习惯于,1
习俗,1
也表,1
黄金,1
九个,1
九世纪,1
乘数,1
主和,1
主体化,1
二十七章,1
为题,1
中采,1
中避,1
中运,1
中转,1
中谈,1
中继,1
中等,1
中由资,1
中由无酬,1
中由原,1
中用,1
中流,1
中排,1
中换,1
中执,1
中所要,1
中所具,1
中庸,1
中应,1
中尽,1
中将,1
中对贝,1
中学,1
中在量,1
中同,1
中去,1
中则,1
中风,1
丰年,1
为换,1
为非作歹,1
为难,1
为质,1
为解,1
为规,1
为级,1
为积,1
为活,1
为油,1
为期,1
为整,1
为数不多,1
为市,1
串通一气,1
为富,1
为固,1
为商,1
为取,1
为利,1
为具,1
为任,1
为价,1
为交,1
为亚,1
黑格尔,1
临时,1
二十,1
二十个,1
却会,1
人民报,1
从小,1
从劳,1
从分,1
从农,1
从全,1
从何而来,1
从亨利,1
从亚,1
从不,1
鹦鹉学舌,1
仍旧会,1
仍会,1
介绍所,1
介入,1
今年,1
今后,1
仇视,1
仆役,1
仅限于,1
仅此而已,1
仁慈,1
亿有,1
人道,1
人造,1
人要,1
人能,1
从属关系,1
从属性,1
从工,1
他决,1
代代,1
他项,1
他象,1
他认,1
他花,1
他算,1
他物,1
他本,1
他方,1
他接,1
他加,1
他出,1
他值,1
从政,1
他会象,1
他会,1
他任,1
仔细,1
从量,1
从那时起,1
从过,1
从萨伊,1
鹦鹉,1
从生,1
从根本上,1
从未有过,1
人犯,1
人民大众,1
二十五年,1
人格,1
交织,1
交易者,1
交换量,1
交换条件,1
麻烦事,1
交往,1
交回,1
交到,1
交出,1
交付给,1
交不起,1
五百,1
五日,1
五口,1
五分之二,1
互相联系,1
互相矛盾,1
互为条件,1
于积,1
于原,1
麻纱,1
二级,1
二种,1
二次方,1
二次,1
二是,1
二十四,1
交还给,1
交通,1
交错,1
人人,1
人来,1
人时,1
人所共知,1
人少,1
人在生,1
人和动,1
人员,1
人同,1
人即,1
人加,1
人力,1
人使,1
亲笔写,1
产业工人,1
亲善,1
享有,1
产率,1
产它,1
产品部,1
产品成本,1
产出,1
产了,1
产乳,1
产中,1
产业部门,1
中划,1
中其周,1
中供,1
一点儿,1
三分,1
三一学院,1
万能,1
万件,1
丁根版,1
丁根,1
丁堡,1
一齐,1
一门,1
一镑,1
一连串,1
一角,1
一英,1
一群,1
一维,1
一线,1
一级,1
一粒,1
一箱,1
一穿,1
一瞬间,1
一看,1
一百个,1
一番,1
一生,1
一特,1
三分之一,1
三十,1
三句话,1
上分,1
下人,1
上起,1
上物神,1
上演,1
上星期,1
上成,1
上层,1
上将,1
上大,1
上取,1
上利,1
上切,1
上值,1
三大,1
上保,1
上以,1
上下文,1
三部,1
三身,1
三篇,1
三章,1
三百年,1
三次,1
三棵,1
三条,1
三期,1
一物同,1
一派胡言,1
中使,1
一桶,1
一千,1
一匹,1
一包,1
一劳永逸,1
一动,1
一刻,1
一刹那,1
一到,1
一切都在,1
一切权利,1
一分钟,1
一再说明,1
一体,1
一中,1
一个组,1
一个月,1
一个半月,1
一个个,1
一两个,1
一下手,1
一下子把,1
一万倍,1
一千年,1
一半则,1
一半多,1
一座,1
一桩,1
一枚,1
一未,1
一是,1
一时,1
一无所知,1
一文,1
一撇,1
一把,1
一所,1
一意,1
一张,1
一幕,1
一卷,1
一幅,1
一帮,1
一小块,1
一字,1
一夸,1
一大帮,1
一大,1
一堆,1
一团,1
一回,1
一口,1
一原,1
下多,1
下少,1
下归,1
下所应,1
世代,1
世人,1
世上,1
专门化,1
专门从事,1
专制制度,1
专利税,1
专事,1
与非,1
与资,1
与生,1
与工,1
与其说是,1
与其说,1
与众不同,1
不顾一切,1
不顾,1
不需,1
不随,1
不远,1
不过如此,1
鼻烟,1
不足道,1
不足取,1
不论怎样,1
世代相传,1
世俗,1
业家,1
两节,1
中付,1
中于,1
中举,1
中一字,1
默默地,1
个性化,1
个别现象,1
个别人,1
严肃,1
严惩,1
严厉,1
严加,1
两篇,1
业里,1
两物间,1
两天,1
两大类,1
两回事,1
两只手,1
两匹马,1
两件事,1
两三年,1
丢掉,1
丝织厂,1
丝织,1
东印度,1
不许,1
不见得,1
不良,1
不劳,1
不好,1
不同点,1
不同之处,1
齐头并进,1
不合逻辑,1
不合算,1
不可知论,1
不可救药,1
不可思议,1
不可估量,1
不发,1
不包,1
不加考虑,1
不定,1
不加,1
不列颠,1
不公,1
不仅如此,1
不予,1
不久以后,1
不久,1
下表,1
下能,1
下无酬,1
下文,1
下才,1
不如说,1
不容置疑,1
不致于,1
不能逃避,1
不能废除,1
鼻祖,1
不管怎么,1
不相称,1
不相干,1
不留,1
不满,1
不比以,1
不正,1
不有,1
不曾有过,1
不易,1
不屑,1
不时,1
不断进步,1
不敢,1
不收,1
不提,1
不折不扣,1
不愧为,1
不感兴趣,1
不快,1
不得,1
不形,1
不归,1
令人信服,1
令人讨厌,1
分支,1
利都,1
利贷,1
利者,1
骨肉,1
骨髓,1
利害关系,1
判明,1
初稿,1
初步,1
初次,1
创造物,1
创立,1
创刊,1
刚够,1
高些,1
列奥,1
刑法,1
刊行,1
刊登,1
刊物,1
切地,1
切不以,1
分食,1
分配制度,1
分配利润,1
分比,1
分析方法,1
别是,1
刮取,1
骗钱,1
前人,1
副业,1
骗取,1
剧烈,1
剧增,1
剧作家,1
剥削阶级,1
剔除,1
剑桥大学,1
骗性,1
前夜,1
前多,1
到安,1
刺绣,1
刺激剂,1
制靴业,1
制造机,1
制止,1
制服,1
制定,1
制作,1
制下,1
到费,1
到现,1
到此结束,1
分是,1
分工会,1
再三,1
分同,1
高兴,1
减价,1
准确性,1
准备金,1
况是,1
况对,1
况且,1
决非,1
决心,1
决不可,1
冲动,1
冬天,1
冠冕堂皇,1
农业部,1
农业化学,1
军士,1
写过,1
写照,1
写出,1
冗长,1
再进一步,1
再谈,1
再流,1
再其次,1
再作,1
凑成,1
凝结,1
几千名,1
出大,1
分制,1
分出,1
分以,1
分享者,1
分不开,1
击点,1
击中,1
出象,1
出让,1
出租人,1
出生,1
出比,1
出处,1
几句话,1
出名,1
高低,1
出入,1
出产,1
凡人,1
几行,1
几类,1
几次,1
几本,1
几小时,1
几天,1
几周,1
割时,1
割裂,1
力学,1
博物,1
南部,1
南到,1
卖给资,1
卖油,1
卖出去,1
卖不出去,1
单项,1
单单是,1
单一性,1
单一,1
协议,1
协力,1
华丽,1
半数以上,1
半径,1
半失业,1
半个世纪,1
千篇一律,1
千种,1
千真万确,1
千百万,1
十足,1
十小时,1
十四,1
博登湖,1
占多数,1
占据,1
即商,1
驳萨伊,1
即进,1
即贷,1
即该,1
即表,1
即花,1
即纯,1
即生,1
即活,1
即工,1
即富,1
即增,1
即单,1
骄傲,1
即加,1
即修,1
即使如此,1
即人,1
即不象,1
即不应,1
驿站,1
危局,1
印章,1
印欧语,1
印度斯坦,1
占有物,1
十分迅速,1
十分相似,1
十五年,1
加注,1
动在,1
动加,1
动中,1
动上,1
动一,1
骗人,1
务人,1
加预,1
加长,1
加进去,1
加筑,1
加特,1
加成,1
动才,1
加强监督,1
加大,1
加在价,1
加在一起,1
加劳,1
功勋,1
办到,1
劝善,1
力气,1
力是,1
动地,1
动植物,1
勤奋,1
化费,1
化来,1
化是,1
化才,1
化学成分,1
化学家,1
化在,1
匈牙利,1
包罗万象,1
包罗,1
骄奢淫逸,1
勤快,1
勤劳者,1
动物性,1
勇武,1
勇敢,1
势力,1
劳说,1
劳动报酬,1
劳动所得,1
劳作,1
努力争取,1
助于,1
再举,1
册子,1
以亚,1
作一,1
使金,1
使辉格,1
使船,1
使自,1
使科,1
高级,1
使生,1
使现,1
使物,1
使劳,1
使利,1
使代,1
使仅,1
高超,1
佣工,1
作量,1
作过工,1
作法,1
作新,1
作恶多端,1
作品,1
作到,1
作伴,1
作主,1
高雅,1
例变贵,1
高深莫测,1
例是,1
促进作用,1
修订,1
修理,1
修正,1
修复,1
俨如,1
信里,1
信物,1
信中,1
保存起来,1
俘虏,1
例解,1
便同,1
便利,1
便会,1
侵害,1
依附于,1
依存性,1
供过于求,1
供消,1
供来,1
供新,1
供和求,1
侍奉,1
作中,1
余地,1
内阁,1
何况,1
优厚,1
优势,1
伊在,1
伊利亚特,1
仿制品,1
仿佛,1
任何理由,1
任何时刻,1
价值论,1
魔法,1
以防,1
以赛亚,1
以赛,1
以货,1
以获,1
以致于,1
以至于,1
以能,1
以极,1
以无易,1
以怨报德,1
以同,1
以原,1
以劳,1
伙伴,1
魁奈论,1
会受,1
佃户,1
何人,1
体上,1
佐译,1
低到,1
低利率,1
低估,1
但用,1
但现,1
但同,1
但他却,1
伯罗奔尼撒,1
会变,1
伦巴第,1
传送,1
传说,1
传授,1
传到,1
会贵,1
会自,1
会流,1
会显,1
会快,1
会因,1
修鞋,1
修饰,1
俯视,1
俯首,1
共同体,1
共产主义者,1
兰盖,1
六篇,1
六日,1
六分,1
公道,1
公路,1
公认,1
公用,1
公元,1
公债券,1
八册,1
八世,1
全靠,1
全章,1
全称,1
全民投票,1
全欧,1
全是,1
全体成员,1
全体人员,1
全书,1
党领,1
党人,1
克是,1
克劳德,1
共同努力,1
共和国,1
共存亡,1
典范,1
内部联系,1
内进,1
内行,1
内核,1
内有,1
内新加,1
内才,1
内所,1
内向,1
内保,1
兼营,1
兼有,1
典当业,1
共济会,1
高到,1
其提,1
其后,1
其他支出,1
高地,1
其一,1
关键,1
关连,1
关怀,1
关心,1
克制,1
克什米尔,1
光凭,1
值为,1
偏袒,1
偏狭,1
假造,1
假手,1
倾注,1
值量,1
值达,1
值流,1
值比,1
值同,1
值则,1
值上,1
停下来,1
高水平,1
债权人,1
债权,1
债务人,1
债务,1
借此,1
借出,1
借债,1
倒霉,1
倒确,1
倒数,1
倒不如说,1
做零工,1
停滞不前,1
先驱者,1
僧侣,1
先驱,1
先要,1
先种,1
先用,1
先有,1
先决,1
先作,1
先于,1
充分调动,1
兄弟,1
元老,1
元前,1
傲慢,1
停车场,1
储存起来,1
傅立叶,1
傅立,1
偷偷,1
偶然性,1
偶尔,1
健全,1
停顿下来,1
停顿,1
呼声,1
房子,1
命令,1
空起,1
稳固,1
稳定,1
稽核,1
稿本,1
究者,1
空前,1
空空洞洞,1
空隙,1
立法权,1
穿着,1
穿破,1
突变,1
突如其来,1
窘境,1
立在,1
立时,1
税款,1
稍微,1
程就,1
程和,1
租土,1
租种,1
租约,1
租给,1
租赁,1
积存,1
积屋,1
积攒,1
面粉,1
称作,1
移到,1
移到资,1
移植,1
移至,1
稀少,1
稀粥,1
稀罕,1
立来,1
立王,1
秘方,1
第二十,1
第一句,1
第一步,1
第一流,1
第七章,1
第三本,1
第三等级,1
第九,1
第九章,1
第二十六,1
立的资,1
第二段,1
第五版,1
第五节,1
第六,1
第六场,1
第十九,1
第十六,1
第又成,1
笨拙,1
符合实际,1
符合事实,1
符号,1
立论,1
立陶宛,1
站不住脚,1
站住,1
站稳脚跟,1
竞争性,1
竞争者,1
竟敢,1
竟是,1
竟然,1
章中,1
章作,1
章节,1
竭尽全力,1
端正,1
租佃关系,1
科学院,1
第四版,1
真实情况,1
相比而言,1
相称,1
相继,1
相连,1
看上去,1
看得,1
看得见,1
看盾,1
眼前,1
矿工,1
眼睛,1
着重号,1
瞬息间,1
革出,1
矫揉造,1
短期,1
相干,1
相差,1
相对高度,1
相对性,1
监视,1
盗匪,1
盘剥,1
盲目,1
直到现在,1
鞭子,1
直接参与,1
直接税,1
直至,1
鞋匠,1
相乘,1
相互竞争,1
相传,1
相似,1
相似之处,1
相区,1
相处,1
矿源,1
科学家,1
离外,1
神秘莫测,1
神罪,1
神通,1
祭祀,1
禁止性,1
禁食,1
福利,1
福祉,1
离奇,1
码中,1
离得,1
秋季,1
种植场,1
种植者,1
种种原因,1
神盖娅,1
神学,1
神圣罗马,1
祛除,1
码所,1
码麻,1
破坏力,1
破绽,1
破衣,1
硕士,1
硬使,1
确是,1
碰壁,1
磨坊主,1
磨擦,1
磨擦力,1
示了,1
社会性,1
祖国,1
第四个,1
第四节,1
而本应,1
继任者,1
绝非,1
绞刑,1
绞架,1
统治者,1
统统,1
统计学,1
继之,1
继承权,1
继续下去,1
继续前进,1
继而,1
绰绰有余,1
维尔,1
维里,1
绸缎,1
绸象,1
绝迹,1
绝对高度,1
绝对额,1
绝大多数,1
经半,1
经商,1
经有,1
靠椅,1
经验主义,1
结合体,1
结婚,1
结成,1
靠加,1
结的口,1
绘声绘色,1
给与,1
给够,1
给工,1
给资,1
综上所述,1
编纂,1
经以,1
非有不可,1
翻译者,1
老板,1
老生常谈,1
老矿,1
老调,1
考古学,1
非正式,1
而产,1
编辑,1
而会,1
而作,1
而利,1
而前,1
而发,1
而取,1
而存,1
而形,1
翻译成,1
翻印,1
编造,1
缘故,1
缝纫工,1
缝衣,1
缩简,1
缴纳,1
罗伯尔,1
罗那,1
罗马法,1
罪恶,1
罪犯,1
署名,1
羊皮袄,1
美好,1
美好愿望,1
经使,1
终将,1
第在,1
粗陋,1
类似之处,1
类比,1
类资,1
粗放,1
粗略地,1
粗纺,1
粪肥,1
粮仓,1
粮价,1
粮食,1
精力,1
精度,1
精彩,1
精疲力竭,1
类人,1
米尔,1
米兰,1
篱笆,1
第对,1
第式,1
第编,1
第错,1
笼统,1
等价交换,1
等物,1
答应,1
简便,1
简短,1
简要地,1
算不了,1
算在里面,1
算进去,1
管它,1
管理人员,1
精神面貌,1
糊涂,1
终了,1
纽带,1
纳税,1
纵然,1
纺掉,1
纺纱厂,1
纺纱工,1
纺麻,1
纽约,1
糟蹋,1
线索,1
细小,1
细纱,1
织出,1
织品,1
织袜机,1
织针,1
纳尔,1
纳为,1
纱业,1
系是,1
紊乱,1
素之比,1
素所,1
索拉诺,1
紧接,1
紧紧,1
累成,1
累比,1
红白,1
约定,1
约束,1
约束力,1
约计,1
纯利,1
监狱,1
监牢,1
深度,1
深得,1
深深地,1
混为,1
混合型,1
混合物,1
混起来,1
淹死,1
清醒,1
滑稽可笑,1
温情脉脉,1
渴求,1
游惰,1
源于,1
深奥,1
深处,1
深厚,1
深入研究,1
浪费者,1
浮华,1
浮游,1
海神,1
海运业,1
消亡,1
消涂办,1
消耗掉,1
消费行为,1
涌向,1
涨到,1
淀粉,1
淫妇,1
滚滚向前,1
浪漫主义,1
烦顼,1
炉边,1
炮台,1
点不谈,1
点点滴滴,1
炼后,1
烈地,1
烙印,1
烟云,1
烧制,1
满象,1
烧掉,1
烧死,1
烧酒,1
热中,1
热心,1
热忱,1
热水,1
热诚,1
炉子,1
灾难性,1
灵巧,1
灵便,1
漂浮,1
漏掉,1
演化,1
演戏,1
演算,1
演绎,1
演说,1
漠不关心,1
漠不相关,1
激进主义,1
激进派,1
灌输,1
火炉,1
火等,1
灰色,1
浪潮,1
浩大,1
盎格鲁,1
求和,1
水力,1
水手,1
水池,1
永世长存,1
永恒性,1
永无,1
求之不得,1
求得,1
沉淀物,1
求救,1
汇票,1
汇集,1
汗往,1
汲取,1
汽机,1
气象报告,1
气味,1
气压,1
民间,1
比所,1
比新,1
比是,1
比比皆是,1
比现,1
比萨,1
比较慢,1
比较而言,1
比重,1
比锡,1
比马尔,1
毫不犹豫,1
毫不留情,1
毫不迟疑,1
民主主义,1
民权,1
沃尔弗,1
沉湎,1
浆纱机,1
活生生,1
泰然,1
洛维奇,1
洞穴,1
津版,1
活人,1
活动场所,1
活命,1
活着,1
没收,1
流人,1
流往,1
流浪,1
流走,1
流通券,1
流通手段,1
流通费用,1
流通量,1
注出,1
注入,1
泥于,1
波赛东,1
须用,1
没落,1
油嘴,1
油画,1
油而,1
治学,1
沿街,1
法令,1
法兰克,1
法利赛,1
法庭,1
法来,1
法案,1
法郎,1
波尔,1
波拿巴,1
焙茶,1
焚毁,1
焦点,1
用堤,1
生涯,1
生物进化,1
生虫,1
生计,1
生锈,1
音乐,1
用具,1
用到,1
用寸,1
用词,1
用得少,1
用户,1
用手,1
用旧,1
用水,1
用物来,1
用生,1
用红字,1
生气勃勃,1
生意萧条,1
生它,1
生存条件,1
玻璃,1
珍爱,1
理发匠,1
理学家,1
理想主义,1
理所当然,1
理解力,1
理论性,1
瑟夫,1
瑰丽,1
甘冒,1
甜菜,1
生于,1
音响,1
生产商,1
用血,1
用过,1
然会,1
留心,1
畜生,1
疯狂,1
疲惫不堪,1
痛苦,1
瘟疫,1
登上,1
白银,1
百分之五,1
百科全书,1
百科词典,1
百页,1
韦写,1
皇家学院,1
盆子,1
留归,1
留传,1
田地,1
由亚,1
由人,1
由发,1
由同,1
由大,1
由必,1
由新加,1
由本,1
由派,1
由社,1
由铁,1
电铸,1
画出,1
现金支付,1
现行,1
现者,1
物和人,1
版译,1
牧羊,1
物中,1
物为,1
物交,1
物决,1
物即,1
物及,1
物和以,1
现来,1
物和物,1
物存,1
物对,1
物少,1
物才,1
物时,1
物有,1
物来,1
版翻,1
片面性,1
父母,1
父亲,1
然力,1
然已,1
然性,1
然是,1
然界,1
照例,1
照威,1
照所,1
照明,1
照此,1
照理,1
熊熊烈火,1
熏肉,1
熔炼,1
熟悉,1
燕麦,1
物煤,1
物表,1
物质化,1
率中,1
率为,1
率高,1
王位,1
王国,1
现为物,1
现了,1
现今,1
现他,1
现出,1
顶点,1
现实存在,1
现新,1
献出,1
牵回去,1
猎取,1
特别强调,1
特加,1
特只,1
特所值,1
特权,1
特森,1
特洛伊,1
特色,1
特里,1
牺牲品,1
狡黠,1
狩猎,1
独自,1
独自一人,1
狼子野心,1
而必,1
而照,1
比例失调,1
辉格,1
辉格主,1
输出,1
辗转,1
辛勤,1
辛辣,1
辞句,1
辨认出来,1
辩护词,1
过清棉,1
边沁为,1
辽阔,1
达尔文主义,1
迄今,1
过冬,1
过大,1
过头,1
过得去,1
较高级,1
较长时间,1
较晚,1
转弯抹角,1
转归,1
转意,1
转过,1
轮作制,1
轮廓,1
轮船,1
软弱无力,1
轻率,1
轻率地,1
轻而易举,1
较为,1
较之,1
较多量,1
较小劳,1
较时,1
过早,1
过渡形式,1
转变成,1
这和亚,1
这一术,1
这一码,1
这一货,1
这一较,1
这一颠,1
这三类,1
集里,1
这使,1
这和用,1
过贵,1
这场,1
这好,1
这层,1
这新,1
这方,1
这时候,1
这有,1
这条,1
这一价,1
还须,1
还象,1
还读,1
过路人,1
过错,1
过食,1
运出去,1
运行,1
运费,1
运转,1
运输工具,1
运送,1
近代,1
近似,1
近年来,1
还决,1
还少,1
还应,1
还成,1
还生,1
转弯,1
零件,1
这正象,1
零星,1
费尽,1
雷姆赛,1
费者,1
费解,1
赃物,1
资中,1
零活,1
零散,1
赖新,1
零售商,1
资本性,1
资本额,1
资率,1
赊购,1
赋有,1
赎回,1
贷者,1
贷才,1
贷到,1
贵金属,1
质物,1
贪财,1
贫国,1
贫富,1
贫民窟,1
贫瘠,1
雷沃,1
贮存,1
贯彻始终,1
贯穿,1
贱买,1
贵些,1
贵得,1
贵贱,1
贵重,1
赖以生存,1
赛说,1
转为,1
路德教,1
越远,1
足供,1
足迹,1
跟着,1
跟随,1
踏步,1
蹂躏,1
身价,1
身份,1
身在,1
身穿,1
躯体,1
躯壳,1
越慢,1
超然,1
起过,1
赞扬,1
赞颂,1
赠予,1
赠送,1
赫时,1
走上,1
走入,1
走出,1
走向,1
走得,1
走过,1
走运,1
走进,1
起义,1
起使,1
起源于,1
这次,1
这段,1
而现,1
锤击,1
银行券,1
销出,1
销售市场,1
销路,1
锁链,1
锤子,1
门中,1
锻工,1
锻锤,1
镣铐,1
长出,1
长到,1
长大,1
长好,1
银行信用,1
铜表法,1
铁梁,1
铁柱,1
金所编,1
金所谈,1
金才,1
金来,1
金用,1
金科玉律,1
金等,1
金表,1
金转,1
金钱,1
金链,1
鉴于,1
针织品,1
钱换,1
钱花,1
铁在,1
铁时,1
长子,1
门第,1
金和银,1
随声,1
降时,1
限制性,1
院士,1
陷入困境,1
陷落,1
陷阱,1
随同,1
随后,1
随满,1
问心无愧,1
随者,1
随马,1
隐瞒,1
隔开,1
隶主,1
隶属,1
降为,1
陈述,1
陈辞滥调,1
难易,1
问题所在,1
间接税,1
阉割,1
阔绰,1
队员,1
阳光,1
难得,1
阿文丁山,1
阿道夫,1
附与本,1
附卡泽,1
附和,1
附在,1
附托,1
陈腐,1
金属货币,1
金刚,1
这点,1
通约性,1
适得其反,1
适用性,1
逊色,1
透顶,1
逐一,1
逐次,1
通约,1
集中化,1
遵循,1
速度慢,1
造厂,1
逻辑学,1
道工序,1
遗传,1
遗迹,1
送到,1
送上,1
集约,1
集第,1
进去,1
进口商品,1
进款,1
集市,1
连一,1
连贝利,1
迟疑不决,1
迪南,1
述评,1
迷信,1
迷惑,1
退出,1
退居,1
遥远,1
那件,1
金写,1
重利,1
酿制,1
采矿,1
采茶,1
采蜜,1
释本,1
里面,1
重农主,1
重大损失,1
那位,1
重担,1
雄蜂,1
量论,1
量贵,1
金之,1
金以,1
金价,1
酬较,1
酒窖,1
酒和丝,1
配得,1
那句话,1
那同,1
那才,1
那本,1
那本书,1
那本论,1
那样一来,1
那样的话,1
那篇,1
那要,1
那部,1
雅典,1
那门,1
邪恶,1
都行,1
鄙俗,1
配合,1
货币贬值,1
败坏,1
荷兰文,1
茶以,1
茹尔,1
荒诞无稽,1
荣华富贵,1
药剂,1
荷兰人,1
萨伊同,1
莫卧儿,1
莫测高深,1
莱文,1
莱比,1
莱茵,1
营业,1
营夫,1
萧条,1
范例,1
苹果,1
节制,1
节时,1
节是,1
节者,1
芜菁,1
花样繁多,1
花边,1
苏黎世,1
若干代,1
若干块,1
苦难,1
英国人,1
英国女王,1
英格,1
英格兰银行,1
英美,1
英雄,1
萨伊为,1
萨伊在,1
节俭,1
补上,1
行抢,1
行政,1
行政官员,1
行话,1
行长,1
衔接,1
衣食,1
补写,1
萨伊式,1
补给,1
表对,1
表格,1
表现者,1
表象,1
表达形式,1
表达方法,1
表露,1
行情,1
行家,1
行列,1
行事,1
非凡,1
蒙受损失,1
蒸气,1
蔷薇,1
虚伪,1
虚弱,1
虚弱不堪,1
虫蛀,1
蜜蜂,1
螺旋形,1
蠢货,1
血肉,1
行之有效,1
节到,1
责任,1
背离,1
肉用,1
肉铺,1
肌肉,1
肥缺,1
肥育,1
肩上,1
肩膀,1
胚胎,1
能象,1
能保,1
能卖,1
非常少,1
能性,1
能手,1
能期,1
能求,1
能生,1
肉来,1
联络,1
联合操作,1
职员,1
而生,1
而能,1
而论,1
而资,1
而造,1
而降,1
耍花招,1
耗尽,1
耗损,1
耶利米,1
耸立,1
耻地,1
聊以,1
能用,1
脂膏,1
航程,1
自觉,1
自我陶醉,1
自找麻烦,1
自然史,1
自然科学,1
自然科学家,1
自由自在,1
自由行动,1
自称,1
自认是,1
脏得,1
自诩,1
自食其力,1
至上,1
致命,1
致富之道,1
舍弃,1
舍韦,1
舞台,1
自愿地,1
非常复杂,1
自夸,1
自命不凡,1
脐带,1
脑子,1
脑满肠肥,1
脚注,1
脱口,1
脱粒机,1
腌肉,1
腐烂,1
腓尼基,1
臣民,1
自为,1
自亚,1
自从,1
静止,1
语音,1
该报,1
该期,1
该本,1
该死,1
该章,1
该节,1
语句,1
语言学,1
误写,1
诺思,1
误地,1
诱惑,1
说得好,1
说得对,1
说用,1
请参阅,1
请求,1
该商,1
该剧,1
试举,1
译自英,1
证券,1
证券交易,1
证里,1
评政,1
评议会,1
评语,1
识中,1
识别,1
识到,1
识地,1
诉讼费,1
词上,1
词是,1
词有,1
词源,1
译出,1
诸侯,1
诺言,1
被付,1
貌似,1
象洛,1
象琼,1
象观,1
象资,1
象转,1
象过,1
象重,1
貂皮,1
贝克尔,1
读作,1
贝利著,1
贝特,1
负债,1
负有,1
贡物,1
财宝,1
财政,1
财政政策,1
象奇,1
象出,1
象作,1
象产,1
课税,1
调节器,1
谄媚者,1
谈不上,1
谈判,1
谈后,1
谈资,1
谈起,1
谋杀,1
需求量,1
需求者,1
象上,1
象亚,1
设计师,1
讽刺,1
论马,1
见到,1
要不然,1
要同,1
要命,1
要坏,1
要紧,1
要花,1
要采,1
要钱,1
见巴师,1
论题,1
见本卷,1
见识,1
见金,1
见鬼,1
观众,1
观察所,1
霍吉,1
视为,1
要不了,1
西西里岛,1
西西里,1
被代,1
被制,1
被加,1
被固,1
被意,1
被机,1
被理,1
被规,1
装出,1
装扮,1
装满,1
襁褓之中,1
西大,1
西欧各国,1
西相,1
觉到,1
觉察,1
觉得,1
议会,1
记录下来,1
记得,1
记者,1
记述,1
讲授,1
讲清楚,1
讲究,1
讲过,1
许可权,1
震惊,1
论中作,1
论使,1
论坛报,1
论帮,1
论政,1
论是,1
论来,1
训练,1
训条,1
角度看,1
角形,1
角色,1
解在,1
解开,1
解放,1
言论,1
詹姆,1
警察,1
计算出来,1
计较,1
订立,1
订购,1
认出,1
认识论,1
讥讽,1
让位,1
比向,1
须要,1
命名,1
就此结束,1
就会慢,1
就会用,1
就会象,1
就会贵,1
就会降,1
就值,1
就利,1
就可以看,1
就算,1
就行了,1
就表,1
就读,1
就资,1
尼一世,1
尼埃大,1
尼里,1
尽可能少,1
就会发,1
就业率,1
就业,1
小额,1
少到,1
少能,1
少见,1
尔勒,1
尔哥,1
尔德,1
尔文,1
尔特,1
尔虞我诈,1
尖刻,1
尖括号,1
尘世,1
尚存,1
尚待,1
尚须,1
屈从,1
展上,1
小规模,1
巴托尔,1
巨大作用,1
差不多,1
差异,1
差数,1
已不象,1
已变,1
巴勒斯坦,1
巴蒂斯特,1
展为,1
币额,1
市侩,1
飞速,1
市场供应,1
布者,1
帕奥累,1
帕特森,1
带上,1
巧胜,1
左右为难,1
左下角,1
工资额,1
展出,1
展示,1
山洞,1
岂有此理,1
崇高,1
工业无产,1
工作效率,1
工场手工,1
工广主来,1
工的,1
工程,1
工纺,1
食利,1
小资产阶,1
小节,1
席位,1
家具,1
宣告破产,1
宪章派,1
宰割,1
家不付,1
家中,1
家为,1
家买,1
家属,1
富有成效,1
家臣,1
容克,1
容器,1
容忍,1
宽厚,1
宽宏大量,1
寄托,1
密切相关,1
宣告,1
宣传,1
客观因素,1
客满,1
定价,1
定会,1
定量,1
实上,1
实例,1
实力,1
实地,1
实有,1
实物税,1
实证,1
餐桌上,1
食者,1
客人,1
客体,1
客体化,1
富是,1
小纸,1
小吏,1
导火线,1
寿命,1
封不动,1
封建残余,1
封建统治,1
将近,1
尊贵,1
小农,1
小家庭,1
寸步难行,1
小市民,1
小得,1
小心翼翼,1
小是,1
小炉,1
小生产者,1
小百,1
小私,1
对量,1
对贝利,1
对船,1
对积,1
食税者,1
对付,1
对健,1
对全,1
对内,1
对利,1
对劫路,1
对劳,1
对同,1
对外部,1
对大,1
对头,1
对抗性矛盾,1
对方,1
对无酬,1
对本,1
对生,1
带进,1
怎能,1
形容词,1
当对,1
当成,1
当投,1
当某,1
当织,1
当边,1
录下来,1
形上,1
风俗,1
额越,1
彻底性,1
彼得罗,1
彼此间,1
征兆,1
很久,1
很妙,1
很慢,1
当剩,1
当做,1
当人,1
归还给,1
引自夏韦,1
引自萨伊,1
引述,1
弗拉,1
弗朗西斯科,1
弗雷德里克,1
弥补,1
弱点,1
强加于,1
强权,1
强烈,1
归宿,1
归属于,1
归根结蒂,1
归纳如下,1
归结到,1
归还,1
很近,1
得坏,1
引水渠,1
忧患,1
必将,1
必然规律,1
额而通,1
忍受,1
志为,1
忧虑,1
得堡,1
快于,1
快得,1
快表,1
念念不忘,1
忽然,1
态中,1
怎么办,1
怎么得了,1
必不可少,1
心目,1
心爱,1
心灰意懒,1
得太少,1
得太快,1
得意,1
得数,1
得闲,1
徘徊,1
循环论,1
微薄,1
德奥,1
德论,1
德赛,1
心惊胆战,1
心意,1
心机,1
引自,1
引向,1
帮不了,1
年限,1
年景,1
年期,1
年柏,1
年版,1
年用,1
年秋,1
年税,1
年金,1
飞扬跋扈,1
幻想作,1
并不一定,1
并不认为,1
并入,1
并同,1
并实,1
并表,1
并非如此,1
幸给,1
年数,1
年度,1
年巴,1
年利,1
常年,1
常识,1
干下,1
干格,1
干涉,1
干预,1
平分,1
平均分配,1
平常,1
平方尺,1
平行,1
飞跃,1
年产,1
年代,1
年价,1
幻影,1
幻觉,1
引力,1
开玩笑,1
建主,1
开创,1
开办,1
开发,1
开垦,1
开始运转,1
开本,1
异教,1
幼年时期,1
弄不清,1
弄乱,1
弄清问题,1
弄糟,1
弊病,1
弊端,1
引伸出,1
庸夫,1
庸人,1
幼稚地,1
幽默,1
广大群众,1
广阔天地,1
床单,1
应从,1
应加,1
应声虫,1
应对,1
应用化学,1
应由,1
应验,1
底斯有,1
度上,1
宗教改革,1
宗教建筑,1
完美无缺,1
地捧出,1
地处,1
地小,1
地应,1
地归,1
地当,1
地得,1
地拒,1
地指,1
地提,1
地质学家,1
地收,1
地方性,1
地来,1
地求,1
地理,1
地盘,1
首次,1
地结,1
地增,1
地吸,1
地压,1
地即,1
在世界上,1
在国,1
在外,1
在实践上,1
在我看来,1
在政治上,1
在此之前,1
在编,1
地上,1
地产,1
地付,1
地会绝,1
地作,1
地出,1
地切,1
地力,1
地卖,1
地谈,1
地越,1
首要,1
堂皇,1
城里,1
域里,1
培植,1
基于,1
基本上,1
基本前提,1
基本矛盾,1
基督徒,1
堕落,1
场靠,1
塔姆,1
塞到,1
塞林格,1
塞涅卡以,1
填补,1
城堡,1
城关,1
埋怨,1
均衡,1
均衡性,1
坎大哈,1
坏事,1
坐牢,1
坟墓,1
垦殖,1
埃一,1
埃以,1
埃会,1
埃利,1
埃利奥特,1
埃对,1
埃著,1
埋头,1
在下文,1
圣父,1
完结,1
商人资本,1
哪些,1
唯有,1
唯灵论,1
唯物,1
唯理论,1
商业城市,1
商业界,1
商品经济,1
嘴巴,1
商定,1
商是,1
啤酒,1
喂养,1
善于,1
善辩,1
喜欢,1
嗅到,1
哪一点,1
品都用,1
品都,1
品质,1
和历,1
和布,1
和平,1
和技,1
和政,1
和机,1
和约,1
和统,1
和谐,1
哀鸣,1
品为,1
品从,1
品在,1
品时,1
品有,1
品比,1
品而,1
嗜好,1
器具,1
圣灵,1
图来,1
困境,1
困苦,1
围住,1
围内,1
固执,1
国外市场,1
国家所有,1
图景,1
囿于,1
器重,1
圈子,1
土地质量,1
土壤,1
土耳其,1
圣子,1
圣徒,1
圣母,1
囤积,1
马上会,1
因果关系,1
因有,1
嚣张,1
囚死,1
四万人,1
四匹,1
四卷,1
四季,1
四年,1
四期,1
四棵,1
四边形,1
回升,1
回头,1
回家,1
回忆录,1
回敬,1
因利,1
因数,1
境地,1
墙上,1
奸夫,1
奠基,1
奢望,1
奥古斯特,1
奥多,1
奥德赛,1
女工,1
奴役,1
奴隶制度,1
奸淫,1
妄诞,1
好几处,1
好坏,1
好多,1
如上例,1
如今,1
如原,1
如毛,1
如蒸,1
奔跑,1
奔走,1
奋斗,1
奉承,1
太重,1
太阳神,1
失策,1
头上,1
头才,1
头数,1
头等,1
头衔,1
头部,1
夸耀,1
夹板,1
奇妙,1
奇异,1
奇怪的是,1
奇物,1
奇生虫,1
妇所,1
增产,1
安乐,1
饥饿,1
它实,1
它形,1
它影,1
它成,1
它现,1
它象,1
安于,1
妥当,1
安得列,1
安得鲁,1
安排,1
安涅,1
安的列斯群岛,1
安逸,1
饥渴,1
完备,1
宁愿,1
孩子,1
学识,1
始前,1
始终不变,1
始终认为,1
娱乐,1
嫉妒,1
子孙,1
子来,1
子要,1
孕育,1
字眼,1
饮食,1
学上,1
学徒,1
学期,1
学术研究,1
学校,1
太远,1
太甚,1
太大,1
多卷,1
外壳,1
外套,1
外形,1
外来,1
外贸,1
多两倍,1
多出,1
多半会,1
多参,1
太多,1
多少倍,1
多得,1
多快,1
多时,1
多深,1
多用,1
多象,1
多长,1
外号,1
外交家,1
复活节,1
复比例,1
增减,1
首位,1
增加三倍,1
增强,1
增长速度,1
墨守,1
壮大,1
壮年时期,1
声明,1
处境,1
备受,1
备置,1
复写,1
复制,1
复去,1
复式簿记,1
夜工,1
够用,1
饲料作物,1
大步,1
大灾难,1
大群,1
大胆,1
大致相同,1
大部头,1
大门,1
大面积,1
大骗子,1
大麻,1
天体,1
天则,1
天命,1
天天,1
天换,1
天气,1
天生,1
天领,1
大洲,1
大棉,1
大不相,1
大显身手,1
大众,1
大优,1
大到,1
大加,1
大卡,1
大发雷霆,1
大喊大叫,1
大四,1
大国,1
大地,1
大多,1
大大降低,1
大学教授,1
大对,1
大工,1
大师,1
大成,1
怎么样,1
比以,1
春季,1
预料中,1
明确指出,1
易中,1
易懂,1
星辰,1
是果,1
暂时性,1
显出,1
晚上,1
晚年,1
晦涩,1
普通工人,1
普遍如此,1
普雷沃立,1
时贵,1
时磨,1
时比,1
时机,1
旧船,1
早婚,1
预期,1
时会,1
时作,1
时其,1
时则,1
时到,1
时加,1
时多,1
时少,1
时常,1
时所划,1
时所处,1
时所应,1
时数,1
时有,1
景象,1
旧社,1
有价,1
最强,1
最普,1
最能,1
最近,1
最高点,1
月刊,1
月初,1
有个资,1
有任,1
暗中,1
有余,1
有利条件,1
有助,1
有名,1
有增,1
有形,1
有待于,1
有把握,1
最合适,1
最出色,1
最充,1
最低工资,1
暗喻,1
曲折,1
更动,1
更古,1
更多地,1
更多象,1
更富,1
更换,1
更是如此,1
更正,1
更能发,1
更高得,1
曾以,1
曾多次,1
替换,1
最为,1
旧称,1
旧时,1
有朝一日,1
斯图亚,1
文句,1
文学作品,1
文稍,1
文第,1
文集,1
断地,1
斯哥,1
斯图,1
斯图加特,1
新船,1
斯多葛,1
斯金同,1
预算,1
新兴,1
新加劳,1
新动力,1
新年,1
新村,1
文体,1
文中,1
整理者,1
整整,1
教师,1
教条式,1
教规,1
敞开大门,1
敢于,1
散见,1
敬仰,1
数之比,1
数值,1
数去,1
数年,1
数相,1
数越,1
数里,1
敲诈,1
整台,1
整数,1
新理,1
新陈代谢,1
旧大陆,1
既作,1
无耻之徒,1
无聊,1
无能,1
无论怎样,1
无误,1
无须,1
无须再,1
既以,1
既同,1
方尺,1
既有,1
日中,1
日子,1
日常生活,1
日益减少,1
日至,1
日致,1
无稽之谈,1
无稽,1
无法控制,1
无条件,1
施加,1
旁边,1
旅客,1
无中生有,1
无产阶级化,1
无力,1
无原则,1
无地,1
无声无息,1
无异于,1
无形,1
无所谓,1
无数个,1
无机化学,1
无机界,1
无权,1
有损于,1
有象,1
思在,1
模糊地,1
棉纺织业,1
棱角,1
概要,1
模仿,1
模型,1
橡实,1
款项,1
次序,1
次里,1
欢跳,1
欧洲人,1
欺人,1
欺骗性,1
棉纺织,1
棉纤维,1
棉砂,1
梳棉,1
样板,1
根基,1
根据上述,1
根本就是,1
根本无法,1
格化,1
格对,1
格拉,1
格拉斯哥,1
格措夫,1
格是,1
桌子,1
桥梁,1
梅格,1
梅格尔,1
梨子,1
梨树,1
款人,1
样好,1
每周,1
殴打,1
毋宁,1
母亲,1
每一夸,1
每件,1
每况愈下,1
每前,1
每季,1
每日,1
每月,1
每磅,1
每笔,1
顽固,1
比不上,1
比乘,1
比亚,1
残酷,1
残忍,1
死胡同,1
死亡率,1
正方形,1
正直,1
正相反,1
正确性,1
正误表,1
正说,1
此书,1
此可通,1
此后,1
此数,1
步调一致,1
武器,1
武夫,1
武尔坎,1
歧路,1
歧途,1
样快,1
样地,1
有钱人,1
本较,1
本时,1
本有,1
本来面目,1
本物神,1
本相,1
本类,1
本质区别,1
本质特征,1
本领,1
杀人罪,1
机上,1
机关,1
机关刊物,1
预兆,1
机械厂,1
机灵,1
杀人,1
本成,1
本愿,1
本想,1
本应,1
服从,1
期待,1
期票,1
木料,1
未付,1
未曾,1
未经,1
末了,1
末日审判,1
预先确定,1
本例,1
本则,1
本前,1
本加,1
本同,1
本因,1
本地,1
杀人放火,1
杀死,1
样在,1
染坊,1
林版,1
果想,1
果说,1
枯竭,1
某一合,1
某一方面,1
某一物,1
查明,1
杂记,1
查清,1
校正,1
样做,1
顾客,1
极缓,1
极端重要,1
极少量,1
权所依,1
李嘉较,1
杜宾根,1
条理化,1
颂诗,1
来估,1
来实,1
来往,1
来满,1
来直,1
来积,1
来维,1
来计,1
极其丰富,1
极好,1
极少,1
教导,1
教士,1
教区,1
所必,1
所受,1
所向无敌,1
所含,1
所售,1
所在,1
所学,1
所实,1
所得者,1
所提,1
所进,1
所支,1
频繁,1
所特,1
所知,1
所空出,1
所编,1
所缺,1
所能生,1
所卖,1
所加予,1
所创,1
所使,1
或表,1
或论,1
或论决,1
或谷,1
或象,1
或贫,1
或长,1
或风,1
战争史,1
战神,1
所下,1
所买,1
所亏,1
所代,1
题上,1
所负,1
所附,1
或线,1
把柄,1
承受,1
承担风险,1
技术设备,1
抄下来,1
抄录,1
把利,1
把戏,1
把构,1
把物,1
所预,1
把生,1
把资,1
投下,1
投到,1
投奔,1
投机家,1
投机性,1
批驳,1
批评家,1
批地,1
批发商,1
手艺,1
打交道,1
打击,1
打家劫舍,1
打败,1
打转转,1
打通,1
托人,1
托利党,1
托词,1
扛着,1
扬言,1
扮演,1
批判性,1
批判者,1
批发,1
或肉,1
或用,1
救药,1
悠闲,1
息率,1
恰好相反,1
恰巧,1
恰恰相反,1
恶习,1
恶事,1
悄悄地,1
悬崖峭壁,1
愈发,1
悬殊,1
悲叹,1
额所,1
情景,1
惊异,1
惬意,1
想得到,1
恩赐,1
恩惠,1
恐怕,1
思维过程,1
急剧下降,1
急忙,1
性是,1
性格,1
额流,1
总利,1
总剩,1
总括,1
总支出,1
总而言之,1
总能,1
总要,1
总起来说,1
总面积,1
总预,1
想象力,1
愈贵,1
或水,1
我家,1
成千,1
成同,1
成名,1
成有,1
成本,1
成熟,1
成长,1
我国,1
我继,1
愈高,1
我该,1
额中,1
或任,1
或份,1
或同,1
或商,1
或大或小,1
或少,1
成制,1
成其为,1
成上,1
额实,1
意图,1
意外,1
意大利式,1
意愿,1
意有,1
愚昧,1
愚钝,1
感到恐惧,1
感谢,1
慈善,1
慎重,1
慢地,1
懈怠,1
戏院,1
折磨,1
折算,1
插进,1
掩护,1
措施,1
描绘成,1
提一,1
领受,1
提出异议,1
提议,1
插图,1
摇摆,1
揭穿,1
援引,1
搜寻,1
搞掉,1
搪塞,1
携带,1
推远,1
推算出,1
推算,1
推后,1
挥霍者,1
挪威,1
挽救,1
捏造,1
捕鱼,1
损耗量,1
换上,1
换句,1
换句话,1
据统计,1
掌管,1
排水,1
排水渠,1
掘业,1
摆在,1
摇篮,1
折衷,1
故事,1
放牧,1
放置,1
放走,1
预防,1
政治家,1
预言,1
政策,1
故乡,1
故作高深,1
故弄玄虚,1
效力,1
效劳,1
效能,1
敏锐,1
敏锐性,1
救人,1
改良派,1
改头换面,1
改为,1
摸索到,1
撒克逊,1
撤出,1
播下,1
播入,1
操心,1
领到,1
支取,1
收支,1
收支平衡,1
收税人,1
收而,1
收购,1
收进,1
收进来,1
挤垮,1
担保,1
担忧,1
担着,1
拉丁字母,1
拒绝,1
拔成,1
拖回,1
拖得,1
拚命,1
挣扎,1
招揽,1
招摇撞骗,1
招牌,1
拜占庭,1
拥护,1
拦路,1
拴上,1
担任,1
抽象化,1
抽出来,1
抚养,1
抛向,1
抛掉,1
抢来,1
抢走,1
护民,1
报刊杂志,1
报答,1
抬高自己,1
抱住,1
抱怨,1
抵押借款,1
抹杀,1
拼凑,1
拿量,1
持下,1
指过,1
按亚,1
按交,1
按仅,1
按件,1
按全,1
按其价,1
按其性,1
按原,1
按周,1
按年,1
按新,1
按日,1
按期,1
按极,1
领地,1
按相,1
挣得,1
指马,1
指边,1
持久,1
指萨伊,1
持着,1
领导者,1
指两物,1
指为,1
指人,1
指在,1
指家,1
指引,1
指数,1
指数函数,1
指新加,1
指施,1
指流,1
指环,1
指示,1
指花,1
指莱,1
抢劫罪,1
