他们,1016
我们,947
自己,876
一个,735
这种,708
劳动,612
工人,570
这个,517
没有,483
资本,476
社会,462
马克思,453
恩格斯,441
生产,404
因此,391
这些,389
因为,380
本质,357
如果,355
土地,345
作为,336
就是,330
破产,326
这样,321
不是,320
德国,317
存在,315
但是,314
一种,314
法国,310
先生,305
同盟,305
国家,295
产品,293
一切,283
关系,283
可以,283
活动,274
东西,265
那么,264
而且,261
由于,259
已经,258
英国,258
情况,256
对象,256
并且,245
工业,238
需要,233
你们,228
进行,221
表现,219
资产阶级,218
所有,216
货币,215
异化,215
关于,214
本身,214
哲学,211
其他,210
商业,203
运动,203
著作,200
一样,199
通过,195
只有,193
形式,193
批判,193
现在,189
真正,188
商品,188
完全,188
人民,188
这里,184
成为,183
任何,183
私有财产,180
共产主义,178
生活,177
力量,177
以及,177
必须,176
得到,176
自身,175
人们,174
资本家,173
为了,172
编者注,172
巴黎,171
问题,170
之间,170
地租,168
什么,166
自由,166
工资,163
协会,160
交换,160
那里,158
自然界,157
只是,155
财富,154
现实,153
手稿,152
不能,152
认为,151
它们,150
利润,149
革命,149
所有者,147
一些,147
或者,143
直接,143
自然,141
阶级,139
可能,137
政治,136
价值,135
财产,135
发展,134
精神,132
经济学,130
代表,130
出版,130
而是,130
具有,129
抽象,129
等等,129
所以,128
李斯特,128
同样,128
利益,128
世界,128
增加,128
外化,127
竞争,126
黑格尔,126
共产主义者,125
国民经济,125
知道,124
不过,122
部分,122
要求,121
那些,120
变成,120
产生,120
因而,119
斯密,119
来说,119
全集,118
方面,118
整个,118
理论,117
同时,117
发生,117
最后,116
时候,116
这一,116
起来,115
工作,115
代表大会,113
结果,113
不同,112
宗教,111
必然,111
证明,111
许多,110
地产,110
看到,110
每个,108
全部,107
扬弃,107
甚至,106
傅立叶,105
需求,105
反对,104
地方,104
伦敦,103
还是,103
获得,103
组织,102
两个,102
方式,102
意识,102
思想,102
原则,101
历史,101
建立,101
增长,100
能够,100
发表,100
价格,100
一点,99
布鲁塞尔,98
仅仅,98
工厂,98
理解,97
自我,97
目的,97
一部分,96
实现,96
开始,96
说来,95
国民,95
德意志,95
提高,94
政府,94
兄弟,94
使用,94
盟员,93
存在物,92
决定,92
政治经济学,92
马克,91
提供,91
个人,91
民族,90
瑞士,90
主要,89
商人,88
费尔巴哈,88
意义,88
可是,87
从而,86
才能,85
斗争,85
制度,85
统治,85
生命,85
那样,85
机器,84
提出,84
之一,84
基础,83
占有,82
手段,82
看作,82
波兰,82
条件,82
状况,82
支部,81
首先,81
会议,78
分工,78
科学,78
原文,78
唯一,78
这是,78
普遍,78
感性,77
经济学家,77
根据,77
不仅,77
出来,77
发现,76
承认,75
现代,75
一次,75
生产力,74
按照,74
民主,74
消费,74
观点,73
只要,73
行动,73
事情,73
道德,72
希望,72
资产者,72
看来,72
例如,72
应当,71
应该,71
国王,71
成员,71
对于,71
否定,70
原因,70
以前,70
物品,70
中央委员会,70
总是,70
以后,69
在于,69
如此,69
相反,69
委员会,69
民主派,68
杂志,68
改革,68
尽管,68
状态,68
创造,67
不会,67
对立,67
怎样,66
北极星,66
十分,66
保证,66
材料,66
行为,66
不得不,66
人口,66
参加,66
农业,66
性质,65
贵族,64
那种,64
主义,64
属于,64
文章,64
第一次,64
不再,64
一定,63
人类,63
别人,63
事实,63
规定,62
谷物,62
自我意识,62
收入,62
权力,62
只能,61
表示,61
社会主义,61
引起,61
报道,61
从事,61
城市,61
文明,60
体系,60
对象性,60
其中,60
公社,60
享受,59
感觉,59
达到,59
弗莱,59
活动家,59
利用,59
利息,59
能力,58
影响,58
奴隶,58
几个,58
实际上,58
除了,58
某种,58
交换价值,58
联系,57
等于,57
之后,57
经济,57
肯定,57
普鲁士,57
以便,57
比例,57
原理,57
指出,57
供给,57
起义,57
数量,57
贫困,57
受到,57
出现,57
自杀,57
几乎,57
保持,56
实际,56
这次,56
拥有,56
时间,56
特别,56
投入,56
随着,56
说明,55
一下,55
一书,55
大会,55
准备,55
中间,55
特殊,54
如何,54
根本,54
包含,54
波林,54
当作,54
片断,54
相互,54
降低,53
作用,53
完成,53
鲍威尔,53
内容,53
积累,53
减少,53
带来,53
绝对,52
中文版,52
时期,52
思维,52
过去,52
用于,52
支付,52
德文,52
无产者,51
然而,51
过程,51
程度,51
那个,50
报纸,50
移民区,50
一般,50
异己,50
法郎,50
当然,50
无产阶级,50
作者,50
秘密,49
仍然,49
之外,49
矛盾,49
还有,49
有关,49
地位,49
群众,49
章程,49
各种,49
区部,49
摘要,48
购买,48
物质,48
积极,48
主义者,48
幻想,47
上述,47
事件,47
举行,47
垄断,47
联合,47
的话,47
罢工,47
考察,47
找到,47
不幸,47
主体,47
差别,47
虽然,46
解放,46
弗里德里希,46
假定,46
重要,46
领导,46
失去,46
作出,46
概念,46
萨伊,46
青年,45
议会,45
租地,45
及其,45
后来,45
制造,45
回答,45
权利,45
必要,44
美国,44
范围,44
表明,44
观念,44
穆勒,44
也就是说,44
路易,44
满足,44
取得,44
欧洲,44
农场主,44
教育,44
时代,44
研究,43
工人阶级,43
李嘉图,43
分离,43
规律,43
既然,43
魏特林,43
正是,43
代替,43
恩格,43
宣布,42
最初,42
编辑部,42
至少,42
以致,42
非常,42
卡尔,42
军队,42
补充,42
有利,42
此外,42
牺牲,42
确定,42
造成,42
采取,42
重新,42
一起,41
打算,41
比利时,41
相对,41
伟大,41
讨论,41
方法,41
公有,41
看成,41
包括,41
宪章,40
费用,40
写于,40
损失,40
遭到,40
胜利,40
处于,40
补偿,40
演说,40
该报,40
实行,40
公开,39
然后,39
大量,39
下面,39
掠夺,39
学说,39
草案,39
支配,39
事业,39
加以,39
市场,39
两种,38
态度,38
上帝,38
考虑,38
动物,38
离开,38
破产者,38
越来越,38
社会主义者,38
正在,37
清楚,37
私有制,37
威廉,37
即使,37
取决于,37
骚乱,37
以外,37
消灭,37
贸易,37
感到,37
特使,36
计划,36
比较,36
信条,36
平等,36
法律,36
流通,36
召开,36
有人,36
三个,36
提到,36
自由贸易,35
多少,35
主席,35
特性,35
他人,35
继续,35
超过,35
似乎,35
朋友,35
显然,35
债权人,35
于是,34
建议,34
封建,34
对待,34
办法,34
政论家,34
意见,34
身上,34
愿意,34
相信,34
恢复,34
人物,34
不管,33
始终,33
国内,33
不断,33
通常,33
是因为,33
一致,33
维持,33
彼此,33
是从,33
约翰,33
空想,33
实践,33
编辑,32
同意,32
形成,32
容易,32
目前,32
阶段,32
独立,32
曼彻斯特,32
措施,32
结论,32
第一,32
最高,32
另一方面,32
宪章派,32
俄国,32
人数,32
作家,32
第一个,32
欺骗,32
日益,31
统一,31
生活资料,31
废除,31
组成,31
这位,31
汉堡,31
以下,31
诚实,31
家庭,31
好处,31
宣传,31
可见,31
到处,31
扩大,31
地区,31
肉体,31
买卖,31
成立,31
格律,31
前提,31
某些,31
当时,31
总量,30
下降,30
民主主义,30
各个,30
下来,30
纯粹,30
第二,30
通告,30
公众,30
所谓,30
警察,30
用来,30
如果说,30
信贷,30
一家,30
著名,30
参加者,30
一位,30
最近,30
评论,30
基督教,30
论述,30
极端,30
大陆,30
采用,29
支持,29
放弃,29
正如,29
危险,29
敌对,29
认识,29
私有,29
保护,29
本卷,29
引用,29
结束,29
大多数,29
人同,29
读者,29
经常,29
结合,29
消息,29
一方面,29
知识,29
丹尼尔,29
富人,29
为什么,29
报告,29
生存,29
各国,29
接着,29
决不,29
至于,29
詹姆斯,28
迅速,28
凡是,28
德国人,28
万法郎,28
大家,28
明显,28
欢呼,28
很大,28
敌人,28
最大,28
未来,28
君主,28
见本,28
困难,28
文献,28
莫德,28
后果,28
确证,28
名称,28
这时,28
区别,28
解决,28
唯心主义,27
互相,27
丧失,27
四十年代,27
神圣,27
还要,27
内部,27
哲学家,27
辩证法,27
一旦,27
这笔,27
同一,27
每天,27
领域,27
促使,27
会员,27
语言,27
刊物,27
木工,27
要素,27
是否,27
单个,27
富有,27
期间,27
居民,27
描述,27
手中,27
外部,27
富裕,27
分割,27
莱比锡,27
倾向,26
记述,26
构成,26
小册子,26
份额,26
原料,26
通讯,26
国际,26
分析,26
分子,26
其次,26
生产者,26
事物,26
摆脱,26
变得,26
解释,26
对象化,26
所说,26
妇女,26
停止,26
理由,26
之前,26
进一步,26
这篇,26
进步,26
公民,26
卑鄙,26
相当,25
唯物主义,25
特征,25
见注,25
管理,25
拒绝,25
法国人,25
食物,25
等级,25
每年,25
人为,25
或者说,25
费里,25
告诉,25
面前,25
集会,25
一直,25
立即,25
设定,25
保护关税,25
巨大,25
愿望,25
充分,25
来自,25
依赖于,25
极其,25
一文,25
孩子,25
产物,25
各支部,25
偶然,24
日报,24
也许,24
现存,24
领袖,24
不久,24
出卖,24
文件,24
阿卜杜,24
机关,24
中是,24
因素,24
团体,24
分配,24
努力,24
曾经,24
别的,24
很快,24
英文,24
改变,23
不可,23
术语,23
惩罚,23
投机,23
令人,23
战争,23
彻底,23
一本,23
亚当,23
塔勒,23
反映,23
野蛮,23
论点,23
允许,23
蒲鲁东,23
大部分,23
爱尔兰,23
不变,23
现象,23
正确,23
共同,23
详细,23
穷人,23
范畴,23
同一个,23
错误,23
工具,23
直观,23
经过,23
了解,23
正义者,23
现象学,23
如下,23
交易,23
律师,23
请求,23
之中,22
今天,22
难道,22
西斯蒙,22
不要,22
引文,22
那时,22
任务,22
一词,22
假象,22
判决,22
更加,22
资本主义,22
必需,22
通讯员,22
宴会,22
害怕,22
有些,22
保存,22
领导人,22
以来,22
归结为,22
立法,22
艺术,22
学派,22
简单,22
注意,22
经营,22
柏林,22
相等,22
相比,22
不到,22
媒介,22
剥削,22
双方,21
本报,21
耕种,21
变为,21
发行,21
共产,21
二者,21
这件,21
世纪,21
辩护,21
无法,21
给予,21
个性,21
拿破仑,21
节约,21
上面,21
不同于,21
职业,21
普通,21
消除,21
义务,21
设法,21
往往,21
揭露,21
词句,21
执行,21
西里西亚,21
限于,21
真理,21
称为,21
相应,21
神学,21
选举,21
信任,21
真实,21
限制,21
大约,21
小时,21
家族,21
团结,21
破坏,21
部门,21
企图,21
篇文章,21
多么,20
资料,20
基本,20
幸福,20
越是,20
最好,20
草稿,20
第三,20
加工,20
全世界,20
欧文,20
大概,20
外国,20
怀疑,20
明镜,20
附录,20
单独,20
出发,20
类似,20
私人,20
就是说,20
加入,20
贫穷,20
本书,20
谈到,20
针对,20
奴役,20
十九世纪,20
叙述,20
一天,20
宣言,20
恰恰,20
有权,20
激烈,20
意志,20
身体,19
对此,19
永远,19
嘲笑,19
机会,19
其他人,19
委员,19
成功,19
中介,19
供应,19
意思,19
逐渐,19
丝毫,19
第二次,19
一年,19
争取,19
犹太人,19
抽象思维,19
年鉴,19
雇用,19
有效,19
年轻,19
拥护者,19
争论,19
固定,19
圣西门,19
突然,19
星期,19
一份,19
市民,19
值得,19
明确,19
平均,19
得出,19
勃朗,19
主人,19
使人,19
撰稿,19
表达,19
斯特伐,19
无非,19
可怜,19
回到,19
正象,19
罗伯茨,19
限度,19
罪行,18
表述,18
借口,18
队伍,18
就要,18
为此,18
改良,18
名义,18
缺乏,18
一类,18
政策,18
威胁,18
公司,18
克服,18
报刊,18
教徒,18
决心,18
经历,18
一句,18
这么,18
评述,18
专制,18
成果,18
前者,18
大臣,18
另外,18
很少,18
特定,18
马上,18
水平,18
足够,18
运用,18
怎么,18
违反,18
地主,18
思想家,18
说法,18
看出,18
奥地利,18
加里,18
人道主义,18
不想,18
英国人,18
里亚,17
基金,17
广泛,17
失败,17
信用,17
证实,17
标题,17
这样一来,17
这方面,17
信仰,17
某个,17
导致,17
全面,17
蔑视,17
经验,17
社会制度,17
三种,17
写道,17
信中,17
下述,17
被迫,17
环节,17
国外,17
谴责,17
来看,17
布鲁诺,17
罪恶,17
交往,17
无耻,17
迫使,17
过剩,17
来稿,17
坚持,17
不得,17
来源,17
苏黎世,17
企业主,17
莱茵,17
力图,17
帮助,17
迫害,17
追求,17
无限,17
忌妒,17
伊斯,17
关心,17
传播,17
沙佩尔,17
后者,17
报酬,17
暂时,17
收到,17
意大利,17
操作,17
手工业者,17
一部,17
摘自,17
卡迪尔,17
调节,16
修改,16
文学,16
代表团,16
汽船,16
声明,16
本来,16
署名,16
进入,16
妻子,16
同人,16
卖淫,16
宣告破产,16
很多,16
直到,16
依靠,16
资产,16
间接,16
这句,16
显示,16
僧侣,16
议员,16
议事会,16
出席,16
辩论,16
下去,16
共和国,16
连续,16
道路,16
全体,16
兴起,16
消失,16
荣誉,16
将会,16
总之,16
法官,16
被告,16
工人运动,16
有时,16
雅克,16
必定,16
自由派,16
完善,16
痛苦,16
掌握,16
命运,16
只不过,16
一半,16
克拉科夫,16
公爵,16
资金,15
意识形态,15
第二个,15
珀歇,15
刊登,15
想象,15
集中,15
一笔,15
征服,15
可怕,15
鼓动,15
逻辑学,15
变化,15
充满,15
不满,15
学生,15
粗陋,15
不谈,15
换取,15
例子,15
博爱,15
大声,15
计算,15
帝国,15
其余,15
乐意,15
剥夺,15
相同,15
坚决,15
年代,15
杰出,15
讲演,15
讲话,15
论证,15
最低,15
终于,15
月底,15
接受,15
数额,15
进展,15
主张,15
医生,15
源泉,15
余额,15
连同,15
萨尔,15
就象,15
眼睛,15
共产党,15
看法,15
返回,15
一名,15
遭受,15
强制,15
朗斯,15
服务,15
服从,15
札记,15
等价物,15
束缚,15
打击,15
农民,15
利己主义,15
来信,15
庸俗,15
善于,15
的确,15
予以,15
付出,15
制定,15
懂得,15
肥力,15
机构,15
正义,14
摘录,14
十八,14
发挥,14
现实性,14
处境,14
攻击,14
勤劳,14
客观,14
联邦,14
动机,14
判处,14
思辨,14
最终,14
头脑,14
因而是,14
侮辱,14
大纲,14
奥尔良,14
铸币,14
阐明,14
苏格兰,14
大小,14
交给,14
耕作,14
理性,14
挥霍,14
世界主义,14
信徒,14
货币量,14
夸特,14
做法,14
本人,14
无论,14
却是,14
数目,14
路德,14
什么样,14
尽可能,14
片面,14
名字,14
一篇,14
织工,14
缺少,14
答复,14
享有,14
驱逐,14
流亡者,14
尚存,14
对人,14
公正,14
涉及,14
对方,14
可能性,14
当前,14
死亡,14
这场,14
以为,14
法庭,14
司法,14
哈尼,14
今日,13
金钱,13
金银,13
援引,13
决议案,13
有害,13
旅行,13
百分之五十,13
大大,13
一场,13
有利于,13
任意,13
亲自,13
第一卷,13
分会,13
撇开,13
诗人,13
中等,13
天主教,13
摩尔根,13
一块,13
中有,13
反抗,13
剩余,13
所有制,13
附近,13
维尔,13
事务,13
利润率,13
接近,13
来源于,13
发达,13
特权,13
掌声,13
期票,13
禁止,13
反动,13
沃尔弗,13
战斗,13
能动,13
发明,13
农学,13
法兰西,13
伯爵,13
反驳,13
特点,13
路德维希,13
丈夫,13
人性,13
里昂,13
菲力浦,13
如同,13
三十,13
不言而喻,13
企业,13
刊载,13
不可避免,13
无神论,13
描绘,13
世纪末,13
一页,13
自然科学,13
脱离,13
走向,13
牧师,13
这就是说,13
激进,13
后面,13
住宅,13
勇敢,13
访问,13
做到,13
致命,13
全都,13
便宜,13
赞同,13
证券,13
满意,13
命令,13
宪法,13
证人,13
第一种,13
展开,13
个别,13
确实,13
不用,13
罗马,13
贵金属,13
带有,13
儿童,13
丰富,13
致敬,13
偏见,13
公布,13
现有,13
之上,13
父母,13
尺度,13
强大,12
沦为,12
尚未,12
使命,12
常常,12
立刻,12
芬奇,12
花费,12
推翻,12
推动,12
阿尔及利亚,12
习惯,12
肮脏,12
肥沃,12
漂亮,12
喜剧,12
机动,12
相适应,12
说得对,12
激动,12
全国,12
博士,12
加上,12
干涉,12
大批,12
公会,12
谋生,12
消费者,12
盗窃,12
战胜,12
机体,12
即人,12
伯尔尼,12
探讨,12
发言,12
谨慎,12
关税,12
尊敬,12
结构,12
一世,12
从来,12
宣读,12
长期,12
从中,12
所作,12
承担,12
温和,12
光荣,12
阻碍,12
奢侈,12
充当,12
年轻人,12
情绪,12
月初,12
巧妙,12
六个,12
舆论,12
耕地,12
答应,12
促进,12
趋势,12
智慧,12
撰写,12
撰稿人,12
施泰因,12
智力,12
批评,12
基督,12
镇压,12
绝对观念,12
骗子,12
机关报,12
未能,12
阐述,12
瓦勒,12
效果,12
热烈,12
十七世纪,12
英雄,12
原来,12
沙尔,12
共和,12
论文,12
治安,12
窃取,12
犯罪,12
意味着,12
适应,12
何种,12
不了,12
前进,12
警察局,12
想到,12
基佐,12
由此,12
赝币,12
学家,12
分裂,12
斯特,12
温特图,12
忘记,12
纲领,11
否认,11
说成,11
牲畜,11
严重,11
拉普,11
诚然,11
普遍性,11
般的,11
自然力,11
皇帝,11
译者,11
天才,11
应有,11
抛弃,11
地球,11
制止,11
辞呈,11
论断,11
并非,11
克里奥,11
再次,11
设想,11
到来,11
有意识,11
自从,11
种类,11
留给,11
少数,11
开头,11
手工业,11
否则,11
是不是,11
纸币,11
干预,11
伙伴,11
队形,11
建筑业,11
保障,11
建盟,11
有用,11
银行家,11
记录,11
大规模,11
租金,11
开除,11
欢迎,11
着重号,11
贪婪,11
放在,11
赋予,11
伪善,11
渴望,11
当局,11
笔记,11
各种各样,11
学校,11
决议,11
欲望,11
这份,11
想要,11
真相,11
分解,11
各页,11
出于,11
密谋,11
改善,11
履行,11
一条,11
笔记本,11
贫乏,11
家里,11
颠倒,11
新闻,11
琼斯,11
尼古拉,11
逮捕,11
各地,11
超出,11
狡猾,11
支出,11
瓦解,11
符合,11
古代,11
西班牙,11
而言,11
这本,11
但愿,11
索引,11
得不到,11
必然结果,11
哪怕,11
多朗特,11
非人,11
立场,11
谈论,11
委托,11
机关刊物,11
损害,11
确切,11
增大,11
由此可见,11
捐款,11
本性,11
占有者,11
士兵,11
四世,11
饿死,11
取消,11
尽快,11
灵魂,11
中心,11
季刊,11
先令,11
不论,11
愚蠢,11
灾难,11
尤其,11
莫尔,11
感谢,11
教会,11
控告,11
竞争者,11
文集,11
合同,11
秘书,10
改造,10
盲目,10
劳动者,10
劳动量,10
表面,10
尽力,10
激情,10
传教士,10
十个,10
至今,10
为生,10
断言,10
周围,10
袭击,10
议论,10
追加,10
提交,10
看看,10
无疑,10
中央,10
纠纷,10
尖锐,10
荒谬,10
福音,10
消极,10
尔版,10
热情,10
听到,10
派别,10
纽约,10
洛人,10
显著,10
之下,10
陷入,10
支援,10
抱怨,10
这块,10
摩洛哥,10
混乱,10
担任,10
今年,10
神学家,10
色调,10
仔细,10
估计,10
前面,10
看待,10
歪曲,10
逃避,10
固定资本,10
请愿书,10
说道,10
足以,10
转移,10
高度,10
众议院,10
好象,10
留下,10
毕竟,10
恶劣,10
开来,10
物质财富,10
格奥尔,10
格斯,10
啤酒,10
结婚,10
一般说来,10
梅特涅,10
建筑,10
友爱,10
银行,10
总体,10
有益,10
理智,10
宫廷,10
理想化,10
生产能力,10
善意,10
出售,10
转化,10
维也纳,10
人力,10
高尚,10
对付,10
国际版,10
条块,10
聚集,10
负责,10
维护,10
受动,10
责任,10
生成,10
能干,10
或多或少,10
农奴,10
金属,10
发出,10
对手,10
房子,10
反而,10
职务,10
韦尔,10
本国,10
概括,10
合理,10
起诉,10
赫斯,10
顶点,10
起初,10
克思,10
物化,10
争吵,10
王室,10
第三章,10
环境,10
地点,10
美洲,10
四种,10
可靠,10
原始,10
法文,10
到达,10
参与,10
抓住,10
适当,10
武器,10
波动,10
定义,10
以往,10
出去,10
做出,10
缺陷,10
协和,9
不必,9
这部,9
衡量,9
揭示,9
想法,9
实质,9
隐蔽,9
着手,9
惊人,9
释放,9
分散,9
司法机关,9
必将,9
行业,9
饥饿,9
几年,9
莎士比亚,9
宣称,9
无论是,9
重大,9
以此,9
重复,9
行政,9
重商主义,9
确信,9
决不会,9
维干德,9
伯蒂,9
贡献,9
繁荣,9
上去,9
虚无性,9
提案,9
之所以,9
无宁,9
情谊,9
十七,9
耳朵,9
邻近,9
加强,9
逻辑,9
祖国,9
复兴,9
陷于,9
虔诚,9
临时,9
介绍,9
劳动力,9
蒙克,9
分开,9
裁缝,9
独特,9
四个,9
四十,9
每日,9
社团,9
十八世纪,9
三次,9
而已,9
复归,9
固有,9
旅行家,9
之内,9
王后,9
社会关系,9
举出,9
充实,9
生产性,9
工场,9
为止,9
囤积居奇,9
夏天,9
根源,9
勇气,9
这类,9
觉得,9
夺走,9
两次,9
自为,9
阴谋,9
寻求,9
空话,9
自然主义,9
利己,9
指责,9
浪费,9
印刷,9
所有权,9
监狱,9
判断,9
个体,9
高兴,9
厨房,9
时刻,9
阻止,9
二十个,9
所在地,9
捍卫,9
干活,9
良好,9
保守,9
该书,9
物性,9
稍微,9
载有,9
追随者,9
两篇,9
纽带,9
议院,9
前来,9
种种,9
内在,9
依赖,9
销售,9
依据,9
领主,9
派遣,9
同类,9
是非,9
有限,9
女儿,9
庸人,9
手里,9
立宪,9
排除,9
谎言,9
特尔,9
压迫,9
自觉,9
借助,9
排斥,9
折磨,9
致富,9
商号,9
弟弟,9
多数,9
证据,9
麦克斯,9
设备,9
下次,9
领地,9
再也,9
大不列颠,9
维克,9
发财,9
纪念,9
前言,8
游行,8
从来不,8
斯德哥尔摩,8
熟悉,8
党人,8
促成,8
几天,8
主教,8
榜样,8
每周,8
便士,8
王朝,8
波尔,8
前景,8
前往,8
自私自利,8
亨利,8
更好,8
激进派,8
人才,8
监视,8
斯嘉本,8
主编,8
斯卡尔,8
死者,8
文丛,8
简讯,8
洛兰,8
罢了,8
享乐,8
洛桑,8
流亡,8
理想,8
无力,8
共和党,8
用语,8
无效,8
创始人,8
人人,8
统计,8
生意,8
萧条,8
沙特尔,8
神秘,8
绝望,8
作证,8
职位,8
仿佛,8
立法机关,8
牺牲品,8
狭隘,8
借助于,8
荷兰,8
日于,8
来到,8
涨价,8
粗糙,8
书面,8
代理人,8
共用,8
决不能,8
构思,8
加速,8
非生产性,8
无罪,8
日子,8
共和派,8
脱手,8
灭亡,8
沙皇,8
方便,8
结束语,8
会上,8
点灯,8
任何人,8
儿子,8
有者,8
第一章,8
分成,8
理论家,8
六个月,8
法学家,8
晚上,8
新教,8
究竟,8
预付,8
二十,8
落入,8
落到,8
混淆,8
纲要,8
等同,8
相当于,8
施特劳斯,8
济学,8
人类学,8
作坊,8
苏格兰人,8
分为,8
写信,8
作品,8
监督,8
塞拉,8
投机商,8
越少,8
很难,8
见解,8
协议,8
不少,8
选出,8
观察,8
邻居,8
适用,8
宗旨,8
严肃,8
危机,8
一项,8
德法,8
阿拉戈,8
谈谈,8
尊重,8
哪里,8
收税官,8
收益,8
尔德,8
合适,8
学者,8
拿出,8
地是,8
鼓励,8
持有者,8
首相,8
让步,8
它同,8
德萨,8
可笑,8
即将,8
客体,8
单调,8
密集,8
解散,8
叫作,8
一节,8
家长,8
实施,8
遇到,8
指明,8
变动,8
惊奇,8
质量,8
变革,8
中世纪,8
口袋,8
遗憾,8
地说,8
快乐,8
单纯,8
垮台,8
官方,8
阿姆斯特丹,8
题目,8
善良,8
规章,8
贝克,8
描写,8
赢得,8
一件,8
一百万,8
赞成,8
忍受,8
逗留,8
诽谤,8
地步,8
所写,8
历史学家,8
工业品,8
妨碍,8
崇高,8
属性,8
详情,8
手册,8
双重,8
政论,8
世界史,8
政治经济,8
同行,8
衰落,8
试图,8
译本,8
教堂,8
周年,8
年初,8
译成,8
工资水平,8
雇主,8
区分,8
评论员,8
过渡,8
骗子手,8
增进,8
增多,8
食品,8
换句话说,8
拉菲特,8
开枪,8
一无所有,8
所得,8
专制制度,8
一方,8
十六,8
居住,8
哥哥,8
进程,8
所用,8
一国,8
厂主,8
拟定,8
一批,8
开支,8
开垦,8
改组,8
诏书,7
意愿,7
财政,7
众多,7
愚弄,7
负担,7
鉴于,7
调查,7
一期,7
两位,7
竭力,7
有价证券,7
奴隶制,7
界限,7
实体,7
月刊,7
信教,7
制造业,7
房间,7
制约,7
本家,7
钱财,7
停工,7
责难,7
译文,7
一封,7
职责,7
联合会,7
初期,7
一百,7
贝尔,7
条约,7
借以,7
重视,7
双手,7
反对派,7
条款,7
不顾,7
领导者,7
聪明,7
完善化,7
用不着,7
创办,7
杀害,7
二等,7
创立,7
自愿,7
所在,7
托马斯,7
官吏,7
二月,7
有力,7
回忆,7
假如,7
批准,7
国库,7
愤怒,7
象征,7
慕尼黑,7
列列,7
亏空,7
口号,7
俱乐部,7
争得,7
高利贷者,7
顺利,7
确立,7
一章,7
库洛赫,7
应得,7
法案,7
名叫,7
这项,7
进口,7
粮食,7
转述,7
写成,7
法令,7
局势,7
军事,7
同年,7
激起,7
引号,7
类型,7
就让,7
身边,7
引证,7
鼓吹,7
三分之二,7
三分之一,7
统计表,7
尔菲,7
汇报,7
管理员,7
强烈,7
名誉,7
和谐,7
序言,7
麦克,7
启蒙,7
约瑟夫,7
海因,7
上来,7
巴伐利亚,7
济贫,7
人群,7
集市,7
养活,7
流动资本,7
流传,7
左翼,7
紧张,7
内战,7
组成部分,7
索取,7
组织者,7
呼吁,7
并用,7
内阁,7
工业家,7
注释,7
广大,7
和平,7
再生产,7
售卖,7
强盗,7
王公,7
对立物,7
可恶,7
正直,7
走上,7
美德,7
对布,7
第戎,7
喜欢,7
赞扬,7
赖德律,7
念头,7
欢呼声,7
次数,7
出发点,7
寄给,7
只好,7
以上,7
容忍,7
出租,7
梅洛,7
另一方,7
独立性,7
档案,7
出色,7
亚历山大,7
偿还,7
偷盗,7
心理学,7
合法,7
不愿,7
强调,7
退出,7
唯独,7
毫无疑问,7
各邦,7
况下,7
不外是,7
编者,7
马赛,7
爱情,7
亲爱,7
缴纳,7
父亲,7
不安,7
每块,7
将军,7
适合,7
徒劳,7
号召,7
殖民地,7
商品量,7
封信,7
残酷,7
付给,7
德行,7
对立面,7
特拉西,7
听说,7
离婚,7
被捕,7
挣得,7
卢梭,7
晚会,7
看一看,7
力求,7
拜物教,7
动力,7
预先,7
伪造,7
外交,7
传单,7
福利,7
例外,7
外在性,7
英法,7
卡贝,7
效率,7
一书中,7
奥古斯特,7
抽象地,7
效用,7
矿山,7
随后,7
一人,7
无知,7
改进,7
保留,7
无产,7
指望,7
多余,7
摧毁,7
多于,7
外表,7
星报,7
面积,7
丰富性,7
严格,7
十年,7
印张,7
使得,7
明天,7
苦恼,7
一千,7
协助,7
颁布,7
一向,7
持续,7
称作,7
议定书,7
称号,7
无关紧要,7
劳动部门,7
义者,7
剩余产品,7
单位,7
隐藏,7
女王,7
伤感,7
曾任,7
据说,7
堕落,7
暴君,7
女人,7
主权,7
化名,7
敢于,7
街上,7
压制,7
阴谋家,7
更大,7
无需,7
书信,7
住所,7
压力,7
体力,7
早就,7
整体,7
科伦,7
博得,7
障碍,7
塞尔,7
日内瓦,7
舒耳茨,7
衣服,7
募集,7
教养,7
大都,7
文稿,7
中断,6
援助,6
将来,6
半月,6
阿西,6
毕莱,6
交易所,6
送到,6
高明,6
犯罪行为,6
冷酷无情,6
控制,6
使徒,6
赋税,6
准备就绪,6
准确,6
接收,6
忽视,6
每月,6
旗帜,6
不如说,6
不如说是,6
彼得,6
各区,6
缺点,6
要是,6
次要,6
怀着,6
接触,6
无人,6
罗夫斯基,6
死后,6
正常,6
爆发,6
驳斥,6
可耻,6
一个月,6
视为,6
获利,6
选择,6
正当,6
无比,6
必然性,6
正文,6
步骤,6
心灵,6
大城市,6
阻塞,6
对比,6
美因兹,6
美丽,6
阶层,6
死刑,6
风尚,6
不敢,6
选举权,6
一边,6
多次,6
母亲,6
特权阶级,6
无赖,6
罗伯特,6
先前,6
封面,6
策略,6
歌德,6
动家,6
推荐,6
私有权,6
封建主义,6
多种多样,6
喜爱,6
导言,6
寻找,6
一面,6
奴仆,6
求助于,6
小偷,6
声音,6
达成协议,6
体面,6
蜘蛛,6
达成,6
达姆,6
为的是,6
匿名,6
人格,6
幼稚,6
人来,6
公证人,6
公认,6
公羊,6
从前,6
周报,6
庇护,6
经久不息,6
经受,6
勋爵,6
精确,6
法院,6
公平,6
矿井,6
法语,6
冒险,6
勉强,6
从未,6
经费,6
教士,6
周年纪念,6
多半,6
巴贝夫,6
布雷,6
吸引,6
涅币,6
吸收,6
海尔曼,6
海上,6
否定性,6
还会,6
仆人,6
共和党人,6
下半年,6
共同性,6
共同体,6
上升,6
体现,6
平衡,6
迄今,6
平静,6
教条,6
何等,6
公共,6
斯塔德,6
收集,6
收获,6
汇集,6
收回,6
全人类,6
种子,6
全书,6
葬礼,6
唤起,6
强有力,6
绰绰有余,6
真的,6
入盟,6
十二,6
追究,6
真是,6
合并,6
小组,6
照例,6
决定性,6
要么,6
各项,6
一下子,6
小小的,6
当地,6
外壳,6
身分,6
弗里德,6
屈服于,6
法学,6
结尾,6
鼓掌,6
写作,6
复类,6
局限性,6
开辟,6
人员,6
尽量,6
河谷,6
尽管如此,6
绝大多数,6
三十六,6
仓库,6
引书,6
降到,6
就业,6
全民,6
农场,6
劳动所,6
农奴制,6
加剧,6
伦理,6
完整,6
理查,6
伏尔泰,6
扣除,6
一片,6
舞台,6
婚姻,6
刚刚,6
秩序,6
暴力,6
失业,6
条例,6
奥马尔,6
成就,6
抬高,6
宏伟,6
完美,6
盟内,6
诡辩,6
有所,6
回忆录,6
财物,6
刊印,6
保证金,6
现状,6
时机,6
受人,6
定期,6
感情,6
划分,6
苦难,6
诞生地,6
暗指,6
诡计,6
不象,6
列举,6
便于,6
瑞典,6
启示,6
有趣,6
奇迹,6
移居,6
国民议会,6
本文,6
前进报,6
诺言,6
值得注意,6
乞丐,6
专门,6
所处,6
学同,6
二十一,6
学习,6
利尔,6
生活必需品,6
地向,6
说话,6
地块,6
腾堡,6
反常,6
生动,6
本领,6
讨好,6
房租,6
星期一,6
成本,6
友谊,6
一所,6
监禁,6
夺去,6
星期日,6
夺取,6
能否,6
世界市场,6
安全,6
世俗,6
生产工具,6
发愁,6
手工,6
生产资料,6
发射,6
节省,6
朱利安,6
五个,6
肉体上,6
责备,6
早晨,6
核心,6
制宪,6
王国,6
侨居,6
问道,6
口头,6
一般地说,6
恰好,6
早期,6
天然,6
男工,6
骗取,6
狂热,6
器官,6
占优势,6
更是,6
标明,6
恐慌,6
桎梏,6
在我看来,6
女性,6
功绩,6
高低,6
信念,6
直到现在,6
投资,6
折扣,6
原先,6
在实践上,6
一群,6
畸形,6
原有,6
停留,6
那儿,6
思考,6
标准,6
实证,6
场合,6
邀请,6
侵吞,6
更为,6
批判性,6
目标,6
地上,6
至多,6
植物,6
避免,6
棉纺织厂,6
优越,6
办事,6
暴露,6
相互交换,6
额外,6
试刊,6
查理,6
玩弄,6
去年,6
优点,5
生长,5
信件,5
奠定,5
公元前,5
这门,5
倡议,5
精力,5
石头,5
穷苦,5
上涨,5
处在,5
债务,5
债务人,5
运输,5
上流社会,5
女神,5
满足需要,5
一支,5
布勒斯,5
生育,5
消逝,5
地址,5
进去,5
嫂嫂,5
她们,5
男人,5
姓名,5
随时,5
上半年,5
集团,5
工业部门,5
声称,5
三级,5
一座,5
崇拜,5
工作者,5
高额,5
这家,5
保皇派,5
滥用,5
窗户,5
味吉尔,5
这使,5
随意,5
子弹,5
公式,5
这部分,5
空虚,5
百分之二十五,5
疾病,5
一大批,5
深信,5
矿物,5
用以,5
精致,5
巨额,5
一户,5
修辞,5
低于,5
圣餐,5
上层,5
女工,5
圣约,5
大谈,5
革命家,5
第二天,5
遗产,5
一系列,5
一门,5
相符合,5
四千,5
偶然性,5
等待,5
科尔贝,5
光彩,5
阿尔及利亚人,5
健康,5
伪装,5
天生,5
物价,5
商品价格,5
现实生活,5
策划,5
埃蒂耶纳,5
目前为止,5
适宜,5
牧场,5
仰望,5
太阳,5
将近,5
签名,5
禁止性,5
鲜血,5
对抗,5
阴谋诡计,5
宾词,5
速度,5
牺牲者,5
依然,5
大胆,5
一切都是,5
直至,5
通知,5
天天,5
坚定,5
富饶,5
寓所,5
传说,5
特殊性,5
信使,5
阐发,5
傲慢,5
防止,5
坦率,5
猎犬,5
第二章,5
对外贸易,5
一组,5
私利,5
献给,5
逐步,5
七月,5
爱者,5
签订,5
珀歇论,5
烦恼,5
积蓄,5
烈士,5
生产关系,5
俄亥俄州,5
尝试,5
学是,5
神明,5
生产过剩,5
米歇尔,5
陌生,5
外国人,5
尸体,5
里子,5
远方,5
除外,5
学会,5
移民,5
学中,5
地带,5
漠不关心,5
祝酒,5
复辟,5
企业家,5
祖先,5
品种,5
一段,5
夸张,5
商业机构,5
尊严,5
夫人,5
第三个,5
一番,5
价格上涨,5
多尔,5
爱好,5
官职,5
夫妇,5
官员,5
城里,5
地表,5
安慰,5
照顾,5
地用,5
退化,5
一段话,5
任命,5
一只,5
附有,5
他同,5
部落,5
安排,5
附议,5
行使,5
意译,5
总额,5
日至,5
日益增长,5
梅尔,5
句子,5
总结,5
检查,5
总的说来,5
荒唐,5
日常,5
卖掉,5
只会,5
加尔涅,5
只用,5
中央委员,5
出口,5
角色,5
推到,5
恋爱,5
恐惧,5
不致,5
意外,5
印刷所,5
意图,5
愉快,5
预防措施,5
受过,5
货币主义,5
五十年,5
不知,5
订户,5
五十年代,5
分文,5
时才,5
贫苦,5
贬低,5
中介人,5
不朽,5
召集,5
忠诚,5
可望,5
歧途,5
雇佣劳动,5
几句,5
起到,5
提纲,5
罗茨,5
右翼,5
起源,5
得以,5
毁灭,5
减轻,5
动产,5
徒刑,5
毅力,5
每人,5
武装,5
几种,5
掩饰,5
正义事业,5
无聊,5
莫里哀,5
欺诈,5
最小,5
无神论者,5
款项,5
莱昂,5
赞美,5
劣等,5
赢利,5
卓越,5
规定性,5
美好,5
可悲,5
心目,5
印度,5
贝魁尔,5
明智,5
许可,5
反之,5
手法,5
说些,5
事实上,5
说出,5
船只,5
所载,5
利亚,5
请愿,5
末尾,5
晨报,5
腐败,5
两者,5
诸如此类,5
反应,5
专制主义,5
暗中,5
舒适,5
许许多多,5
把戏,5
最坏,5
自称,5
顾问,5
技巧,5
承担者,5
有产者,5
曼海姆,5
有产阶级,5
诗歌,5
有助于,5
投降,5
扩充,5
两国,5
抗议,5
所属,5
记叙文,5
诺特,5
不道德,5
杜宾根,5
花言巧语,5
星期二,5
苏丹,5
胆怯,5
成分,5
发言人,5
剩下,5
亏损,5
星期六,5
憎恨,5
认真,5
极为,5
感知,5
明白,5
杜塞尔多夫,5
春天,5
本月,5
机械,5
招来,5
删去,5
反革命,5
战场,5
显而易见,5
创造财富,5
创造物,5
机能,5
持久,5
节俭,5
拯救,5
成长,5
成熟,5
谋求,5
拿走,5
成效,5
把握,5
超越,5
较大,5
改革派,5
辉格党,5
十倍,5
非洲,5
名声,5
应用,5
波拿巴,5
斯泰福,5
斯杜特,5
政变,5
辩护人,5
终究,5
注明,5
幸运,5
征集,5
较为,5
劳动对象,5
建造,5
农产品,5
转入,5
转向,5
沮丧,5
不但,5
改为,5
改良主义,5
同情,5
蒸汽,5
人家,5
新年,5
开发,5
结局,5
细木工,5
吕诺,5
预料到,5
干杯,5
教派,5
整整,5
化为,5
匹兹堡,5
听任,5
听众,5
高贵,5
行列,5
数百万,5
北斐特,5
典型,5
典范,5
流行,5
活生生,5
表示感谢,5
洞穴,5
虚伪,5
虚假,5
活下去,5
内心,5
虚构,5
主观,5
派出,5
平民,5
平原,5
教义,5
绞刑,5
不久前,5
毫无,5
十足,5
毫不,5
施展,5
农田,5
各省,5
摩洛,5
继续前进,5
各自,5
施蒂纳,5
不去,5
强加,5
比率,5
中才,5
当今,5
落后,5
华沙,5
中说,5
人会,5
强行,5
协会会员,5
民族解放,5
维多利亚,5
不利,5
民族性,5
每次,5
比利,5
临时政府,5
每户,5
不够,5
形态,5
比埃尔,5
拙劣,4
投寄,4
断定,4
整理,4
无原则,4
勒斯,4
疏远,4
勒芒,4
卷入,4
敌视,4
卑贱,4
大卫,4
骗局,4
动人,4
俗人,4
无意识,4
略有,4
多方面,4
俗语说,4
在此期间,4
拥护,4
预备,4
矿工,4
动荡,4
北方,4
协作,4
拉卡,4
抽象性,4
声誉,4
领取,4
压低,4
提法,4
无数,4
提醒,4
暴虐,4
地下室,4
领土,4
奥顿,4
曼彻,4
投机者,4
动作,4
教皇,4
厌烦,4
疯狂,4
文化,4
百万,4
大厅,4
无机界,4
无机,4
北极,4
最为,4
北美,4
替换,4
抽取,4
文字,4
投机家,4
无可,4
皮特,4
奥地利政府,4
奥康奈,4
抵偿,4
即同,4
俄国人,4
基奥,4
卡斯,4
劝告,4
时所,4
挥霍者,4
高傲,4
大盗,4
侵犯,4
换得,4
天赋,4
挑起,4
劳动阶级,4
时而,4
培育,4
新来,4
太太,4
早已,4
攫取,4
基恩,4
眼中,4
基于,4
掌管,4
相一致,4
大门,4
掀起,4
日期,4
真诚,4
眼前,4
基卜生,4
天主教徒,4
方括号,4
十次,4
捣毁,4
排挤,4
接待,4
场面,4
基思,4
皮特曼,4
星期五,4
处理,4
处女,4
旅游,4
昨天,4
持续性,4
斯拉夫斯基,4
短工,4
处处,4
地理,4
剥削者,4
旅馆,4
斯托尔,4
盎斯,4
斯堪,4
马尔,4
短评,4
大学,4
千方百计,4
大得多,4
单方面,4
外交政策,4
无论如何,4
指点,4
劳顿,4
十六世纪,4
半数,4
措词,4
政党,4
指挥,4
放纵,4
复杂,4
复利,4
无稽之谈,4
头上,4
师傅,4
囤积,4
最早,4
抄写,4
唯灵论,4
然界,4
页码,4
热爱,4
热烈鼓掌,4
冰炭,4
少妇,4
唤醒,4
强加于,4
哲学原理,4
尔斯,4
弱点,4
弥勒,4
哪儿,4
沉湎,4
弗洛,4
同业公会,4
数字,4
同伙,4
沙普斯,4
灵光,4
农业工人,4
弊病,4
哈拉,4
异教,4
激励,4
归根到底,4
合作,4
毫无价值,4
心情,4
驻军,4
忠实,4
寡妇,4
凯泽尔,4
凯撒,4
凯尔,4
特有,4
可尊敬,4
正好,4
必要性,4
正式,4
牵线人,4
德语,4
免费,4
死去,4
微小,4
残余,4
残忍,4
微不足道,4
殖民,4
克利,4
每一项,4
凌辱,4
每当,4
比斯克拉,4
克里斯,4
潜在,4
漫画,4
泄露,4
活着,4
混战,4
年任,4
混合物,4
左右,4
平均化,4
呢绒,4
流浪汉,4
流血,4
干瘪,4
巩固,4
具备,4
告终,4
工商业,4
具体,4
巴特,4
巴登,4
浪漫主义,4
马铃薯,4
浮士德,4
饥荒,4
席尔,4
带到,4
兴趣,4
消耗,4
帕麦斯,4
君士坦丁,4
工和,4
泉源,4
滑稽可笑,4
居利希,4
写出,4
品德,4
屈服,4
开业,4
建筑工人,4
廉价,4
咒骂,4
庞大,4
展示,4
波兰人,4
滑稽,4
波希米亚,4
和恩格,4
波旁王朝,4
驱散,4
广阔,4
公职人员,4
注定,4
驱使,4
温情,4
向前,4
内斯特,4
怀有,4
密探,4
生平,4
有钱,4
期待,4
孔西得朗,4
所起,4
反复,4
骑士,4
国民报,4
所得者,4
存放,4
顾客,4
孤立,4
本会,4
学把,4
打死,4
删节,4
反过来,4
宁愿,4
园丁,4
机智,4
生于,4
启蒙运动,4
频繁,4
团结起来,4
我同,4
杀死,4
打开,4
友好,4
原稿,4
技术,4
制服,4
圣经,4
如今,4
修建,4
原谅,4
承包商,4
男女,4
申辩,4
修订,4
扮演,4
妥协,4
扩展,4
国际贸易,4
妻子儿女,4
参看,4
托利党,4
有点,4
及时,4
用途,4
委托书,4
威尔,4
威斯特,4
婚礼,4
打破,4
有罪,4
发疯,4
权威,4
叫嚷,4
梅利奈,4
悲剧,4
悄悄地,4
恶行,4
样子,4
样板,4
分别,4
古典,4
古希腊,4
恩典,4
恣意,4
傅立,4
案子,4
傻瓜,4
宫殿,4
僵化,4
总结报告,4
容许,4
宽大,4
出生,4
狂想,4
宽容,4
总共,4
怜悯,4
榨取,4
密切,4
宣告,4
叛徒,4
创刊,4
极好,4
发笑,4
李奇,4
做买卖,4
发给,4
宗教信仰,4
回来,4
成反比,4
发觉,4
戏院,4
定居,4
取代,4
感兴趣,4
情形,4
现金,4
宝贵,4
愚钝,4
受审,4
实在,4
想起,4
现实存在,4
审判,4
四百万,4
审计,4
审计官,4
分类,4
查明,4
引自,4
其实,4
薪金,4
银行业,4
而来,4
非难,4
从属,4
精灵,4
争议,4
麦特,4
贬值,4
行径,4
莱尔,4
科学共产主义,4
诱惑,4
那维亚,4
二百万,4
葡萄牙,4
粮仓,4
转让,4
第八,4
东印度,4
空谈,4
节制,4
设施,4
绍德封,4
衰朽,4
众所周知,4
一到,4
败坏,4
诱使,4
陈述,4
责成,4
银矿,4
九个,4
九月,4
人中,4
窝州,4
不如,4
一道,4
邪恶,4
为首,4
专横,4
代议制,4
乔治,4
达来朗,4
代议,4
福尔,4
价钱,4
触动,4
一神论,4
血液,4
第四个,4
铸成,4
自行,4
除非,4
鲁塞尔,4
银行券,4
警官,4
说教,4
负债,4
联结,4
近郊,4
主持,4
葡萄园,4
缔结,4
中为,4
这才,4
与其说,4
经商,4
若干,4
一等,4
赤贫,4
三十个,4
习以为常,4
详尽,4
税收,4
良心,4
被压迫,4
一定量,4
严厉,4
不肯,4
业务,4
紧密,4
第三次,4
绝大部分,4
这会,4
行家,4
第三者,4
该国,4
以至,4
走入,4
露骨,4
贪欲,4
习俗,4
万岁,4
稳固,4
记住,4
追逐,4
自然哲学,4
菲尔德,4
人士,4
讯问,4
通讯联系,4
索麦,4
以免,4
会堂,4
赚钱,4
之情,4
称赞,4
继承,4
胶漆,4
行刺,4
人则,4
今后,4
霍恩舒,4
主宰,4
第五,4
积聚,4
争执,4
那本书,4
获准,4
贫民,4
人去,4
统计学,4
赶到,4
人口论,4
萌芽,4
争夺,4
逐字逐句,4
不怕,4
辩解,4
行将,4
统统,4
赶快,4
色彩,4
遵循,4
自我牺牲,4
统治阶级,4
第二种,4
空洞,4
非生产,4
越大,4
血汗,4
签字,4
论据,4
社的,4
位置,4
篇幅,4
筹备工作,4
人生,4
论者,4
进军,4
老板,4
社会性,4
评注,4
羊毛,4
评价,4
英格兰,4
规矩,4
齐格尔,4
一行,4
雇工,4
不配,4
丑恶,4
一览表,4
付印,4
产量,4
虚无,4
祝贺,4
霍夫曼,4
罪犯,4
纯利润,4
纪事,4
不相适应,4
躲避,4
英国政府,4
他会,4
不可分割,4
迷信,4
付清,4
贵国,4
群贤,4
简短,4
一号,4
主顾,4
示威,4
中曾,4
谋利益,4
书报,4
见到,4
运到,4
碰到,4
一幢,4
仿效,4
三栏,4
设有,4
蹂躏,4
笔名,4
两份,4
谅解,4
纵深,4
规划,4
美观,4
礼物,4
谈判,4
肌肉,4
一派,4
不受,4
长篇,4
补入,4
雅典,4
费拉,4
一事,4
锁链,4
丑事,4
该文,4
之类,4
近来,4
解决办法,4
神灵,4
神话,4
练习,4
神父,4
不堪,4
英人,4
罗斯,4
乐趣,4
资本积累,4
趋向,4
不太,4
神秘主义,4
趋于,4
下列,4
跟着,4
诉讼费,4
不足,4
伍德,4
神论,4
脚注,4
纽约州,4
邻人,4
享用,4
一顿,4
解答,4
金融,4
不远,4
钱来,4
若特兰,4
第四次,4
之友,4
进攻,4
两年,4
事先,4
论坛报,4
解体,4
舍伐利埃,4
随心所欲,4
事例,4
罗马帝国,4
伯明翰,4
在内,3
散兵,3
列入,3
兰根,3
顺便,3
来访者,3
找出,3
三分,3
钱箱,3
教导,3
村里,3
人间,3
客人,3
设置,3
列日,3
马尔萨斯,3
海关,3
访问者,3
业绩,3
来临,3
医学,3
圣骨,3
好得多,3
诈骗,3
诗意,3
街道,3
尤尔,3
诅咒,3
教授,3
扫地,3
仇敌,3
东方,3
希腊,3
诞生,3
深厚,3
共有,3
约阿希姆,3
繁衍,3
客观性,3
兴致,3
繁重,3
背信弃义,3
执政,3
混为一谈,3
今晚,3
股东,3
布置,3
海港,3
证词,3
遵守,3
消融,3
教员,3
来往,3
抄写员,3
杜班,3
四周,3
亏本,3
一封信,3
主人公,3
四天,3
诉讼,3
我国,3
六点,3
反比例,3
所作所为,3
初次,3
过失,3
蠢人,3
地同,3
文中,3
迪里,3
全是,3
文学家,3
主管,3
契约,3
干脆,3
炸毁,3
二十五年,3
本金,3
蠢猪,3
读书,3
包藏,3
干什么,3
粗暴,3
所有人,3
八十,3
激怒,3
奥博,3
粉饰,3
激进党,3
过早,3
地使,3
所得税,3
整段,3
整洁,3
全力,3
全体成员,3
清除,3
党派,3
勾结,3
勾当,3
吞没,3
万能,3
与其说是,3
平庸,3
删节号,3
夸耀,3
谈起,3
一致性,3
照管,3
我要,3
主词,3
长官,3
过分,3
战友,3
家伙,3
烦琐,3
锯木厂,3
发作,3
烧砖,3
二十五,3
本市,3
热尔门,3
调解,3
热忱,3
过多,3
文库,3
二十万,3
战栗,3
战术,3
预料,3
所有物,3
能量,3
高于,3
糟糕,3
打仗,3
带领,3
游手好闲,3
糊涂,3
胳膊,3
潜在地,3
双脚,3
公爵夫人,3
铁路,3
公民权,3
打倒,3
奴隶劳动,3
公费,3
遭遇,3
钱袋,3
渐进,3
过问,3
渔场,3
宣扬,3
李嘉,3
过错,3
难题,3
在政治上,3
友好关系,3
一套,3
下于,3
杂货商,3
尘世,3
化为乌有,3
过来,3
所能,3
奥洛人,3
所罗门,3
道理,3
说服,3
粗野,3
奥托,3
奥康瑙尔,3
顽强,3
八月份,3
地以,3
化身,3
精纺,3
宦官,3
误解,3
公有制,3
手续,3
创建,3
在经济上,3
反之亦然,3
顽固,3
行会,3
滞销,3
手工劳动,3
公妻,3
女孩,3
马丁,3
四肢,3
敕令,3
比如说,3
缘故,3
呼声,3
出身,3
工业生产,3
比利时人,3
比劳,3
格言,3
呼吸,3
博伊姆勒,3
案件,3
出钱,3
言论,3
言词,3
丰厚,3
三名,3
编写,3
里夫,3
缓慢,3
凄惨,3
而告,3
三者,3
考究,3
操心,3
宗派主义,3
屈从,3
这条,3
卖得,3
亚尼,3
缩短,3
掌声如雷,3
回敬,3
出自,3
而作,3
每星期,3
缩减,3
居然,3
工业区,3
固然,3
支离破碎,3
捞一把,3
每一,3
维尔加,3
五百,3
装满,3
冲突,3
而用,3
分化,3
里面,3
五年,3
维克多,3
卢格,3
季节,3
品质,3
卧室,3
进货,3
局限于,3
宝座,3
维尔特,3
维护者,3
毫无关系,3
缓和,3
格尔,3
国内贸易,3
占上风,3
捐税,3
综合,3
预见到,3
击溃,3
雅各,3
支配权,3
毫无区别,3
占据,3
警惕,3
那笔,3
工农业,3
占领,3
民主党,3
高涨,3
酒店,3
纲领性,3
西蒙,3
华丽,3
一段时间,3
提安,3
部队,3
鄙弃,3
提升,3
西蒙德,3
西班牙人,3
歌曲,3
安宁,3
中所,3
安分守己,3
单一,3
进发,3
一步,3
几次,3
老工人,3
凭借,3
搜捕,3
完全符合,3
要点,3
马萨诸塞州,3
翻译,3
揭穿,3
欧洲各国,3
交织,3
插入,3
安都昂,3
群岛,3
协定,3
摆布,3
欺骗性,3
插话,3
郎卡郡,3
安东尼奥,3
步兵,3
围绕,3
接连,3
出版者,3
觉醒,3
千百万,3
罗马数字,3
这段话,3
西欧,3
罗素,3
一概,3
中国,3
宗法,3
崩溃,3
崭新,3
千百,3
毁坏,3
围墙,3
梯也尔,3
它用,3
推崇,3
屏弃,3
棉花,3
置于,3
武力,3
产者,3
配合,3
歧视,3
推销,3
岩石,3
推进,3
推论,3
哀求,3
播下,3
罪名,3
出版商,3
几处,3
困苦,3
工的,3
卫护,3
黑格,3
十七年,3
泰晤士报,3
泰门,3
织布机,3
故乡,3
织布,3
五万,3
抵达,3
细节,3
联盟,3
委派,3
上成,3
抵制,3
效力,3
厉害,3
刑事,3
聚会,3
刊号,3
巴枯宁,3
效劳,3
两码事,3
娱乐,3
切实,3
再说,3
担忧,3
一看,3
人有,3
抽象概念,3
一心,3
人权,3
威斯康星州,3
再度,3
两派,3
枢密院,3
注意力,3
圆圈,3
雅士,3
麦克尔士,3
流言蜚语,3
人相,3
极大,3
十一,3
极其重要,3
典型人物,3
补救,3
运气,3
为用,3
投票权,3
互相交换,3
圣彼得堡,3
浪漫,3
杰出人物,3
运往,3
设在,3
市长,3
压迫者,3
效法,3
市侩,3
金库,3
构造,3
姑娘,3
那不勒斯,3
始终不渝,3
论家,3
压垮,3
压缩,3
表现形式,3
兽性,3
纺纱厂,3
抢劫,3
划一,3
压抑,3
一瞬间,3
呈现,3
响亮,3
拉夫,3
让渡,3
周刊,3
耶稣,3
实力,3
人口数,3
讨厌,3
绝望者,3
绝对真理,3
分期,3
三十年,3
绝妙,3
孔德,3
孔先生,3
军官,3
没落,3
耶稣基督,3
重新得到,3
重建,3
指定,3
就行了,3
汇票,3
订立,3
永久,3
永恒,3
重农主义,3
一文钱,3
人到,3
统治者,3
临近,3
认可,3
耗费,3
指布,3
农奴制度,3
被选为,3
沉重,3
五千万,3
括号,3
还应,3
人心,3
却成,3
重述,3
已有,3
记得,3
记者,3
实物,3
五十,3
婚姻关系,3
那天,3
拉曼,3
预示,3
讲台,3
冒充,3
政权,3
非法,3
婴儿,3
法典,3
法兰西共和国,3
十八岁,3
绝不,3
差不多,3
油水,3
油漆工,3
国防,3
实在性,3
还清,3
重要性,3
非本质,3
被俘,3
招雇,3
写字,3
招致,3
某种程度,3
家畜,3
需求量,3
第一国际,3
思在,3
无事,3
一遍,3
刽子手,3
倒退,3
怒气冲冲,3
埃巨,3
鼓舞,3
途径,3
剪影,3
削弱,3
转化成,3
禁欲,3
度过,3
埃士顿,3
康斯坦丁,3
资本论,3
曼彻斯,3
用作,3
借贷,3
废物,3
处置,3
借用,3
旋转,3
借来,3
埃及,3
雇农,3
通俗,3
同小,3
转到,3
大公,3
暴露出,3
舍尔,3
性格,3
修改意见,3
递交,3
延期,3
退回,3
基督徒,3
延长,3
各个环节,3
舞会,3
赖以,3
不予,3
侈谈,3
快讯,3
男子,3
不来梅,3
萨伊说,3
暴政,3
庸俗化,3
禁欲主义,3
禁锢,3
看不到,3
夜间,3
同量,3
埃斯库,3
赌博,3
习艺所,3
前一天,3
阿尔及,3
性行为,3
建成,3
当成,3
革命者,3
革命派,3
生产基金,3
任职,3
随即,3
神权,3
不用说,3
生产率,3
既有,3
处以,3
下跌,3
笔迹,3
贷款,3
施米特,3
贷给,3
不相容,3
下贱,3
骄傲,3
莱比,3
大宗,3
最差,3
瓦劳,3
适度,3
任凭,3
瓦尔登,3
大学生,3
名誉主席,3
眼里,3
追随,3
跌价,3
著称,3
总督,3
革命史,3
致力于,3
退休,3
神职人员,3
致死,3
伊丽莎白,3
怪物,3
形象,3
彩票,3
生理,3
废墟,3
隆格,3
弄清楚,3
弄清,3
怯懦,3
旅居,3
费尔,3
大叫,3
仿照,3
昂利,3
昂古,3
书商,3
雕像,3
值得尊敬,3
落空,3
转为,3
七千,3
总和,3
债款,3
章节,3
阿尔伯特,3
竟能,3
苛刻,3
赚取,3
富足,3
软弱无力,3
吃光,3
皮卡尔,3
皮尔,3
除此以外,3
除此之外,3
转归,3
小伙子,3
食利者,3
会见,3
鲁士,3
皮鞭,3
星期四,3
直译,3
益处,3
秋天,3
马利亚,3
称之为,3
同时代,3
保卫国家,3
退社,3
无能为力,3
保卫,3
无能,3
无政府,3
德穆兰,3
艰难,3
基本上,3
风暴,3
附信,3
无政府主义,3
俗语,3
对照,3
称呼,3
百分之四十,3
传记,3
盟友,3
转过,3
节译,3
陛下,3
起草,3
盟费,3
之歌,3
目睹,3
基地,3
转载,3
侵占,3
科布顿,3
无用,3
不幸者,3
选民,3
莱姆,3
盛大,3
无权,3
依附于,3
外貌,3
会象,3
外观,3
附和,3
盖伊,3
除去,3
得知,3
不以,3
盘剥,3
起诉人,3
开明,3
外界,3
无节制,3
不好,3
动摇,3
疯人,3
征收,3
同等,3
不择手段,3
离盟,3
普鲁,3
复现,3
征服者,3
基本原理,3
送往,3
多愁善感,3
逃脱,3
症状,3
赫罗泰,3
心里,3
喊道,3
稳定,3
不放过,3
阿巴公,3
同胞,3
空气,3
福音书,3
轻而易举,3
赞助,3
离奇,3
各不相同,3
之多,3
离婚案,3
无可争辩,3
明证,3
不体面,3
多干,3
心脏,3
百分之六十,3
普通人,3
同物,3
走运,3
普罗米修斯,3
菲力,3
保尔,3
无所不包,3
保密,3
私生活,3
百分之三十,3
走遍,3
莫尔莱,3
德里,3
会同,3
走锭,3
百分之八十,3
多夫,3
走私,3
加进,3
走出,3
剧院,3
建设,3
瘟疫,3
之爱,3
瘫痪,3
癖好,3
保管员,3
无情地,3
心理,3
可敬,3
不仅仅,3
登载,3
税款,3
施加,3
爱国主义,3
问答,3
第六次,3
辞职,3
自居,3
成正比,3
何处,3
举止,3
封建主,3
吓跑,3
何况,3
愚昧,3
下层,3
发生变化,3
引言,3
下文,3
储蓄,3
办事处,3
令人高兴,3
礼赞,3
寄去,3
利奥,3
场所,3
贝都,3
有许,3
贝朗,3
犬儒主义,3
问世,3
一副,3
年龄,3
别具一格,3
不让,3
吓坏,3
蔓延,3
第二类,3
路线,3
社会科学,3
乌普萨拉,3
强迫,3
爱国者,3
边注,3
确保,3
英尺,3
第五次,3
谋杀,3
败家子,3
不动产,3
争端,3
并列,3
简化,3
克里,3
并入,3
日用品,3
嘲讽,3
狩猎,3
寄生,3
狡诈,3
寄来,3
有没有,3
财政部,3
餐厅,3
感受,3
充足,3
慎重,3
先验,3
音乐,3
宽敞,3
增强,3
踏车,3
成功者,3
难以置信,3
吉约姆,3
光明,3
版本,3
默泽尔,3
物而,3
虚弱,3
自动,3
门前,3
懒惰,3
增加一倍,3
光辉,3
利息率,3
克制,3
时作,3
年底,3
不足为奇,3
踏上,3
臆想,3
慈悲,3
斯在,3
高呼,3
斯图加特,3
斯图亚特,3
利害关系,3
日起,3
天黑,3
克拉克,3
第四,3
年秋,3
豪华,3
下所能,3
克拉,3
地要,3
愤慨,3
宾夕法尼亚,3
象是,3
弥补,3
太晚,3
代价,3
象性,3
服装,3
成千上万,3
太阳报,3
自发,3
想一想,3
牟利,3
短缺,3
作好,3
吆喝,3
射击,3
免受,3
最起码,3
一会儿,3
预定,3
恶棍,3
恶毒,3
自称为,3
哲学体系,3
玻璃,3
劳动工具,3
确定性,3
高利贷,3
频频,3
合乎,3
通行,3
合乎逻辑,3
仪式,3
庆幸,3
事故,3
第三手,3
新鲜空气,3
蒙昧,3
自由竞争,3
阅读,3
新鲜,3
密切联系,3
坦率地,3
恶习,3
停滞,3
库房,3
大屠杀,3
垄断者,3
恩施,3
似的,3
各阶层,3
小资,3
通用,3
买主,3
做事,3
下议院,3
买到,3
熟练,3
长期以来,3
库尔曼,3
最美,3
不准,3
购置,3
第一篇,3
不列颠,3
隐秘,3
理所当然,3
恰当,3
日内瓦湖,3
方案,3
恳求,3
作战,3
一伙,3
坚信,3
悭吝,3
情欲,3
路程,3
到底,3
蒸汽机,3
情景,3
爱国,3
勒索,3
售价,3
鲜明,3
集体,3
第二卷,3
幽灵,3
早上,3
归功于,3
简略,3
辩护者,3
迷误,3
少年,3
短时间,3
归公,3
猜出,3
社长,3
未婚夫,3
短暂,3
合伙,3
新近,3
一再,3
势力,3
自由主义,3
归于,3
归还,3
骑兵,3
合伙人,3
通讯地址,3
壮大,3
下流,3
以色列,3
知名,3
第二十一条,3
引向,3
贪得无厌,3
一首,3
第二篇,3
货物,3
情感,3
玛丽,3
归入,3
功夫,2
无益,2
临别,2
莫斯科,2
摆出,2
旨在,2
早先,2
华莱士,2
旧货,2
华盖,2
无私,2
加重,2
携带,2
七章,2
商业界,2
商业秘密,2
加在一起,2
封建制度,2
旧式,2
加倍,2
摹仿,2
封锁,2
居留,2
撇开不谈,2
加斯,2
无限量,2
之神,2
无须,2
三年,2
加快,2
撤回,2
午饭,2
进口税,2
草拟,2
黎世,2
中间派,2
加布里埃尔,2
西斯,2
日卡,2
届时,2
品得,2
商品交换,2
加工厂,2
之谜,2
之苦,2
播种,2
之词,2
加尼耳,2
半年,2
茫茫大海,2
莫德先,2
茶匙,2
要死,2
支柱,2
乌托邦,2
十年代,2
三卷,2
和资,2
中赫斯,2
之点,2
摘抄,2
要不是,2
摩莱,2
七次,2
西亚,2
茹尔,2
品是,2
西里,2
摘记,2
西伯利亚,2
摧残,2
西部,2
日耳曼,2
三四个,2
草地,2
日益减少,2
丰克,2
募捐,2
萨伊是,2
居于,2
北高加索,2
新约,2
蒲鲁,2
劳申,2
少于,2
哪个,2
万桑,2
蓄意,2
主和,2
新兵,2
主在,2
迷惘,2
斯蒙,2
势必,2
斯皮,2
少数几个,2
斯特拉斯堡,2
迷惑,2
数以百计,2
斯泰里,2
少数几项,2
勃利,2
尚且,2
黎塞留,2
迟早,2
小说,2
施坦道,2
医学院,2
教师,2
尤利乌,2
街头,2
小资产阶,2
黎明,2
小量,2
三倍,2
教训,2
劳力,2
高价,2
葡萄酒,2
敞开,2
蒙受,2
蒙时,2
马赞尼洛,2
尚能,2
劳动报酬,2
散布,2
斯拉夫,2
少有,2
为限,2
主派,2
尔特,2
文学作品,2
断断续续,2
勒克莱尔,2
少量,2
勒奈,2
斤斤计较,2
斜线,2
包令,2
料理,2
文本,2
文肯,2
文艺,2
文艺作品,2
勤奋,2
万物,2
文雅,2
料到,2
文风,2
斐勒司,2
尔卡迪,2
主语,2
迪韦里,2
迦太基,2
迷宫,2
行事,2
行乞,2
举杯,2
斯巴达,2
勃雷,2
霍尔姆,2
行不通,2
血腥,2
勃鲁姆,2
斯多夫,2
虏获,2
斯塔尔,2
虐待,2
尖刻,2
尔顿,2
唆使,2
迪奇,2
整齐,2
斯克伦,2
虚伪性,2
蠢事,2
助理,2
教唆,2
加顿,2
尽情,2
无损于,2
远远,2
哈利,2
小叔子,2
尽可能少,2
三十岁,2
无所事事,2
被动,2
无情,2
被判,2
小块,2
哈勒,2
攻讦,2
为例,2
动听,2
袖珍,2
尼德兰,2
无底,2
违背,2
十五年,2
尼亚尔,2
无害,2
菲拉,2
放逐,2
十六岁,2
送交,2
动是,2
动乱,2
莱茵河,2
预见,2
装扮成,2
收割,2
收取,2
小于,2
十字军,2
收工,2
莱里,2
商业城市,2
收租,2
临终时,2
十四,2
获取,2
收购,2
裁判,2
动中,2
无数次,2
改写,2
远为,2
三十条,2
丹热,2
改正过来,2
无可非议,2
为同,2
之光,2
无不,2
哥伦布,2
旗子,2
动荡不定,2
连结,2
旅费,2
为物物,2
敏感,2
万一,2
表决,2
唯物主义者,2
万人,2
落得,2
救世主,2
救济,2
旁边,2
连续不断,2
救济金,2
霍尔巴赫,2
唯灵,2
饰物,2
为类,2
哥萨克,2
无与伦比,2
连带责任,2
无主,2
衰退,2
三十万,2
无动于衷,2
无利可图,2
营业,2
无关,2
就算,2
政治家,2
动植物,2
动物所,2
响应,2
动用,2
衰亡,2
十万,2
三分法,2
动者,2
表露,2
无人性,2
搬弄,2
小市民,2
为己,2
就是指,2
萨克,2
萨克森,2
打断,2
确认,2
悄悄的,2
庄严,2
不管怎样,2
口吻,2
庄稼,2
贫困化,2
下级,2
悟性,2
悉尼,2
庆祝,2
后代,2
辨认,2
口角,2
贫瘠,2
口述,2
恶果,2
恶化,2
床上,2
悲惨,2
贪心,2
搜集,2
贩卖,2
辩证,2
幸运地,2
惊讶,2
惊慌,2
后成,2
幻象,2
质询,2
情节,2
广泛传播,2
广场,2
情报,2
广大群众,2
情意,2
后半期,2
情地,2
辩护士,2
恳请,2
恳切,2
贬黜,2
只够,2
辛利,2
总数,2
总括起来,2
总得,2
不满者,2
食料,2
输出国,2
输入国,2
名词,2
怨言,2
废弃,2
只宜,2
只想,2
不消说,2
急需,2
辉格,2
度上,2
只称,2
名目,2
不然,2
费力,2
总而言之,2
库存,2
名誉扫地,2
恩赐,2
恩派,2
古尔登,2
贯彻到底,2
恩宠,2
应予,2
应付,2
贱卖,2
辞去,2
贱民,2
古斯,2
不相称,2
恐吓,2
贵客,2
另一人,2
惩办,2
惩治,2
受骗,2
懈怠,2
达维亚,2
发誓,2
谬误,2
年度,2
戈尔,2
发起人,2
年收入,2
年斐维版,2
年春,2
取得联系,2
憔悴,2
取之不尽,2
慷慨大方,2
慷慨,2
取乐,2
慢慢,2
不足以,2
慈善,2
君主制,2
谢意,2
不靠,2
题为,2
我能,2
发泄,2
吝啬鬼,2
发火,2
我以,2
迄今为止,2
与其,2
谋取,2
成绩,2
与会者,2
发现自己,2
谋福利,2
谎话,2
发育,2
谢利叶,2
不起,2
年满,2
惯会,2
不行,2
吓人,2
受害者,2
达兰,2
不解,2
受托,2
向来,2
受治于,2
并未,2
并行,2
取得胜利,2
下榻,2
想方设法,2
边沁,2
想干什么,2
账目,2
想入非非,2
账簿,2
吓倒,2
财力,2
年青人,2
雪耻,2
君主专制,2
取材于,2
感激,2
年老,2
贝尔纳,2
题词,2
取而代之,2
感化,2
感到遗憾,2
贝格,2
感伤,2
感人,2
贝里,2
达夫,2
受到谴责,2
不论是,2
资本化,2
雇佣工人,2
思索,2
转动,2
越小,2
各个方面,2
往后,2
彼此间,2
彼此之间,2
彼得斯,2
越有,2
彼岸,2
异教徒,2
彻底性,2
影射,2
越过,2
车轮,2
各有,2
当选,2
各样,2
各次,2
各点,2
转变,2
征求,2
吃饱,2
征讨,2
起誓,2
起诉书,2
鼓吹者,2
不容,2
超凡,2
很长,2
不定,2
开采,2
吃亏,2
超验,2
很小,2
吃掉,2
很久,2
吃饭,2
待遇,2
异口同声,2
征询,2
不在乎,2
当天,2
司库,2
吉诃德,2
强国,2
吉伦特,2
强化,2
强加在,2
强制性,2
同乡,2
弹药,2
踱来,2
吉纳耳,2
驳倒,2
引入,2
弥赛亚,2
身旁,2
引诱,2
张贴,2
弗雷德里克,2
身体素质,2
不利于,2
弗里,2
身材,2
踌躇,2
践踏,2
强权,2
跛子,2
不向,2
引入歧途,2
不合时宜,2
当代,2
引出,2
路德教派,2
当中,2
归结,2
归根结底,2
不停息,2
合在一起,2
强调指出,2
不可捉摸,2
跳射,2
不公,2
不可动摇,2
起码,2
司各脱,2
思想混乱,2
可多,2
较少,2
忧虑,2
召开大会,2
可不,2
忙碌,2
轻视,2
轻蔑,2
忘却,2
可喜,2
赞歌,2
轻松,2
忌妒心,2
不教,2
忆录,2
必需品,2
赠送,2
赢余,2
必胜,2
必定会,2
建筑物,2
黛安娜,2
快地,2
延续,2
同谋者,2
座右铭,2
名下,2
康克,2
怎能,2
怎么样,2
不止一次,2
资源,2
资的,2
不欠,2
资质,2
赊购,2
庸庸碌碌,2
怀旧,2
怀了孕,2
忽略,2
可怜虫,2
必不可免,2
司令,2
开本,2
微妙,2
开幕,2
循环,2
不得人心,2
御临,2
轮船,2
史学家,2
开放,2
不应,2
得寸进尺,2
同盟者,2
风流,2
得利,2
得出结论,2
雇佣军,2
得人心,2
同情心,2
风险,2
起着,2
开赴,2
开展,2
微薄,2
德兰,2
赶走,2
轻信,2
可想而知,2
可爱,2
可疑,2
心平气和,2
可耕地,2
不惜牺牲,2
心中,2
走进,2
不惜,2
德莱克,2
德育,2
德纪埃,2
不息,2
德斯,2
驱逐出境,2
开化,2
轰动,2
我认,2
平心静气,2
发挥作用,2
认清,2
黑森,2
周期性,2
按人,2
上个世纪,2
印刷机,2
印度人,2
认定,2
上书,2
工资额,2
认的,2
让给,2
指控,2
指挥官,2
指导,2
危害,2
讥笑,2
指向,2
骚扰,2
讨价还价,2
即以,2
工程师,2
工种,2
挽救,2
振奋,2
振作精神,2
卡特,2
卡米尔,2
个别人,2
三部,2
卡鲁日,2
这同,2
挥舞,2
挤掉,2
卢布林,2
挣钱,2
工头,2
挣扎,2
个人主义,2
挡住,2
即位,2
马车,2
警方,2
上当,2
记载,2
拉绍德封,2
拉绍德,2
还原,2
拉涅,2
拉梅,2
拉普人,2
讲妥,2
讲师,2
议上,2
两百万,2
担负起,2
担心,2
巴哈,2
呈报,2
巴士底狱,2
两段,2
呈交,2
厄尔巴岛,2
拐弯抹角,2
拐骗,2
两类,2
拘泥于,2
员会,2
议事日程,2
拮据,2
呓语,2
上士,2
上学,2
两部,2
差额,2
两行,2
上工,2
拜倒,2
集权,2
饥馑,2
招工,2
记录下来,2
两者之间,2
拘留,2
工匠,2
占地,2
讲课,2
视野,2
提倡,2
卓有成效,2
预防,2
规模,2
规规矩矩,2
描绘成,2
山脉,2
和政,2
措勒,2
黑暗,2
掩盖着,2
掩盖,2
掩护,2
推行,2
中尉,2
岑的,2
推广,2
和国,2
中所写,2
提前,2
规则,2
提取,2
搜刮,2
这要,2
搀扶,2
援用,2
中期,2
援兵,2
中文,2
屠宰,2
屠杀,2
预言,2
提问,2
观察家,2
卑劣,2
提诺,2
屡见不鲜,2
这组,2
推向,2
解为,2
捐助,2
捣乱,2
触及,2
三章,2
授予,2
南部,2
这批,2
饮料,2
博学,2
解决不了,2
工人失业,2
工人工资,2
博林,2
誓言,2
三篇,2
警察局长,2
个性化,2
这方,2
排他性,2
接过,2
接纳,2
和历,2
集合,2
解放出来,2
中叶,2
接到,2
中即,2
探究,2
命题,2
卖出去,2
卖官鬻爵,2
卖弄,2
解救出来,2
命名,2
排挤掉,2
解职,2
解脱,2
卖者,2
抽出来,2
谈话,2
所迫,2
手持,2
含糊,2
过活,2
手头,2
诱惑性,2
诱饵,2
诱骗,2
手下,2
常见,2
常规,2
所指,2
含义,2
幌子,2
下令,2
所编,2
所称,2
零售商,2
反对者,2
干不了,2
领空,2
反击,2
常备军,2
手笔,2
帕里,2
上诉,2
业家,2
打败,2
过长,2
打猎,2
打捞,2
诬蔑,2
带给,2
打交道,2
席卷,2
扎克,2
误会,2
才华,2
手迹,2
过渡时期,2
所换,2
反射,2
帕西,2
谈不到,2
发了,2
戴尔,2
截然不同,2
谄媚,2
平凡,2
与此相反,2
与此同时,2
与日俱增,2
下场,2
所想,2
或论,2
或许,2
平均主义,2
发布,2
或是,2
发怒,2
发慈悲,2
平均数,2
发抖,2
调整,2
调停人,2
房产主,2
反常现象,2
干得,2
诺定,2
反思,2
诺托,2
诺瓦,2
所受,2
所加,2
干格,2
过度,2
下半月,2
否决,2
反比,2
丑闻,2
丑行,2
调停,2
该是,2
参观,2
抽出,2
吸取,2
吸血鬼,2
上次,2
商品生产,2
厌倦,2
抗租,2
抗拒,2
投靠,2
上流,2
投身于,2
投票,2
原动力,2
投水,2
布拉班特,2
两卷,2
投机分子,2
投合,2
两件,2
布洛利,2
启发,2
两家,2
抛售,2
市政厅,2
吹嘘,2
历史事实,2
抹煞,2
历史学,2
抵销,2
讲述,2
历史性,2
抵得,2
巴莱,2
历次,2
讷夫,2
许下,2
巴门,2
披上,2
近几年来,2
两性关系,2
报复,2
压得,2
抢走了,2
抑制,2
证券交易,2
参见,2
扬格,2
布鲁治,2
译出,2
批发,2
译自,2
迎接,2
丝毫不差,2
希兹比,2
希尔,2
扬扬,2
布罗克,2
希腊人,2
诡计多端,2
参政权,2
希腊文,2
东北,2
执笔,2
执政者,2
执事,2
听取,2
布鲁姆,2
扼杀,2
扼要,2
词是,2
把持,2
两万,2
抄袭,2
评论家,2
抄下来,2
布赖,2
诈取,2
上空,2
布鲁,2
布鲁克,2
布鲁塞,2
诉说,2
诉诸,2
丢脸,2
丢掉,2
承包,2
词典,2
丝织厂,2
茅屋,2
弗尔,2
一月,2
洪水,2
马儿,2
内心深处,2
突然袭击,2
活人,2
组织生活,2
一当,2
阿尔托,2
金子,2
金块,2
金和银,2
圈套,2
洗劫,2
多项,2
音乐感,2
修道院,2
突如其来,2
功于,2
一年一度,2
妥善,2
大为,2
伐里亚,2
养蚕,2
土壤,2
纺纱,2
纺织品,2
流入,2
金融家,2
休息,2
埃德加,2
一张,2
派同,2
威力,2
大于,2
冒失,2
修女,2
波兹南,2
俨然,2
波兰文,2
娼妇,2
经得起,2
男爵,2
非理性,2
经济学说,2
埃是,2
人手,2
经理,2
冒险家,2
人所共知,2
波及,2
波恩,2
威吓,2
一律平等,2
突出,2
男女之间,2
威尔逊,2
众人,2
圆滑,2
男性,2
终年,2
人时,2
终极,2
终止,2
囿于,2
威灵顿,2
再生,2
波泽,2
野兽,2
穿过,2
养家活口,2
多米尼克,2
约克郡,2
仅够,2
在世界上,2
好榜样,2
涌现,2
立法者,2
涌向,2
好消息,2
高超,2
约束,2
兴奋,2
音乐会,2
消耗掉,2
约翰逊,2
消磨,2
约言,2
好管闲事,2
好意,2
大利,2
纪末,2
共和政体,2
仅限于,2
深刻,2
深切,2
共计,2
借此,2
纠缠,2
纠集,2
高踞,2
马尔滕,2
用尽,2
关报,2
用时,2
关注,2
涨落,2
红色,2
一小,2
亿法郎,2
由区部,2
阿尔塞,2
圣礼,2
圣母,2
埃对,2
圣徒,2
人身,2
埃尔,2
革命化,2
人能,2
其本质,2
纳罗蒂,2
大众,2
纳赫,2
高级,2
倒不如说,2
人离,2
流逝,2
浪费者,2
一幅,2
伊萨克,2
海涅,2
大公国,2
纯收入,2
海盗,2
用词,2
钥匙,2
其上,2
高谈阔论,2
海洋,2
钟爱,2
海水,2
一小部分,2
海德,2
立叶,2
纯洁,2
海尔,2
其余部分,2
倚仗,2
冗长,2
法是,2
大半,2
毫无意义,2
学不,2
登上,2
顶多,2
一时,2
维格,2
维约,2
登记,2
学以,2
民主运动,2
保皇党,2
决裂,2
毫无例外,2
毫无作用,2
里德尔,2
毫不留情,2
毫不犹豫,2
毛织品,2
阿梯拉式,2
维奇,2
孤零零,2
水中,2
马格德堡,2
气质,2
气得,2
国外市场,2
民法典,2
孤儿,2
孤独,2
民族所,2
学上,2
维埃,2
一无所知,2
城堡,2
民族主义,2
保罗,2
冲着,2
民区,2
民军,2
毛纺织厂,2
毕若,2
城乡,2
百分之十,2
亲眼看到,2
保守机密,2
准绳,2
多地,2
亲王,2
一栏,2
会场,2
每时,2
百日,2
百分之三,2
一桩,2
百般,2
凌驾,2
凌驾于,2
亲属,2
保全,2
亲吻,2
首脑,2
保守派,2
比以,2
里德,2
白金汉,2
毕生,2
学在,2
冷嘲热讽,2
编号,2
国人,2
王子,2
比尔,2
学术,2
亲身,2
百分之一,2
马歇尔,2
白铁,2
阿贝尔,2
编选,2
编造,2
稍许,2
绳索,2
水力,2
法律效力,2
信心,2
多样化,2
人向,2
略论,2
多样,2
信守,2
子女,2
河水,2
军事行动,2
空想社会,2
绝不会,2
子孙,2
军医,2
子爵,2
埋怨,2
优良,2
国营,2
没收,2
写过,2
国税,2
一意孤行,2
人想,2
婚约,2
留在,2
法学院,2
结实,2
信誉,2
写下去,2
阿尔诺,2
写给,2
写信给,2
人工,2
人尽可夫,2
法兰克福,2
结识,2
法伊,2
优势,2
畜牧业,2
信奉,2
一把,2
保险,2
求救,2
伙计,2
污染,2
汉特,2
汉普郡,2
国民政府,2
继承者,2
冠以,2
冠冕堂皇,2
马提尼克,2
首领,2
冬天,2
多得很,2
孙子,2
痉挛,2
水果,2
重农主,2
国富论,2
水塘,2
信仰自由,2
人即,2
沙米尔,2
沙多,2
疑惑,2
字体,2
沙漠,2
沙洛顿,2
马布利,2
沙托,2
穷困,2
绞死,2
统一性,2
存入,2
统帅,2
疑问,2
统治区,2
人变,2
优越性,2
字面上,2
疯子,2
多数派,2
在历史上,2
仇恨,2
网球,2
光是,2
央求,2
门口,2
物是,2
付款,2
珍视,2
做工,2
第七章,2
等量,2
价格下降,2
垄断价格,2
第七,2
失望,2
克利斯,2
牛羊,2
牛犊,2
做些,2
珀蒂,2
珀歇编,2
太快,2
做起,2
一千万,2
代表人,2
现行,2
一体,2
特德斯,2
一千个,2
太德,2
特写,2
第三十,2
门特耳,2
仲裁,2
门派,2
先进,2
代之以,2
先驱者,2
等到,2
克劳,2
克劳德,2
大理石,2
第一笔,2
免于,2
燕妮,2
燃烧,2
燃料,2
琉森,2
简言之,2
简评,2
免除,2
鞋匠,2
琉森州,2
魁奈,2
鲁道夫,2
简陋,2
长子,2
靠近,2
照样,2
简直,2
克希林,2
第一类,2
筹集,2
片刻,2
签发,2
失策,2
克斯,2
第一项,2
一千多,2
一代,2
克罗,2
头发,2
爱慕,2
他物,2
理睬,2
爱尔维修,2
简单化,2
克里斯托弗,2
爱人,2
克雷尔,2
第十四条,2
坚强有力,2
阴险,2
间断性,2
储金,2
坏事,2
第五个,2
间歇,2
第九条,2
狭小,2
坎尼,2
猎取,2
现为,2
闲置,2
独自,2
第五章,2
停顿,2
现今,2
独断,2
大肆,2
偶像崇拜,2
现代史,2
大自然,2
王冠,2
大辞典,2
率领,2
偷窃,2
献身,2
大道,2
以示,2
献媚,2
偿付,2
猜测,2
闻名,2
玛尔斯,2
储备,2
独占,2
天命,2
代言人,2
充满希望,2
第三等级,2
第三条,2
天真,2
鞭子,2
天短,2
令人遗憾,2
令人生畏,2
第十二,2
令人满意,2
犹豫不决,2
阉割,2
令人信服,2
停刊,2
特霍恩,2
一倍,2
特许证,2
现款,2
先于,2
大程度,2
天晓得,2
独创性,2
天堂,2
天国,2
第八种,2
独一,2
现代文明,2
第六,2
第六个,2
以人,2
现代科学,2
闯入,2
狄德罗,2
一刹那,2
狄克逊,2
天性,2
第六章,2
以下几点,2
一刻,2
照明,2
瑞士人,2
仇视,2
公正无私,2
生活报,2
在组织上,2
在精神上,2
溺死,2
溜走,2
溜之大吉,2
精细,2
竟成,2
公理,2
债券,2
从人,2
奴才,2
生活费用,2
生涯,2
公职,2
一夫一妻制,2
滑铁卢,2
糊涂人,2
大喊大叫,2
一大笔钱,2
地为,2
粪便,2
大地,2
粪池,2
公债,2
生息,2
银币,2
公开信,2
铜币,2
公共利益,2
端庄,2
在表面上,2
女子,2
满怀,2
公园,2
女孩子,2
竞赛,2
渴求,2
演员,2
兰齐,2
介的,2
六点钟,2
六百,2
介是,2
在外,2
伊拉,2
借给,2
兰德,2
好坏,2
好人,2
深重,2
紧紧,2
紧紧抓住,2
共产党人,2
累尔,2
深挚,2
共同利益,2
清洁,2
六星期,2
公诸于世,2
站立,2
温饱,2
生理学,2
糟蹋,2
大厦,2
生计,2
倡议者,2
公鸡,2
系列,2
系统地,2
好些,2
站稳,2
一对,2
站岗,2
六千,2
用人,2
在家,2
六家,2
奥秘,2
八百万,2
照亮,2
他作,2
奇怪的是,2
管辖,2
奇想,2
地方性,2
锻炼,2
热心,2
假仁假义,2
革报,2
奇妙,2
任用,2
锡版,2
地寄来,2
笨伯,2
奋斗,2
米哈伊尔,2
全场,2
管理机构,2
大大增加,2
炮制,2
长久,2
煤矿,2
党性,2
阵亡,2
假面具,2
算是,2
第一期,2
算术,2
然是,2
热衷于,2
地段,2
镜子,2
焦急,2
入侵,2
大大提高,2
管区,2
第一幕,2
入社,2
地地道道,2
全文,2
粗鲁,2
销声匿迹,2
生前,2
从这时起,2
地住,2
一大堆,2
激愤,2
销毁,2
大型,2
高龄,2
一大笔,2
生命力,2
铸造,2
奥尔良城,2
漫长,2
漫游者,2
笑料,2
生出,2
一大,2
全权,2
地变,2
米拉波,2
灾祸,2
份数,2
米歇洛,2
全用,2
灵巧,2
类别,2
奖赏,2
阿城,2
生产方式,2
笔钱,2
套用,2
地去,2
雄辩,2
笔误,2
阻挠,2
全部内容,2
减去,2
一分钟,2
四十岁,2
魔爪,2
二十四只,2
家世,2
伴随,2
二十亿,2
本意,2
九世纪,2
本届,2
脾气,2
隆特,2
神甫,2
本体论,2
星期天,2
隆重,2
魔术,2
对者,2
家务,2
破坏性,2
首位,2
对萨伊,2
初为,2
一经,2
脆弱,2
苍蝇,2
道德心,2
一翼,2
脐带,2
破损,2
二十年代,2
二十年,2
二十岁,2
本页,2
估价,2
四十二卷,2
本肯,2
四分之三,2
花房,2
佩列林,2
二世,2
囚犯,2
眼看,2
臆造,2
眼色,2
难以,2
容貌,2
期望,2
昨天晚上,2
事后,2
神奇,2
期刊,2
选区,2
利欲,2
朝着,2
朝廷,2
随机应变,2
随便,2
未婚,2
家犬,2
四分之一,2
增加量,2
判处死刑,2
家当,2
眩惑,2
遍及,2
眷恋,2
未遂,2
判明,2
剧作家,2
未经,2
家禽,2
未曾,2
一致意见,2
眼下,2
能象,2
宪兵,2
随笔,2
顺差,2
来时,2
列强,2
来同,2
列斯,2
祭司,2
客体化,2
肯塔基州,2
四卷,2
客栈,2
客气,2
看望,2
面是,2
遵照,2
商贩,2
刚才,2
条文,2
来朗,2
列奥,2
审议,2
列为,2
划掉,2
四次,2
看不清楚,2
四年,2
复仇,2
互惠,2
云云,2
基督教徒,2
杰作,2
杯子,2
备受,2
来谈,2
伯林,2
股票,2
胆小鬼,2
杜邦,2
陷入困境,2
宣誓,2
一系,2
二百名,2
室内,2
高大,2
创造力,2
破烂,2
真心诚意,2
二百,2
机灵,2
破灭,2
佩利,2
机械唯物主义,2
能比,2
剧烈,2
能生,2
创办人,2
胸前,2
创刊号,2
齐全,2
杜格,2
体制,2
宣传员,2
背弃,2
魔力,2
处罚,2
破落,2
村庄,2
稀有,2
顺序,2
商队,2
真实性,2
遭殃,2
权势,2
宽恕,2
花园,2
对质,2
喧哗,2
臻于完善,2
舅母,2
通信,2
刺激,2
更能,2
塔尔诺,2
书中,2
一连串,2
堪称,2
更快,2
削价,2
削减,2
喜剧演员,2
对国,2
书写,2
社会活动家,2
曾一度,2
察觉,2
制鞋,2
知识分子,2
隔开,2
隔绝,2
通往,2
书籍,2
余暇,2
刺刀,2
社会舆论,2
最低工资,2
短文,2
一辈子,2
前途,2
余下,2
致使,2
曾多次,2
暴发户,2
暗示,2
最少,2
前些时候,2
社会化,2
何方,2
舰队,2
普遍存在,2
艺术家,2
普遍化,2
前提条件,2
选进,2
普罗,2
何必,2
普拉特,2
也好,2
增添,2
晚报,2
砖厂,2
前所未有,2
礼貌,2
艾尔杰楠,2
舒畅,2
社会学家,2
逐年,2
对私,2
何时,2
对工,2
舞弊,2
低三下四,2
前去,2
逐出,2
前后,2
透顶,2
矿区,2
自豪,2
制革厂,2
神圣同盟,2
自有,2
督察,2
有时候,2
一读,2
寄钱,2
督教,2
有把握,2
有才干,2
一贫如洗,2
密切关系,2
一贯,2
有意,2
有形,2
自我认识,2
嘲弄,2
密尔顿,2
有名有姓,2
是资,2
鲁东,2
别国,2
作是,2
自命不凡,2
自在,2
黄金,2
着重,2
噜苏,2
神圣不可,2
寄件,2
寄往,2
有条不紊,2
自尊心,2
芬尼,2
自尽,2
有着,2
芬克,2
是工,2
青年人,2
祝词,2
到此为止,2
艾希霍恩,2
自然史,2
月份,2
顾虑,2
祖父,2
买来,2
自私,2
选用,2
最能,2
作一,2
九本,2
知心,2
买卖人,2
面包,2
剖析,2
制裁,2
嗜好,2
制铁,2
壮丽,2
富国,2
买进,2
魔鬼,2
自然而然,2
有制,2
有别于,2
到此结束,2
有利条件,2
霸占,2
同业,2
声名,2
有个,2
了结,2
芜菁,2
富到,2
制品,2
节省下来,2
乱子,2
审查,2
互相帮助,2
一点一点,2
时向,2
盛名,2
会面,2
欧洲人,2
部位,2
首歌,2
欧仁,2
陆上,2
完全必要,2
马莱迪庞,2
租约,2
租税,2
出乎意料,2
办不到,2
老一套,2
部中,2
麻纺厂,2
群众运动,2
交谈,2
时则,2
美的,2
秩序井然,2
产出,2
凡迪门岛,2
安抚,2
部里,2
项目,2
交配,2
产业,2
便是,2
因茨,2
寿命,2
英里,2
老五,2
陈尸,2
陈旧,2
交付,2
交出,2
目击者,2
概述,2
时局,2
概论,2
英明,2
低贱,2
回避,2
侵略,2
概况,2
陌生人,2
苦工,2
宗室,2
回过,2
老爷,2
出庭,2
目光短浅,2
回顾,2
欢乐,2
老实,2
出借,2
盟章,2
老人,2
老兄,2
完备,2
因对,2
横加,2
秘密组织,2
老实人,2
租期,2
模式,2
老年,2
乐于,2
侵略者,2
产力,2
美妙,2
殊死,2
残缺,2
残暴,2
几位,2
旬刊,2
移动,2
颁行,2
它象,2
几份,2
宇宙,2
移交,2
马克思主义,2
培植,2
罪人,2
几小时,2
残缺不全,2
罗尼河,2
罕考,2
多人,2
一万五千,2
它会,2
罗尔斯,2
范例,2
罗维奇,2
殷勤,2
段落,2
逃之夭夭,2
段时间,2
罗德,2
殖民者,2
死亡率,2
罪恶行径,2
麻烦,2
监工,2
一死,2
此事,2
外贸,2
俄亥俄,2
正视,2
几篇,2
正统主义,2
监护人,2
几百万,2
积攒,2
美化,2
外衣,2
时光,2
团结一致,2
安德斯,2
凡斯,2
羁绊,2
安于,2
办理,2
俄文,2
困境,2
罪责,2
封住,2
俄文版,2
办成,2
安乐,2
步行,2
步兵营,2
酌情,2
几点,2
皮林,2
办到,2
科瑟,2
森林,2
分给,2
境地,2
伦纳,2
耻辱,2
墓地,2
面临,2
夏娃,2
染上,2
供给量,2
商界,2
实情,2
某某人,2
离间,2
时说,2
五十个,2
相报,2
供述,2
分歧,2
实效,2
夏洛克,2
实业家,2
依仗,2
五号,2
科斯,2
那本,2
标出,2
境况,2
砸碎,2
耶拿版,2
柯林斯,2
英勇斗争,2
查获,2
查理一世,2
五千名,2
查封,2
某处,2
供求关系,2
分批,2
林先生,2
果然,2
果子,2
果园,2
联邦政府,2
林娜,2
福适,2
实验,2
刑具,2
刑场,2
聚钱,2
相近,2
一百只,2
枷锁,2
时起,2
职权,2
剽窃,2
昂格,2
某一,2
柏柏尔,2
联姻,2
离派,2
乐部,2
伪币,2
实证主义,2
相继,2
枯燥,2
一眼,2
雅科,2
五国,2
回事,2
梯子,2
梦想,2
宗派,2
亚琛,2
亚洲,2
梅利什,2
磋商,2
官兵,2
桑切斯,2
邮车,2
邮费,2
邮局,2
寻死,2
宙斯,2
格罗,2
出盟者,2
外人,2
境内,2
高度赞扬,2
高度评价,2
基尔,2
力而,2
宗教史,2
出版社,2
住房,2
亚麻,2
亚里士多德,2
一点点,2
出盟,2
力气,2
格格不入,2
盯住,2
普利,2
种植,2
外交官,2
霍普,2
外交大臣,2
五官,2
面红耳赤,2
分发,2
种人,2
非但,2
力大,2
相互作用,2
耍花招,2
回击,2
直率,2
分归,2
定书,2
树林,2
而工,2
实业,2
传统,2
格式,2
种族,2
外交家,2
一百个,2
树立,2
坚贞,1
下狠心,1
后于,1
坚贞不渝,1
坚固,1
一出,1
同义语,1
同中世,1
同事,1
坐立不安,1
塔斯马尼亚岛,1
下端,1
坐满,1
名贵,1
塞吉,1
塔德,1
塞万提斯,1
一出戏,1
同义词,1
塔特,1
坐在,1
同义,1
一万名,1
坚韧不拔,1
埋头,1
一个十六岁,1
埃走,1
不予理睬,1
基尼,1
同自,1
埃等,1
一个团,1
埃特,1
同志,1
同心同德,1
不住,1
同较,1
同心协力,1
埃斯,1
不乐意,1
同归于尽,1
一个多,1
基本前提,1
不乏其人,1
不乏先例,1
同黑,1
基本点,1
不乏,1
不交,1
一个十八岁,1
塔司,1
同所,1
一不做,1
城门,1
培克,1
同是,1
培克看,1
城有,1
马和剑,1
同由,1
不付,1
不仅如此,1
城墙,1
一两个,1
一万二千,1
一万一千,1
同文,1
一万,1
城关,1
城下,1
埋葬,1
一个个,1
不以为然,1
同社,1
埋没,1
不仁,1
埃弗拉,1
基的,1
埃尔德,1
名为,1
同作,1
堂堂正正,1
堆放,1
垫付,1
堆满,1
下边,1
堆砌,1
垦荒地,1
同伴,1
一人应,1
名著,1
堕入,1
一亿,1
不停,1
堡垒,1
堤岸,1
下能,1
不全,1
同亚,1
堵死,1
垂怜,1
一会,1
坦普尔,1
同假,1
同僚,1
不佳,1
同尚,1
下马,1
名义工资,1
马可,1
同宗,1
埃同,1
埃利,1
堂堂,1
同声,1
下院,1
一个支,1
名副其实,1
名正言顺,1
下部,1
同基卜生,1
同圣,1
同土,1
同名,1
同前,1
下逐,1
埃克斯,1
同其,1
下达,1
名家,1
商品质量,1
一度,1
后卫,1
回想,1
哄堂大笑,1
三千,1
品额,1
回信,1
一百二十个,1
回升,1
品行端正,1
回国,1
回家,1
回家途中,1
品行,1
回归,1
回心转意,1
三千万,1
一分钱,1
一男一女,1
回扣,1
一点点儿,1
三春,1
哀诉,1
一点儿,1
咬伤,1
齐唱,1
咧嘴,1
一滴,1
一满,1
三月,1
哄笑声,1
一百五十年,1
四页,1
一百六十,1
一磅,1
一瞬间把,1
四家,1
四方,1
四点,1
四百人,1
一着,1
哗然,1
四类,1
哑口无言,1
四至,1
响起,1
四行,1
一百户,1
一百多,1
三十七,1
四角,1
哈里,1
三十九页,1
哈特,1
三十倍,1
三十六个,1
四论,1
三十名,1
四郊,1
三十四,1
咒诅,1
马蒂约,1
三条,1
和善,1
和和气气,1
围住,1
和利,1
和准,1
马路天使,1
一楼,1
命运多舛,1
固定价格,1
固定化,1
固定收入,1
三百年,1
一格,1
龌龊,1
呼应,1
一架,1
固着,1
一杯,1
固请,1
三等,1
呼唤,1
一有,1
国事,1
一是,1
国债,1
一时期,1
国内外,1
困难重重,1
三百五十,1
和贸,1
困惑,1
一清二白,1
和解,1
和蔼可亲,1
因岑,1
和蔼,1
一流,1
马洛,1
和荣,1
和织,1
和睦相处,1
和盟,1
团中,1
和生,1
和澳洲,1
一死了之,1
团里,1
和文,1
和效,1
和拉芒,1
三段,1
园地,1
三百,1
园艺工具,1
三百个,1
和工,1
和富,1
哥特,1
四季常青,1
四名,1
商业价值,1
一间,1
七篇,1
善行,1
啄食,1
喉舌,1
一钱不值,1
唾骂,1
唾弃,1
鼻子走,1
喋喋不休,1
唱赞歌,1
唱诗班,1
唱者,1
喝人血,1
唯理论,1
一连,1
喧嚷,1
唯物,1
喧闹,1
喷沫,1
嗅觉,1
嗓子,1
万古,1
马赛曲,1
一队,1
一跳,1
商业来往,1
七位,1
商场,1
一齐,1
七倍,1
一鳞半爪,1
商品流通,1
商妥,1
七八千,1
七十五,1
一饱眼福,1
商店,1
马蜂窝,1
商标,1
商约,1
七十年,1
商船,1
七名,1
商讨,1
商们,1
七岁,1
七月份,1
商业部门,1
七百,1
喀尔,1
唯心,1
一票,1
一致同意,1
一臂之力,1
万齐格,1
哭诉,1
四列,1
一能,1
四十万,1
四十个,1
哪能,1
一股,1
三万,1
一翼同,1
四十五年,1
一纸空文,1
哪位,1
一纸,1
哪些,1
四十名,1
三人,1
哪一位,1
三位一体,1
四十年,1
哨所,1
哨卡,1
哥达,1
哥萨克人,1
四倍,1
马路,1
嘈杂,1
一般性,1
唯利是图,1
嘉图,1
嘉许,1
嘱托,1
售货,1
售完,1
万户,1
一资,1
一谈,1
嘲笑者,1
唠唠叨叨,1
嘴唇,1
唠叨,1
唐突,1
一语,1
一试,1
一论,1
哲学著作,1
器具,1
一触即发,1
一视同仁,1
一落千丈,1
一般来说,1
囚禁,1
三行,1
呵斥,1
三论,1
地发,1
一处,1
一堆,1
下即,1
地工,1
地成,1
吟诵,1
地数,1
下同,1
一回,1
一周,1
地替,1
吞食,1
一吐为快,1
下定,1
吞掉,1
地比,1
地求,1
一同,1
地派,1
吞并,1
地牢,1
吞噬,1
下定决心,1
一台,1
地理学家,1
一去不复返,1
下半叶,1
一夜,1
一千多年,1
地即,1
鼓舞人心,1
在短期内,1
一季度,1
一字不差,1
一如既往,1
听从,1
听之任之,1
听不清,1
一头,1
下人同,1
一天天,1
马尔先,1
含混不清,1
地下,1
一大部分,1
一大群,1
马尔于,1
地伯利,1
一大步,1
否有,1
下决心,1
地共,1
地势,1
一夜之间,1
驰名天下,1
否在,1
吝啬,1
龙去,1
一匹,1
一剧,1
吕宁,1
一刻钟,1
吓唬,1
均分,1
向重,1
向往,1
向外,1
均匀,1
下楼,1
均衡,1
下正,1
坏人,1
坏蛋,1
后继者,1
一列,1
后生,1
坏话,1
下水,1
一切顺利,1
一切办法,1
后期,1
下流无耻,1
龙格,1
后备军,1
后嗣,1
下摆,1
下接,1
地盘,1
地面,1
地离,1
下工,1
君士坦丁堡,1
马太福音,1
地空,1
地考,1
君主立宪派,1
地而非,1
一千六,1
地联,1
君主立宪制,1
地聚,1
君主立宪,1
一千份,1
一千五百,1
一千二百,1
君主政治,1
君主政体,1
地被,1
地装出,1
一千三百,1
地谈,1
地质学,1
下才,1
君临,1
地问,1
地集,1
上马,1
上院,1
国土,1
上台,1
上同,1
国议会,1
一扇门,1
告诫,1
国门,1
上层建筑,1
告诉您,1
一扇,1
国际主义,1
国际性,1
一成不变,1
告罄,1
告示,1
告知,1
告密,1
一思,1
告发,1
图书,1
图书馆,1
一心一意,1
图尔,1
呈请,1
上当受骗,1
图斯,1
图景,1
图谋不轨,1
呆若木鸡,1
呕吐,1
员付,1
圆满结束,1
国营农场,1
一无所获,1
味道,1
国在,1
三镑,1
一无所失,1
味觉,1
鼠疫,1
国并,1
国有,1
国有财产,1
周转不灵,1
上以,1
周密,1
上供,1
国民生产,1
周围环境,1
一排,1
上出,1
马志尼,1
上加,1
上动,1
一捆,1
上劳,1
上卡,1
呆滞,1
一当能,1
在斯堪,1
圣斯蒂凡,1
一带,1
一岁,1
一届,1
启事,1
上种,1
一小撮,1
一小块,1
听觉,1
在业,1
上船,1
听见,1
在化,1
上街,1
听来,1
听命,1
听听,1
在国,1
上议院,1
在场,1
听凭,1
在实践中,1
听信,1
在工,1
在我心中,1
在所不计,1
上误,1
上述事实,1
圣约翰,1
圣多明各,1
呆板,1
圣墓,1
圈儿,1
一当机,1
呆头呆脑,1
圈子里,1
呆头,1
土伦,1
上文,1
上星期,1
吹捧,1
上本段,1
马屁精,1
土地开垦,1
土地改革,1
土坑,1
上校,1
一开,1
土块,1
土壤改良,1
土耳其,1
一干二净,1
上注,1
圣人,1
吸血,1
吸烟,1
上演,1
圣伊米,1
住处,1
同不动,1
人同作,1
农业区,1
人口密度,1
农具,1
农奴主,1
人受,1
农学家,1
农村,1
农民起义,1
农用,1
人加,1
冥思苦想,1
冬夏,1
冬季,1
冬日,1
冬闲,1
人内,1
冰川,1
人全,1
冰雪,1
人停,1
冰雹,1
冰霜,1
高潮,1
军饷,1
几号,1
军费,1
人成,1
人感,1
写下,1
人情世故,1
人得福,1
人年,1
人带,1
人姓,1
写法,1
人太多,1
写照,1
写诗,1
人大,1
军事优势,1
军事同盟,1
军事援助,1
军人,1
人同物,1
军团,1
军士,1
军营,1
军警,1
冲人,1
冲击,1
人使,1
冲刷,1
准则,1
亲笔,1
亲生,1
准确性,1
准许,1
凋敝,1
亲昵,1
凌乱,1
亲手,1
亲戚,1
亲密,1
亲友,1
亲信,1
亮出,1
减薪,1
享有者,1
凑合,1
凝视,1
亨通,1
几何级数,1
几千,1
亨乐,1
净利润,1
冻结,1
冻得,1
人一,1
冲动,1
冲开,1
冲进,1
人体,1
决于,1
人以,1
人人平等,1
决斗,1
人事变动,1
人不象,1
麻布,1
冷静,1
况且,1
况会,1
况而,1
冷水,1
冷汗,1
冷漠,1
亵渎,1
冷笑,1
冷酷,1
亲自动手,1
高爵,1
冒险主义,1
冒犯,1
养女,1
仁爱,1
什一,1
兴高采烈,1
兵力,1
其一,1
高见,1
人面,1
其他费用,1
人靠,1
其它,1
人道,1
人逐,1
塞纳,1
人连,1
其离盟,1
人身攻击,1
其自为,1
其说,1
其量,1
其间,1
人负,1
人要,1
兴旺发达,1
兴旺,1
兴头,1
介入,1
六匹,1
六十万,1
六千万,1
六天,1
六旬,1
六月,1
六次,1
六百年,1
六种,1
六行,1
仅凭,1
高量,1
仆役,1
关切,1
关头,1
关押,1
关税同盟,1
仅存,1
关键,1
关键性,1
关门,1
人用物,1
冒火,1
养料,1
人正,1
人格化,1
内阁大臣,1
册上,1
册子,1
高等,1
再三,1
再也不能,1
再作,1
人枪,1
再减,1
再同,1
再有,1
人未,1
再照,1
再现,1
人时须,1
再见,1
人拉上,1
再谈,1
人扯,1
再象,1
再起,1
人正待,1
内瓦,1
内有,1
兽肉,1
人用,1
人犯,1
养羊业,1
兼向,1
兼有,1
兼论,1
人烟稠密,1
人烟稀少,1
兽类,1
人派,1
高等教育,1
人比,1
内务部,1
人气,1
人民武装,1
内在联系,1
内地,1
内外,1
内多干,1
人民大众,1
内政,1
麦克库,1
几句话,1
几声,1
仍旧,1
列国,1
列宁,1
列尔,1
列鲁,1
于用,1
于理,1
刚付,1
于整,1
于外,1
刚刚开始,1
于同,1
刚好,1
于傅,1
刚过,1
于伯蒂,1
于五人,1
创世,1
创之见,1
创伤,1
于事无补,1
于事,1
麻醉,1
二轮马车,1
二论,1
于纸,1
互不,1
麻木,1
互为,1
五六十个,1
五世,1
切人,1
切受,1
切尔,1
切希,1
切斯,1
切斯特,1
切身,1
切身利益,1
五万匹,1
刑事诉讼,1
互相残杀,1
刑满,1
划出,1
互相承认,1
划成,1
互相制约,1
划清,1
划清界线,1
互相冲突,1
划清界限,1
互相促进,1
二百年,1
创建人,1
创新,1
二百人,1
判所,1
二万,1
事说,1
事要,1
判等,1
事有,1
判过,1
事是,1
利乌斯,1
利剑,1
利坚,1
黄脸,1
利奈,1
事态严重,1
事实证明,1
黄色,1
事宜,1
利希,1
事同,1
利时,1
利有,1
利欲熏心,1
事变,1
判定,1
二万五千,1
二不休,1
初步,1
二百五十万,1
创造性,1
二次,1
创造性地,1
二月份,1
二日,1
二字,1
二天,1
二十次,1
二十张,1
初秋,1
判同,1
初访,1
初试,1
二十四,1
二十六个,1
二十倍,1
二十七岁,1
二十七,1
二十一岁,1
二人,1
二个,1
分阶段,1
五十万,1
分送,1
出境,1
凭票入场,1
交通工具,1
凯尤斯,1
交纳,1
交相,1
凶恶,1
交由,1
凶手,1
交涉,1
出世,1
交来,1
出人,1
出众,1
出击,1
交战,1
出动,1
出卖灵魂,1
交家,1
出同,1
出名,1
交叉,1
交到,1
交不起,1
麻痹,1
产之,1
产人,1
麻木不仁,1
产象,1
几幅,1
产而,1
几张,1
几期,1
几本书,1
几条,1
产生误会,1
几段,1
几版,1
几章,1
产以,1
几笔,1
产在,1
几行,1
几起,1
几间,1
产品数量,1
凡尔赛,1
产品价格,1
产同,1
产即,1
出国,1
出处,1
分较,1
出月,1
五条,1
五月份,1
五户,1
五强,1
分娩,1
分守己,1
分封,1
分崩离析,1
五小时,1
分布,1
分庭抗礼,1
五大,1
分担,1
分摊,1
分支,1
五卷,1
分晓,1
分析表明,1
分派,1
五千,1
分立,1
分类法,1
五十名,1
分享,1
分三,1
出让,1
出爱,1
出版事业,1
出生率,1
亚述,1
出由,1
出笼,1
出类拔萃,1
亚州,1
出纳处,1
亚去,1
五里雾中,1
五百万,1
五篇,1
出走,1
出较,1
出过,1
出面,1
五百户,1
击剑,1
五百多,1
六分之一,1
仍能,1
同一时间,1
魅力,1
魁奈到,1
信上,1
会为,1
信中攻,1
信人,1
信以,1
鲁普斯,1
优雅,1
信口雌黄,1
信奉宗教,1
优秀分子,1
信奉者,1
信守诺言,1
优秀,1
优礼,1
优惠,1
信由,1
信神,1
信说,1
优先,1
众望所归,1
会作,1
保荐,1
价物,1
保管,1
会长,1
会起,1
会试,1
会议厅,1
俄军,1
俊秀,1
会者,1
俘获,1
俘虏,1
会派,1
会极,1
保住,1
会徽,1
会应,1
保养,1
会因,1
会合,1
保护权,1
保护法,1
保护者,1
会务,1
保持原状,1
修正案,1
众中,1
修筑,1
修筑道路,1
债权,1
仿造,1
仿者,1
倾吐,1
倾听,1
倾家,1
倾注,1
倾盆大雨,1
倾诉,1
倾轧,1
假冒,1
任期,1
假意,1
假消息,1
任性,1
假若,1
假设,1
任其发展,1
偏狭,1
任何理由,1
偏颇,1
伉俪,1
债人,1
伊勒,1
倒霉,1
修身,1
修造,1
修道士,1
修饰,1
俾尔,1
倍增,1
倒塌,1
倒成,1
倒闭,1
倔强,1
借钱,1
候选人,1
伊韦尔,1
伊阔,1
借债,1
伊玛目,1
伊朗,1
借据,1
借款,1
借此机会,1
借着,1
会非,1
促其,1
佩剑,1
位者,1
余地,1
余款,1
但物,1
佛罗,1
但求,1
作下,1
作业,1
作于,1
作何解释,1
佃户,1
作抵,1
作新,1
作物,1
作界,1
作祭,1
作答,1
似地,1
作者姓名,1
作过,1
作风,1
佝偻,1
佣人,1
何物,1
何济,1
低下,1
体制改革,1
住址,1
低首下心,1
住宿,1
低质量,1
低能,1
低廉,1
佐译,1
低工资,1
体会,1
体住,1
体是,1
何在,1
低头,1
低声,1
鱼类,1
低劣,1
体统,1
体育,1
体面地,1
体验,1
何一人,1
低于正常,1
佩埃恩,1
便成,1
佩尔,1
伦理学,1
伦巴第,1
依恋,1
伤透,1
依照,1
伤脑筋,1
伤害,1
依赖性,1
传闻,1
依靠人民,1
传略,1
传教,1
传播者,1
侮辱性,1
侵害,1
传到,1
传出,1
侵略战争,1
传入,1
便会,1
便利,1
供自,1
供职,1
供求,1
使类,1
佯装,1
佳偶,1
伯茨,1
使劲,1
使受,1
使孩,1
使害,1
伯恩,1
伯什,1
使自,1
伪善性,1
伪造者,1
使起,1
使运,1
魏德尼茨,1
例行,1
例证,1
供其,1
供出,1
供奉,1
伪善者,1
价贵,1
价格低,1
他发,1
他具,1
全会,1
全体人员,1
全体会议,1
全公社,1
他任,1
全力以赴,1
鸽子,1
全国性,1
全地,1
他于,1
全工,1
全权处理,1
鸿沟,1
全烂,1
全盘,1
全盟,1
全知,1
全社,1
全神贯注,1
全能,1
仓惶,1
他决,1
全世,1
做好,1
入股,1
克雷门斯,1
免不了,1
他时,1
免缴,1
免职,1
免遭,1
兑换,1
兑现,1
他放,1
他成,1
他愿,1
他希,1
党组织,1
党领,1
兜风,1
入伍,1
他少,1
入会,1
他家,1
入大,1
入睡,1
他害,1
他国,1
全靠,1
从那时起,1
八世纪,1
从根本上,1
公共建筑,1
从未见过,1
公共财产,1
从早到晚,1
公室,1
公开场合,1
从宽处理,1
从宽,1
公断,1
从头到脚,1
从头,1
从土,1
公然,1
从价,1
公理会,1
公益,1
高高在上,1
公约,1
公证,1
公诸于众,1
公道,1
公道话,1
公公,1
从此,1
公元,1
从经,1
八个,1
从这一点,1
从西,1
从萨伊,1
八十个,1
鸿运,1
八十年,1
八开本,1
八旬,1
八月,1
从纯,1
公债券,1
八次,1
八点,1
八百,1
八百个,1
从牢,1
公之于众,1
公事包,1
从法,1
公余,1
从此以后,1
他漠,1
克莱尔,1
克版,1
儿媳妇,1
以期,1
偷猎,1
以新,1
以多,1
以力服人,1
鲸油,1
以利,1
偷走,1
偿债,1
以创,1
鬼花招,1
储备粮,1
储存,1
储蓄所,1
储金会,1
傲慢无礼,1
以充,1
僧侣主义,1
以优,1
儿女,1
以物,1
偶性,1
以能,1
做成,1
做时,1
做活,1
价廉,1
鲍威,1
做生意,1
仰慕者,1
做礼拜,1
做过,1
偶像,1
停下来,1
停业,1
停尸房,1
仪容,1
停战协定,1
以非,1
以避,1
停过工,1
健全,1
健康人,1
儿媳,1
他答,1
元老,1
鬓发,1
先知,1
代付,1
先考,1
先辈,1
代人,1
光供,1
光天化日,1
代为,1
付钱,1
付诸实行,1
光秃秃,1
光线,1
光芒,1
付诸,1
光采,1
光顾,1
付之一笑,1
他费,1
他象,1
他读,1
他认,1
先期,1
先是,1
代名词,1
充沛,1
充分准备,1
充分发挥,1
以下内容,1
充分说明,1
以一国,1
令人鼓舞,1
令人震惊,1
令人气愤,1
代理,1
令人恼火,1
充裕,1
先下手,1
代表者,1
代表作,1
先后,1
鸡皮,1
先头部队,1
利沃诺,1
事务时,1
高墙,1
专著,1
专有,1
专区,1
反常情况,1
专制政府,1
专制政体,1
专函,1
反感,1
反抗者,1
专业,1
反拿破,1
反攻,1
反政,1
丑陋,1
反衬,1
发中,1
发光,1
发动,1
发号,1
发号施,1
发善心,1
骑兵团,1
发展前途,1
专栏,1
反国,1
不言,1
反响,1
业中,1
业上,1
双亲,1
世道,1
双倍,1
双关语,1
世袭,1
双双,1
双料,1
世界观,1
世界舞台,1
双臂,1
世界各地,1
反三,1
反作用,1
反俄,1
世故,1
世人,1
世上,1
反动势力,1
且举,1
专题,1
反动派,1
与我无关,1
发并,1
发怨言,1
与否,1
不足取,1
取决,1
取回,1
不起作用,1
不费,1
取暖,1
不负,1
不说,1
取水,1
不详,1
取笑,1
取缔,1
取胜,1
骄矜,1
受伤,1
不诚实,1
不设,1
受到破坏,1
不讲情面,1
受到限制,1
受区部,1
不计其数,1
受压迫,1
不逊于,1
发问,1
不遗余力,1
发狂,1
发扬,1
发扬光大,1
发掘,1
发放,1
发明专利,1
发明人,1
发明创造,1
发明家,1
发源地,1
发热,1
与世隔绝,1
发起者,1
默契,1
不高,1
发芽,1
验在,1
不露,1
不难,1
不长,1
不错,1
发财致富,1
发起,1
友善,1
友人,1
业同,1
两岛,1
卷所载,1
卷进,1
卷集,1
厂房,1
两百,1
两片,1
两栏,1
厄格尔,1
厅长,1
骗走,1
两枪,1
历史主义,1
历尽,1
历数,1
历来,1
两条,1
两本书,1
压下去,1
压伤,1
两期,1
压倒,1
两旁,1
两所,1
卷所作,1
卷上,1
却象,1
两重性,1
即劳,1
两页,1
即历,1
即受,1
两院制,1
即地,1
即奢,1
即定,1
即宫,1
即将来临,1
却批,1
即布,1
即席,1
即无眼,1
两股,1
即水,1
即沙尔,1
即生,1
即资,1
即间,1
却会,1
压弯,1
压成,1
业品,1
压榨,1
厨师,1
厮杀,1
去世,1
去势,1
去向,1
去工,1
丝织,1
去掉,1
参予,1
黑衣,1
东海岸,1
东头,1
参政,1
东北方向,1
参照,1
业者,1
参考,1
参考书目,1
骑着马,1
业界,1
业所,1
及能,1
及萨伊,1
原野,1
原话,1
原罪,1
厕所,1
压者,1
两天,1
两大,1
厌世,1
两处,1
两周,1
厌弃,1
厌恶,1
两名,1
两台,1
两句,1
原状,1
两千万,1
两倍,1
厘米,1
原件,1
原则上,1
原初,1
两人,1
黑色,1
两三件,1
两三个,1
不言自明,1
受尽,1
利物浦,1
可行,1
可说是,1
可通,1
不快,1
可靠性,1
叱骂,1
不忍,1
不得已,1
史地,1
史批,1
史诗,1
右派,1
右边,1
右面,1
叶哥尔,1
叶所,1
不属,1
不屑于,1
驳得,1
不小,1
叹息,1
可观,1
可疑分子,1
受惠,1
可用,1
召回,1
不明真相,1
不明智,1
不明,1
不时,1
不施,1
可供,1
可卖,1
可厌,1
可告,1
可图,1
可干,1
不收,1
不拿地,1
不批,1
不扰,1
可恨,1
可惜,1
不成比例,1
不成,1
不慎,1
不愿象,1
不愧为,1
吃不上,1
吃些,1
吃人肉,1
不学无术,1
不善,1
不听话,1
不含糊,1
各郡,1
不合理,1
不合,1
合众国,1
不可自拔,1
不可磨灭,1
不可救药,1
合力,1
不可思议,1
不可否认,1
合法化,1
不可估量,1
吉普赛,1
不厌其烦,1
不单单是,1
不动声色,1
同一天,1
不动,1
同一性,1
不出所料,1
不在意,1
各栏,1
各族人民,1
不太忠,1
不妨,1
不妥,1
吃喝,1
不妙,1
各一人,1
各不相,1
不失为,1
不失,1
各个领域,1
各人,1
各位,1
不增,1
不太多,1
不大有,1
不多见,1
各处,1
各奔东西,1
不多,1
各家各户,1
各工种,1
各式各样,1
各支,1
召募,1
召到,1
召他,1
不穷,1
默默地,1
不胜,1
骄横,1
叙利亚,1
叙谈,1
不约而同,1
叛变,1
叛国,1
不管是谁,1
叛第,1
叛逃者,1
口中,1
口令,1
口供,1
不管怎么,1
口味,1
口头禅,1
口实,1
口才,1
口是心非,1
口气,1
口粮,1
变形,1
变富,1
变宽,1
受苦,1
不规则,1
受折磨,1
受挫,1
不见,1
受损害,1
受益,1
不良影响,1
受私,1
受群,1
不良,1
受苦受难,1
变化无穷,1
受辱,1
受限制,1
受难者,1
受雇,1
受骗者,1
不致于,1
不至于,1
变了样,1
不自在,1
不能不,1
不算,1
古代人,1
不禁,1
只得,1
只成,1
驾御,1
只来,1
只羊,1
只能靠,1
驻守,1
只谈后,1
只配,1
不注,1
只靠,1
只须,1
只顾,1
不比,1
叫喊,1
叫嚣,1
不来,1
叫嚷声,1
叫声,1
不服,1
叫骂,1
只展,1
只字未提,1
只字,1
古罗马,1
古体诗,1
不破,1
古利,1
古埃及,1
古宫,1
古巴,1
不知羞耻,1
不知所措,1
古怪,1
古拉,1
不相往来,1
不涉,1
骄傲起来,1
不甚了解,1
只为,1
只付,1
只作,1
只值,1
不满情绪,1
不清,1
只准,1
只同,1
即便,1
严厉批评,1
严密,1
之虞,1
之花,1
之用,1
加深,1
加特,1
之物,1
加紧,1
加纳,1
加迪斯,1
之源,1
之气,1
之死,1
加里宁格勒,1
务必,1
劣等货,1
劣迹,1
之机,1
动之以情,1
之差,1
之少,1
之子,1
动人心弦,1
动以,1
之好,1
加年,1
之计,1
严寒,1
加卢,1
乐会,1
力浦,1
力浦死,1
劝阻,1
办公,1
办公室,1
办妥,1
乍一看,1
办起,1
功利,1
乌默,1
功名,1
功大,1
加会,1
乌尔,1
乌克兰,1
加倍努力,1
之返,1
加利亚,1
加到,1
之辈,1
之大,1
动员,1
动才,1
之处,1
劳心,1
劳省,1
义是,1
劳累,1
义才,1
劳苦,1
劳蒂埃尔,1
势均力敌,1
势必会,1
举起,1
举行宴会,1
举着,1
举止大方,1
勃然大怒,1
勇士,1
举叉,1
举动,1
举办,1
主题,1
勒瓦,1
勒瓦瑟尔,1
主谋,1
劳动部,1
黎人,1
劳动生产率,1
动身前往,1
动来,1
之士,1
动物界,1
之四,1
动荡不安,1
之名,1
之别,1
之初,1
动装,1
动越,1
助于,1
之三,1
助手,1
之余,1
助长,1
努力实现,1
之事,1
劳伦斯,1
之久,1
劳动所得,1
乐善好施,1
力想,1
力地,1
书刊,1
到象,1
了如指掌,1
黄黄的,1
乱七八糟,1
买者,1
制宪会议,1
制成,1
买得起,1
买卖双方,1
制砖,1
制订,1
制造者,1
制陶,1
制革,1
买不起,1
书要,1
书斋,1
书店,1
书名,1
书卖,1
争个,1
到施,1
到斯,1
别列坞,1
事关,1
利率,1
事会,1
利益一致,1
利者,1
利耶,1
利蒂,1
利都,1
争购,1
高势,1
别利伯爵,1
到文,1
别去,1
别处,1
争权,1
争斗,1
别无长物,1
别比人,1
争所,1
别种,1
别致,1
到手,1
刺地,1
书作,1
力不胜任,1
刺客,1
乞灵,1
乞求,1
前述,1
九封,1
剧中,1
九头,1
九十九个,1
剧场,1
九十,1
剧情,1
乘马,1
乘风破浪,1
乖戾,1
剩余价值,1
乐队,1
副本,1
割成,1
乐观,1
乐祸,1
前辈,1
前罗,1
前注,1
前几次,1
刺绣,1
刻划,1
刽子,1
书一,1
乡间,1
乡绅,1
削者,1
乡村,1
前不久,1
前任,1
前列,1
前法,1
前加,1
前同,1
习染,1
习惯于,1
前哨,1
前夕,1
前少,1
习性,1
前所未闻,1
前期,1
勒鲁,1
勤俭节约,1
勤勉,1
中包,1
单人,1
中彩者,1
中建,1
单利,1
单单,1
中存,1
单地,1
单数,1
单方,1
中央集权,1
中央政府,1
单是,1
中多,1
单纯化,1
单间,1
中和运,1
单靠,1
中向,1
中同,1
卖不出去,1
中受,1
卖价,1
卖力,1
中得,1
中心点,1
中成,1
协同动作,1
中转,1
中起,1
半裸,1
中谈,1
中看,1
中狄坦神,1
协会主席,1
中止,1
协力,1
中来,1
中摘,1
卓著,1
中招,1
协调一致,1
卑视,1
中所持,1
中所宣,1
中所存,1
卑躬屈膝,1
卑鄙无耻,1
卑鄙龌龊,1
卖弄风情,1
中加,1
中过,1
卖身,1
个人住房,1
卧病在床,1
卫国,1
卫报,1
卫生,1
卫队,1
印为,1
印刷品,1
丧生,1
丧气,1
丧尽天良,1
印第安纳州,1
印花布,1
印记,1
严重不足,1
印象,1
危及,1
严酷,1
危急,1
严格说来,1
危险性,1
严惩,1
个人利益,1
个人消费,1
卡马,1
博尔,1
中则,1
南北极,1
南极,1
中共中央,1
南海,1
中使,1
中作些,1
中作,1
中以,1
博伊姆勒为,1
中人,1
个头,1
中举,1
黑暗时代,1
个震,1
个象,1
博物,1
占便宜,1
骨骼,1
占用,1
占领者,1
骨气,1
半截,1
半后,1
主讲人,1
为名,1
区区,1
区去,1
区部同,1
区部辖有,1
为题,1
医治,1
为资,1
为神,1
为社,1
医疗,1
为物,1
为消,1
为根,1
为异,1
十七万,1
为工,1
为害,1
为头,1
十三个,1
十九,1
为基,1
为国争光,1
十二万,1
主们,1
主体性,1
区为,1
匈奴,1
主观主义,1
勾销,1
勿施于人,1
黎巴嫩,1
包办,1
主正同,1
包商,1
包围,1
主日,1
匆匆,1
化和人化,1
匹敌,1
化学,1
化学家,1
化装舞会,1
北安,1
主导作用,1
北部,1
主办,1
匹兹,1
主力,1
十二个,1
十二家,1
半价,1
十五,1
十四年,1
十天,1
临死,1
十字架,1
十小时,1
串通,1
丰硕,1
丰盛,1
丰功伟绩,1
十章,1
千万,1
千万别,1
千个,1
千倍,1
千名,1
千差万别,1
中长,1
千辛万苦,1
升入,1
升降,1
半个,1
半个世纪,1
十四天,1
十四个,1
临终,1
为何,1
十五世纪,1
为原,1
十五个,1
十五天,1
为利,1
十亿,1
为分,1
十余年,1
十全十美,1
十八万,1
十八个,1
十分钟,1
黑夜,1
十六个,1
为主,1
为个,1
黑心,1
丹麦,1
高为,1
十分之一,1
十分必要,1
丹成,1
中正,1
难驾驭,1
塞纳河,1
第十九,1
第十三条,1
第十三个,1
第十七条,1
第十七个,1
第十一条,1
第十一个,1
第十一,1
第十,1
第几次,1
第六条,1
第八条,1
第八个,1
第五条,1
第五册,1
第二点,1
第十个,1
第十九条,1
第二年,1
第十二个,1
第四章,1
第四条,1
第四场,1
第四册,1
第和苏,1
第十条,1
第十四,1
第十六条,1
第十六个,1
第十八条,1
第十八个,1
第十八,1
第十五条,1
第十五,1
第十二条,1
第二条,1
第二层,1
第时,1
第三层,1
第三卷,1
第三十条,1
第三十四条,1
第三十六条,1
第三十五条,1
第三十二条,1
第三十三条,1
第三十一条,1
第三位,1
第三份,1
第七级,1
第七次,1
第七条,1
第七个,1
第一页,1
第三场,1
第三种,1
第二处,1
第九,1
第二十条,1
第二十四条,1
第二十六章,1
第二十六条,1
第二十八条,1
第二十五条,1
第二十二条,1
第二十二,1
第二十九条,1
第二十三条,1
第二十七条,1
第二十,1
第二位,1
第二代,1
第九个,1
第在,1
笼罩,1
脱粒机,1
粗略地,1
粗放,1
粗工,1
粗制滥造,1
粗俗,1
粉碎,1
粉刷,1
类生,1
类来,1
类存,1
类同,1
米斯,1
米尔,1
米兰,1
篱笆,1
篡夺者,1
粗浅,1
粘竿,1
篇章,1
粪土,1
精辟,1
精耕细作,1
精神食粮,1
精神状态,1
精神焕发,1
精神力量,1
精疲力尽,1
精明能干,1
精挑细选,1
精打细算,1
精打细,1
精彩,1
精巧,1
精光,1
篡夺,1
篇名,1
笼罩着,1
筹划,1
筵席,1
答道,1
答词,1
答案,1
筑起,1
筑物,1
筑堤,1
等量齐观,1
等级制,1
靠拢,1
等价,1
等于零,1
靠着,1
筹备,1
签定,1
管道,1
管理人员,1
管束,1
管员,1
算账,1
算盘,1
算写,1
算入,1
算作,1
算了,1
简练,1
简单扼要,1
简便,1
签订合同,1
签署,1
第一百个,1
第一版,1
第一点,1
科技知识,1
科尼,1
科学研究,1
科学界,1
科学普及,1
科学发明,1
面上,1
科夫,1
科伦大,1
科伦去,1
科伦人,1
种非,1
种种原因,1
种得,1
种令,1
秉赋,1
科尼斯,1
私造,1
秘密文件,1
秽语,1
移入,1
称颂,1
称得上,1
称帝,1
积雪,1
积极支持,1
积极意义,1
积极性,1
积存,1
租赁,1
租给,1
租佃,1
秘鲁,1
秘而不宣,1
秉性,1
私通,1
第一流,1
神论者,1
神经,1
神秘莫测,1
神秘化,1
神殿,1
神思恍惚,1
神圣化,1
神化,1
神力,1
神仙,1
祈祷文,1
祈祷,1
社者,1
社特,1
社是,1
社会阶层,1
神经错乱,1
票去,1
私自,1
票据,1
私人关系,1
离职,1
离经叛道,1
离盟者,1
离散,1
离不了,1
福克纳,1
禁闭,1
禁苑,1
禀赋,1
祸福,1
祭祀,1
祭礼,1
票证,1
稀奇古怪,1
稀少,1
程序,1
笃信,1
竣工,1
章载,1
章派,1
章中,1
竟有,1
竟拒,1
竟到,1
竞争力,1
站住,1
立面,1
立足于,1
立而,1
立法权,1
立法机构,1
立异,1
笑声,1
程式,1
笑话,1
第一条,1
第一本,1
第一批,1
第一手,1
第一性,1
第一张,1
第一年,1
第一处,1
第一任,1
符咒,1
笔调,1
笔墨,1
笔下,1
立叶派,1
立为,1
窥伺,1
穴居,1
穆罕默德,1
穆东,1
稿件,1
稽戏,1
稽之谈,1
税是,1
税吏,1
稍后,1
稍加,1
稍事,1
穷国,1
空余,1
穿着,1
窘境,1
窃贼,1
突尼斯,1
穿越,1
穿衣,1
穿戴整齐,1
空前,1
空额,1
空谈家,1
空论,1
空碟,1
空盘,1
空洞无物,1
精通业务,1
精通法律,1
精采,1
考尔,1
老调,1
老老实实,1
老矿,1
老生常谈,1
老朽,1
老朋友,1
老战士,1
老弟,1
老年人,1
老师,1
老家,1
老克,1
老于世故,1
老一辈,1
翻阅,1
考门,1
翻译者,1
考验,1
而致,1
而类,1
而生,1
而消,1
而时,1
而斗,1
而成,1
而外,1
而同,1
而取,1
而加,1
而出,1
而人同,1
非历,1
非官方,1
翻过,1
翻译成,1
罗尔,1
美因,1
羊皮纸,1
羊圈,1
置身于,1
置备,1
置之不理,1
罪过,1
罪状,1
罢官,1
罚金,1
罗马教皇,1
罗蒂,1
罗耳,1
罗曼蒂克,1
罗所,1
美味,1
美因河,1
翻译家,1
美术,1
翻印,1
翻一,1
群氓,1
群众组织,1
群众性,1
羞颜,1
羞辱,1
羞耻感,1
羞耻,1
羞愧,1
羞怯,1
羞得,1
美貌,1
美满婚姻,1
美满,1
而资,1
耍点,1
耕地面积,1
能以,1
胡为,1
胜过,1
胜诉,1
胜数,1
背道而驰,1
背后,1
背叛者,1
胆敢,1
肺结核,1
肯宁顿,1
肩胛骨,1
肥缺,1
能于,1
能制,1
耕畜,1
能办,1
脚镣手铐,1
脚跟,1
脚下,1
脑筋,1
脊梁,1
能预卜,1
能过,1
能要,1
能用,1
能性,1
能寄到,1
肥皂,1
肥猪,1
肥料,1
联合王国,1
联军,1
职能,1
职权范围,1
职员,1
聆听,1
耽于,1
耸肩,1
耸耸肩,1
耶路撒冷,1
耶稣会,1
耶夫勒,1
耶利米,1
耳目,1
耗尽,1
联想,1
联贯,1
联邦制,1
肉眼,1
肤浅,1
肢解,1
股份公司,1
肝脏,1
肚子痛,1
聚在一起,1
肆虐,1
肆意,1
肃清,1
聪明人,1
聚敛,1
罗尼,1
罗伯尔,1
系住,1
纺工,1
纸要,1
纸牌,1
纷繁复杂,1
纷争,1
纵队,1
纵欲,1
纵容,1
纳贡,1
纳等,1
纳税人,1
纳来,1
纳尔,1
纳到,1
纳入,1
纲纪,1
纺出,1
纺纱机,1
纱线,1
纺织,1
经为,1
终身,1
终结,1
终局,1
终将,1
织物,1
细腻,1
细木,1
细密,1
组合,1
纽施,1
纺车,1
纺织厂,1
罗仑兹,1
累本,1
紧闭,1
紧缩,1
紧接着,1
紧急情况,1
紧急任务,1
紧急,1
索尔,1
索回,1
素质,1
素中,1
素不相识,1
系统,1
系紧,1
系是,1
累克辛顿,1
累进税,1
纯种,1
絮絮叨叨,1
纯朴,1
纯批,1
纪念品,1
纪念会,1
纪律,1
纪埃,1
纨F子弟,1
约略,1
约束力,1
纤细,1
红霞,1
红衣,1
繁荣昌盛,1
繁殖,1
经久,1
经售,1
经在,1
编排,1
缅怀,1
缄默,1
绿洲,1
绿头,1
综上所述,1
绵延不断,1
维持费,1
维持现状,1
维干德于,1
维干,1
维利希,1
维修,1
绰号,1
编入,1
非常低,1
经常出现,1
编者的话,1
罕见,1
缺货,1
缺粮,1
缺损,1
缺乏经验,1
缩小,1
缩减到,1
缠住,1
缠不清,1
缝工,1
缚住,1
编译局,1
继重,1
继而,1
继续执行,1
继承权,1
结结巴巴,1
结算,1
结社自由,1
结社,1
结成,1
结出,1
结了婚,1
经验主义,1
经营者,1
经纪人,1
经由,1
经济落后,1
经济封锁,1
经常性,1
结起来,1
结队,1
继之,1
统计调查,1
统治集团,1
统治权,1
非常少,1
绞刑架,1
绝非,1
给予同情,1
绝路,1
绝对性,1
绝不能,1
绚丽,1
给人以,1
社会福利,1
社会学,1
社会存在,1
狂欢节,1
狂妄自大,1
狂人,1
犹如,1
犹太,1
犯有罪行,1
犯有,1
犯了罪,1
特雷,1
特里,1
特色,1
特登,1
特留,1
特此,1
狂怒,1
狄坦神,1
特意,1
狭窄,1
独霸,1
独身,1
独营时,1
独立战争,1
独特性,1
独标,1
独到见解,1
独享,1
独一无二,1
狡猾地,1
狠狠,1
狠揍,1
特曼,1
特廖姆,1
爱戴,1
韦尔以,1
物体,1
物件,1
牧羊犬,1
牧民,1
牧养,1
牛头,1
牛传,1
版图,1
片面性,1
父辈,1
父母亲,1
父子,1
爵位,1
爱抚,1
物作,1
物才,1
特大,1
物物,1
特勒斯,1
特别税,1
特别强调,1
特伐里亚,1
特人,1
牵连,1
牵着,1
牵挂,1
牵强,1
牵出来,1
牲品,1
物质力量,1
物质利益,1
物理学家,1
狭隘性,1
狮子,1
琐细,1
理想主义,1
理会,1
球场,1
珠宝,1
珍本,1
珍惜,1
珍妮,1
珍品,1
玻璃门,1
现行制度,1
现给,1
现混,1
现正,1
琐碎,1
瑞典人,1
狱中,1
瑞典语,1
生产量,1
生产费,1
甜头,1
甘愿,1
甘心,1
甘冒,1
瓦龙族,1
瓦译,1
瓦特,1
瓦工,1
瑰丽,1
瑟尔,1
瑞士联邦,1
靴子,1
现政府,1
现成,1
现得,1
现将,1
率直,1
献殷勤,1
献出,1
献人,1
献之于,1
猛虎,1
猛烈地,1
猛烈,1
猛抓,1
猎物,1
猎枪,1
猎捕,1
猎兵,1
狼藉,1
狼同,1
王位,1
王宫,1
王对,1
现了,1
现实斗争,1
现实主义,1
鞋店,1
鞑靼人,1
现代人,1
鞠躬,1
环顾四周,1
王权,1
玩笑,1
玩物,1
玩忽,1
玩偶,1
王路易,1
爱所,1
爱恋,1
生写,1
满腔热情,1
满腔热忱,1
满脸,1
满满的,1
满怀信心,1
满城风雨,1
满口答应,1
满口,1
满体壮,1
滚筒,1
滚开,1
滕斯,1
滔天罪行,1
滑跤,1
滑稽角色,1
满面,1
滥施,1
溺水,1
滥用权力,1
潮流,1
潜能,1
潜在力量,1
漫漫,1
漠不相关,1
演说者,1
演完,1
演奏,1
演变,1
演了,1
漏洞,1
漂洋,1
漂亮话,1
滥用职权,1
滑稽剧,1
爱尔兰人,1
温特,1
温柔,1
温暖,1
温文尔雅,1
温情脉脉,1
温床,1
温于,1
渣滓,1
渠道,1
渗透到,1
渔业,1
渐渐,1
渐地,1
渊源,1
渊博,1
港口,1
游乐,1
源源而来,1
游侠,1
源于,1
溃烂,1
湮没,1
渺茫,1
渺小,1
游说,1
游荡,1
游牧部落,1
游牧民族,1
游泳,1
游民,1
游手好闲者,1
游击,1
激发,1
激增,1
照办,1
煤气中毒,1
煤气,1
然物,1
然性,1
然它,1
然人,1
焚毁,1
焕发,1
烽火,1
热闹,1
热那亚,1
热泪,1
热水管,1
热月,1
煤气灯,1
照料,1
激进分子,1
照看,1
爱好文艺,1
爱喝,1
爱同,1
爱为,1
爱丁堡,1
爪牙,1
燃起,1
熟练工,1
熟知,1
熄灭,1
煽动,1
照耀,1
热情洋溢,1
热恋,1
热切,1
热中于,1
灵感,1
灰白色,1
灰心丧气,1
灯蛾,1
灯火辉煌,1
灯光,1
灭绝,1
火种,1
火灾,1
火枪,1
灌输,1
濒于,1
灵活,1
灵通人士,1
灾难深重,1
点缀着,1
烧毁,1
烟云,1
烛节,1
烙印,1
点破,1
灿烂,1
点燃,1
点心,1
点中,1
炮兵,1
炫耀,1
炉子,1
生儿育女,1
生即,1
社会交往,1
看清,1
看得见,1
看守,1
看前,1
面晤,1
看不起,1
看不见,1
看不出,1
看上去,1
省议会,1
省略,1
省会,1
省份,1
盼望着,1
盼望,1
相辅相成,1
看样子,1
看用,1
相识,1
看着,1
眼泪,1
眼含,1
眼光,1
眺望,1
真面目,1
真迹,1
真话,1
真行,1
面对,1
真挚,1
真心,1
真名,1
真使,1
看见,1
看管,1
相距甚远,1
相衔接,1
盟而,1
直言不讳,1
面纱,1
直成,1
直在,1
直发抖,1
盲目崇拜,1
目空,1
目睹者,1
目的论,1
目的地,1
面说,1
目录,1
目光,1
目中无人,1
盥洗室,1
直接税,1
相互了解,1
相结合,1
相互支持,1
相符,1
相矛,1
相爱,1
相提并论,1
相持不下,1
相抵,1
相悖,1
相待,1
相当可观,1
相容,1
相同之处,1
面粉,1
相关,1
相似,1
相互间,1
眼界,1
眼见,1
面容,1
砸烂,1
砸坏,1
破除迷信,1
破除,1
破费,1
破格,1
破旧,1
破坏力,1
破口大骂,1
砝码,1
砖石,1
砖模,1
研读,1
研究所,1
砸毁,1
硬币,1
着想,1
确凿无疑,1
面人,1
礼时,1
礼拜天,1
礼拜,1
示意,1
示威游行,1
示了,1
碱性,1
碰壁,1
碰上,1
碉堡,1
确定无疑,1
确地,1
研究成果,1
研究室,1
砍杀,1
矛头,1
瞑目,1
睽违,1
督阵,1
督促,1
睡觉时,1
睡梦中,1
睁大眼睛,1
着眼于,1
着眼,1
着意,1
矢口否认,1
知不知道,1
知名人士,1
短缺商品,1
矿物学,1
矿低,1
矿主,1
石灰,1
石工,1
短短,1
知己,1
短期,1
短时期,1
矫柔,1
矫揉造作,1
面孔,1
知觉,1
盥洗,1
盟外,1
革命斗争,1
由靡菲,1
由纽,1
由盟,1
由海,1
由此看来,1
由布,1
由奥,1
由外,1
由卡,1
由协,1
由八人,1
由伯蒂,1
由人来,1
由人,1
由五人,1
革厂,1
由该,1
由马尔,1
田野,1
甲作,1
畜类,1
畜力,1
留用,1
留待,1
留归,1
留下来,1
畏惧,1
畅行无阻,1
畅地,1
男男女女,1
男爵夫人,1
男校,1
男孩,1
申述,1
申请人,1
由三人,1
田地,1
盟国,1
用不上,1
生物,1
生活道路,1
生活费,1
生活状况,1
生活来源,1
生气勃勃,1
生殖,1
生死,1
生效,1
生意人,1
生就,1
生对,1
生存环境,1
生存条件,1
生命表,1
生财之道,1
用些,1
田园,1
用光,1
用锁,1
用表中,1
用爱来,1
用机,1
用星花,1
用德,1
用客,1
用处,1
用坏,1
用场,1
用土,1
用品,1
用启,1
用力,1
略作,1
略微,1
略胜一筹,1
皇权,1
皇家,1
皇冠,1
皇位,1
皆知,1
的黎波里,1
的里雅斯特,1
百货店,1
百科全书,1
百科,1
百年,1
百名,1
百分之五,1
百分之二十,1
百分之九十,1
皇族,1
皮尔派,1
略表,1
皮影戏,1
面都,1
盛行,1
盛产,1
盘问,1
盘算,1
盗走,1
盗贼,1
盗用公款,1
监牢,1
监察员,1
盎格鲁,1
皱纹,1
皮相之见,1
皮特基,1
百分之七十,1
百分,1
百万计,1
白费力气,1
病躯,1
病痛,1
病态,1
病人,1
疲惫不堪,1
疲于,1
疑难,1
疑是,1
疑心,1
疆土,1
略述,1
略进,1
痛击,1
痛恨,1
痛打,1
登记表,1
白线,1
白白地,1
白白,1
白热化,1
白干,1
登门,1
登峰造极,1
痛斥,1
癞病,1
瘦弱,1
瘟神,1
痴呆,1
痛疾,1
脱离现实,1
脱落,1
塞纳省,1
这一问,1
集在,1
还远,1
还购,1
还肯,1
还款,1
还击,1
还价,1
集结,1
近海,1
近期内,1
近四百,1
近卫军,1
近似,1
近代,1
近人,1
这一告,1
这三大,1
运送,1
这两项,1
这幢,1
这天,1
这堆,1
这后,1
这台,1
这千,1
这则,1
这六页,1
这全,1
这儿,1
这倒,1
这会儿,1
这伙,1
这事,1
集团军,1
近一年来,1
运输业,1
这张,1
过日子,1
过得,1
过工,1
过少,1
过夜,1
过后,1
过同,1
过以,1
过于,1
迅猛,1
迁走,1
迁往,1
迁入,1
达格斯坦,1
达时,1
达尔贝,1
过得去,1
过本,1
运转,1
过海,1
运河,1
运出来,1
运出,1
运入,1
迎合,1
迈着,1
迈动,1
过重,1
过迟,1
过贵,1
过贱,1
过要,1
过节,1
过自,1
过美,1
这座,1
这所,1
脱身,1
退缩,1
退却,1
退位,1
追问,1
追求幸福,1
追查,1
追兵,1
迫近,1
迫切需要,1
迫切,1
迫不得已,1
迪尔纳,1
迪尔有,1
迪南,1
退居,1
送信,1
迟延,1
送回,1
逃命,1
逃到,1
逃出去,1
逃兵,1
逃不过,1
适的,1
适时性,1
适于,1
送葬,1
送给,1
送礼,1
送来,1
送子,1
迟钝,1
这支,1
进贡,1
进步力量,1
进步事业,1
进城,1
进口商品,1
进不了,1
集体所有制,1
这边,1
这篇文,1
集体生活,1
这真,1
这看,1
这点,1
这期,1
集合起来,1
这救,1
集体所有,1
远且,1
连连,1
远大,1
连贯,1
连绵不断,1
连累,1
连接,1
连成,1
连想,1
连在一起,1
连任,1
连人,1
违犯,1
违法行为,1
违抗,1
远隔,1
远远望去,1
远征军,1
达官,1
达姆施,1
边缘,1
越界,1
越来越低,1
越接,1
越成,1
越想,1
越多地,1
越同,1
越受,1
越勇,1
越付,1
雇佣兵,1
超脱,1
超群出众,1
超群,1
超人,1
趁此,1
越深,1
越细,1
起疑心,1
越贫,1
路加福音,1
路上,1
跟上,1
距离,1
跛足,1
跌入,1
跃然纸上,1
趿拉,1
足迹,1
足为,1
越高,1
越长,1
越近,1
越轨行为,1
起见,1
起源于,1
边界,1
走得,1
走动,1
赫罗奉,1
赫时,1
赫斯写,1
赫斐斯,1
赫尔辛,1
赞赏,1
赞许,1
赝品,1
赚回,1
赚了钱,1
赖辛,1
赖德,1
赔款,1
走开,1
走投无路,1
起床,1
走来,1
起因于,1
起因,1
起哄,1
起先,1
起义者,1
起为,1
起个,1
起一,1
赶来,1
赶出,1
赶上去,1
走近,1
走过,1
走走,1
路德教,1
路旁,1
路易十六,1
辅币,1
辅助性,1
辅助,1
辅以,1
较量,1
较能,1
较肥,1
较弱,1
较差,1
载于,1
雇佣,1
轻重,1
轻率地,1
轻率,1
轻举妄动,1
辎重,1
辑学,1
路易莎,1
辑部,1
边境,1
辱骂,1
辩驳,1
辩证唯物主义,1
辩护词,1
辩护律师,1
辩地,1
辞藻,1
辛辛苦苦,1
辛劳,1
输送,1
输入,1
轰鸣,1
轮番,1
身为,1
身中,1
蹩脚,1
踱去,1
踏踏实实,1
踏板,1
踌躇满志,1
跳跃,1
跳舞厅,1
跳楼,1
跳动,1
路过,1
路标,1
身价,1
身体健康,1
身前,1
躲进,1
轮廓,1
转而,1
转来转去,1
转嫁给,1
转嫁,1
转交,1
躲到,1
身受,1
躯体,1
身染,1
身手,1
身所,1
身强力壮,1
身居高位,1
逃往,1
逃离,1
逃跑,1
闭幕,1
闪电,1
门阀,1
门铃,1
门徒,1
门庭冷落,1
门外,1
长途,1
长足,1
长者,1
长老,1
长期实践,1
长时间,1
长得,1
长度,1
长女,1
闭关,1
问一问,1
长中,1
问候,1
阅览室,1
阁楼,1
闻声,1
闹饥荒,1
闹剧,1
闹事,1
闷闷不乐,1
闵斯德,1
间隔时间,1
间隔,1
闲散,1
闲得无聊,1
闯进,1
雄辩家,1
长到,1
钢琴,1
铜像,1
铅制,1
铁蹄,1
铁石心肠,1
铁工厂,1
铁卢,1
铁制,1
钻进,1
钳制,1
钱能生,1
钱柜,1
钱时,1
钱数,1
银表,1
镰刀,1
银钱,1
镇定,1
锯木,1
错综复杂,1
锁匠,1
锁住,1
锁上,1
销路,1
铺张,1
铸铁,1
队长,1
防御,1
防范,1
随之而来,1
隆冬,1
陶醉,1
陪衬,1
陪席者,1
陪审团,1
陪审,1
险恶,1
险些,1
除掉,1
院长,1
院受,1
限制性,1
降格以求,1
降临,1
陈迹,1
随之,1
随信,1
随它,1
难过,1
难译,1
难看,1
难民,1
难怪,1
难堪,1
难以预料,1
难以达到,1
难产,1
障眼,1
隐而,1
隐含,1
随身带,1
随时随地,1
陈规,1
陈列,1
陆军,1
附页,1
阿尔蒂,1
阿尔芒,1
阿尔及尔,1
阿尔勃,1
阿尔伯,1
阿尔丰,1
阿尔,1
阻拦,1
阶级性,1
阵阵,1
阵势,1
阴谋活动,1
阴沟,1
阳萎,1
阳光,1
阿德里安,1
阿拉伯,1
阿拉伯数字,1
附加费,1
附言,1
附庸,1
附带,1
附属物,1
附属地,1
附属,1
附会,1
阿梯,1
附件,1
附上,1
阿雷,1
阿道夫,1
阿耳特,1
阿瑟,1
逃进,1
遗著,1
遗留下来,1
遗漏,1
遗忘,1
遗传病,1
遗书,1
道歉信,1
道德败坏,1
道德观念,1
道德家,1
道德品质,1
道勃,1
遏止,1
遍布,1
遍地,1
遗稿,1
遥远,1
遵从,1
那次,1
那方,1
那必,1
那就是说,1
那可真,1
那句,1
那使,1
那位,1
那会,1
邓波,1
避难,1
避而不谈,1
避而不答,1
避开,1
避一避,1
遍化,1
遇难,1
钟表匠,1
速记,1
通称,1
通情达理,1
通奸,1
通向,1
通信联系,1
通例,1
逗号,1
途中,1
逐点,1
透露,1
透不过气,1
逍遥法外,1
选译,1
选定,1
选举人,1
逝世,1
造价,1
造作,1
逼近,1
逼债,1
逼人,1
逮捕法办,1
逮捕令,1
逢场作戏,1
造船业,1
造物,1
造性,1
造币厂,1
造就,1
造孽,1
造反,1
那班,1
雅各宾派,1
那维,1
重要文件,1
重现,1
重炮,1
重演,1
重振,1
重担,1
重弹,1
重大成就,1
重大意义,1
重复使用,1
重商,1
重利,1
重农,1
重做,1
重伤,1
里销,1
重生,1
重要著作,1
那边,1
重迭,1
钟情,1
钓取,1
金额,1
金项链,1
金融贸易,1
金融公司,1
金融业务,1
金蛋,1
金属货币,1
量同,1
野里,1
野外,1
野味,1
野人,1
里用,1
里斯本,1
里教,1
里宫,1
都行,1
部长,1
部族,1
部将,1
部于,1
部下,1
郊外,1
邻舍,1
邻矿,1
邻国,1
邮寄,1
邮务,1
那间,1
鄙性,1
鄙视,1
酋长,1
酿制,1
里作,1
里佐译,1
采纳,1
采取任何,1
醒过来,1
醉心,1
酷暑,1
配下,1
酗酒,1
酒鬼,1
酒馆,1
配备,1
赐给,1
赋有,1
赊取,1
虔诚地,1
藐视,1
藏身,1
藏书,1
薰陶,1
薪俸,1
薄薄的,1
薄产,1
蓄谋,1
蒸蒸日上,1
蒙骗,1
蒙蔽,1
虚名,1
蒙昧主义,1
虚幻,1
融合,1
融化,1
融为一体,1
蝉翼,1
蜷伏,1
蜜蜂,1
蜂蜜,1
蜂房,1
蚕丝,1
蚂蚁,1
虽少,1
虽低,1
虫蛀,1
虚情,1
蒙获,1
蒂纳,1
药方,1
菲尔,1
菜肴,1
菜园,1
获释,1
获胜者,1
获悉,1
获得胜利,1
莱德,1
莱希特,1
莫非,1
莫里斯,1
莫尔日,1
莫大,1
莫克,1
荷兰人,1
菲勒,1
菲薄,1
蒂文森,1
萎靡不振,1
葡萄藤,1
葡萄牙人,1
葡商,1
著述,1
著名作家,1
著书立说,1
落彩者,1
落价,1
落之苦,1
萨莫耶,1
萨维尼,1
萨斯,1
萨伊进,1
萨伊到,1
营造,1
蠢话,1
血汗钱,1
血病,1
被遗弃,1
被誉为,1
被褥,1
被窃,1
被控,1
被抛弃了,1
被告席,1
被关,1
袖口,1
衷情,1
衷心,1
衰败,1
被释,1
裁决,1
血管,1
裁减,1
西安,1
西奥,1
西亚斯,1
裹足不前,1
裱糊,1
装饰品,1
装饰,1
装进,1
装装样子,1
装腔作势,1
装置,1
装入,1
装作,1
裁者,1
衰竭,1
衰弱,1
表面化,1
行驶,1
行进,1
行话,1
行省,1
行星,1
行文,1
行政官员,1
行市,1
行善,1
行医,1
行动者,1
霍尔,1
行使权力,1
行传,1
行不行,1
衔接起来,1
街头巷尾,1
衡量标准,1
表演,1
表达方法,1
表达出来,1
表象,1
表示遗憾,1
霍乱,1
表白,1
表决权,1
衣料,1
表中,1
补种,1
补上,1
衣角,1
衣袋,1
衣着,1
药瓶,1
药剂师,1
西方,1
自然灾害,1
霸权,1
自治权,1
自杀未遂,1
自斯,1
自救,1
自找,1
自我感觉,1
自我实现,1
自我安慰,1
自我吹嘘,1
自慰,1
自愿地,1
自封,1
自家人,1
自大狂,1
自然产,1
自然肥力,1
自在性,1
自然规律,1
自负,1
自诩,1
自行处理,1
自行决定,1
自耕农,1
自耕,1
自缢,1
自相矛盾,1
自盗,1
自白,1
自由行动,1
自由放任,1
自由党,1
自由人,1
自然辩证法,1
自大,1
自命,1
荣膺,1
腰包,1
腓尼基,1
腐鱼,1
腐蚀,1
腐烂,1
腐朽,1
腐性,1
腐化堕落,1
腐化,1
脸色铁青,1
脸去,1
脸上,1
脱销,1
腾贵,1
自吹自擂,1
自吹,1
自古以来,1
自取,1
自卫,1
自动机,1
自刎,1
自内心,1
自信,1
自供,1
自作自受,1
自以为是,1
青春,1
膝上,1
膜拜,1
露面,1
自鸣得意,1
臭不可闻,1
英国式,1
英勇,1
英伦,1
苦闷,1
苦楚,1
若无其事,1
苛捐杂税,1
苗圃,1
苏格,1
苏尔,1
苍天,1
花钱,1
花边,1
花草,1
花掉,1
英国女王,1
英国议会,1
臭名昭著,1
英爱,1
荣耀,1
荣幸,1
荡产,1
荒芜,1
荒漠,1
荒所,1
草场,1
茫然无知,1
范文,1
茂盛,1
英镑,1
英语,1
花招,1
花完,1
花园里,1
节日,1
舍夫茨别,1
舍夫茨,1
舍伐利,1
舆论界,1
舅舅,1
致象,1
致谢,1
致词,1
致爱,1
至高无上,1
至死,1
至此,1
至多是,1
霰弹,1
臭蛋,1
舍弃,1
舒服,1
艰巨,1
节中,1
艾韦,1
艺术界,1
艺术修养,1
艰苦,1
良机,1
航海,1
良方,1
船夫,1
船主,1
航运,1
航线,1
航海家,1
西德,1
西是,1
赈济,1
调集,1
调和,1
课税,1
课堂,1
课以,1
读懂,1
读完,1
读一读,1
诺说,1
诺埃尔,1
诸神,1
诸岛,1
诸如,1
请问,1
请记,1
请来,1
调来,1
谄媚者,1
说明书,1
谈一谈,1
谦虚,1
谣言,1
谢忱,1
谢利,1
谙熟,1
谋家,1
谋反,1
谋刺,1
谈自,1
谈开,1
谈吐,1
谈不上,1
说谎者,1
说德,1
话加,1
语文,1
详谈,1
详细描述,1
详细情况,1
该部,1
该社,1
该死,1
该杂,1
该市,1
该地,1
该党,1
该会,1
诡诈,1
诡秘,1
诡汁,1
诨话,1
语文学家,1
说得够,1
语无伦次,1
说完,1
说句,1
说到底,1
零钱,1
诱奸,1
诱向,1
诱取,1
诱去,1
诱入,1
诱人,1
误认,1
误刊,1
误写,1
语言学家,1
谩骂,1
谷价,1
贵买,1
贱些,1
贱买,1
贯穿,1
贮藏,1
购到,1
贬义,1
贫民窟,1
贫富,1
贪财,1
贪污,1
贩子,1
贩卖人口,1
质朴,1
质学,1
贵些,1
零售,1
贵卖,1
资财,1
资者,1
资格证,1
资格,1
资本额,1
资是,1
贿赂,1
费耳特版,1
费者,1
费品,1
贸易顺差,1
雕刻,1
贵报,1
质和量,1
质即,1
货真价实,1
货币制度,1
贝夫,1
贝利茨,1
贝克尔,1
貌似,1
象震,1
象经,1
象威,1
象大,1
象同,1
象化,1
象出,1
象人,1
谷田,1
负有,1
贡利,1
贡赋,1
雕塑家,1
账房,1
账单,1
败露,1
败类,1
败仗,1
财主,1
责他,1
财源,1
财政部长,1
财政状况,1
雨来,1
财产权,1
话题,1
诚意,1
西班,1
言明,1
触觉,1
触犯,1
触摸,1
解雇,1
解着,1
解救,1
解放运动,1
解放者,1
解得,1
解开,1
解剖学家,1
解决问题,1
角逐,1
角落里,1
言之无物,1
言论自由,1
角度,1
言语,1
订好,1
订做,1
计表,1
计算方法,1
计入,1
譬喻,1
警觉,1
警察法,1
警告,1
警句,1
警卫,1
警务,1
誊清,1
言过其实,1
角落,1
觉悟,1
诚惶诚恐,1
见证,1
见萨伊,1
见德,1
见容,1
见前,1
见下文,1
覆灭,1
要说,1
要花费,1
要用,1
需用,1
要性,1
要开,1
要小些,1
要大得,1
要塞,1
见论,1
见识,1
觉察到,1
见诸,1
觉察,1
觉到,1
视觉,1
视而不见,1
视线,1
视同儿戏,1
规蹈矩,1
规章制度,1
规律性,1
观论,1
需之数,1
观感,1
观众,1
见达,1
订有,1
订本,1
订正,1
讽刺歌曲,1
讽刺作家,1
讽刺作品,1
讽刺,1
论调,1
论是,1
论时,1
论敌,1
论战,1
论意,1
论及,1
讹诈,1
许诺,1
雷姆赛,1
许下诺言,1
讽刺性,1
讽刺画,1
订货,1
讽刺诗,1
诗韵,1
诗句,1
试从,1
词和宾,1
词不达意,1
诋毁,1
识破,1
评所作,1
评审,1
评判,1
证明书,1
零零,1
证件,1
证下,1
设立,1
讲道德,1
讲过,1
讲解员,1
讲演者,1
议与,1
训话,1
训练有素,1
训练,1
雷根斯堡,1
讨论会,1
讨价,1
讥讽,1
认输,1
认识论,1
认捐,1
认出,1
雷鸣般,1
订过,1
订购,1
议事,1
议和,1
记都,1
讲清楚,1
讲求,1
讲明,1
讲授,1
讲德,1
讲得,1
记账,1
记下,1
记本,1
记录簿,1
记录本,1
记事簿,1
记中,1
记不太清,1
清醒过来,1
清醒,1
弗拉,1
弗兰西斯,1
弗兰策,1
弗兰德,1
飞入,1
引述,1
飞快,1
引自萨伊,1
引自乔,1
引时,1
引导,1
引吭高歌,1
引力,1
引以自豪,1
引人注目,1
引不起,1
弗德,1
弟兄们,1
弓矢,1
张过,1
归属,1
强者,1
强盛,1
强烈反响,1
强烈不满,1
强求,1
强壮有力,1
强占,1
强力,1
强体,1
弱性,1
弯腰驼背,1
弯腰,1
弯曲,1
弥天大罪,1
引上,1
归来,1
开场白,1
开创,1
开入,1
开会,1
开一,1
建设性,1
建筑师,1
建筑工地,1
建立联系,1
建社,1
建有,1
廖尔耶,1
廉耻,1
廉价出售,1
康斯坦,1
开办,1
开拓,1
弑君,1
开拔,1
式样,1
弊端,1
弄错,1
弄死,1
弄到手,1
异常,1
异国,1
异化理论,1
异于,1
开门,1
开进,1
开诚相见,1
开设,1
开脱,1
开步走,1
归属于,1
归纳如下,1
清洗,1
徒劳地,1
很顺,1
很轻,1
很贵,1
很缺,1
很简,1
很穷,1
很明,1
很想,1
很坏,1
很出,1
风雅,1
征税,1
往柏,1
往来于,1
往昔,1
律即,1
徒劳无益,1
往拉绍,1
徒有其名,1
得象,1
得胜,1
得斯,1
得意扬扬,1
得意,1
得悉,1
得当,1
得尔堡,1
得势,1
得力助手,1
得到享受,1
得克萨斯,1
徒行,1
徒步,1
徒有其表,1
往日,1
往常,1
归罪于,1
当用,1
当权者,1
当心,1
当对,1
当家作主,1
当家人,1
当地人,1
当吕诺,1
当前状况,1
当众,1
当代人,1
当今社会,1
当人同,1
当人,1
飞传,1
归还给,1
当物,1
当莫尔日,1
往前走,1
当要,1
彻底解决,1
彻头彻尾,1
影子,1
彬彬有礼,1
形而上学,1
形式美,1
风雪,1
形容,1
形体,1
彗星,1
录时,1
当面,1
康克林,1
庭园,1
度日,1
希伯来,1
布莱特,1
布莱德,1
布满,1
布格,1
布机,1
布朗,1
布是,1
布局,1
布尔,1
布告,1
布匹,1
布勒,1
市政当局,1
市政局,1
餐馆,1
巴黎公社,1
希腊神话,1
帽子,1
常识,1
常用,1
常好,1
常地,1
常只,1
帮忙,1
帮凶,1
带头,1
带上来,1
帝王,1
帕德,1
帐幔,1
市场价,1
巴赫,1
度提高,1
差价,1
巨款,1
巨头,1
巨大进步,1
巨大成就,1
左面,1
左边,1
左派,1
左下角,1
工资标准,1
工资收入,1
工资制,1
工贼,1
工被,1
巨额利润,1
差强人意,1
巴蒂斯特,1
差距,1
巴甫洛,1
巴比伦,1
巴斯,1
巴尔塔,1
巴尔,1
巴塞尔,1
巴伐里亚,1
巴伐利,1
已治好,1
已成,1
已婚,1
已告,1
已为,1
己来,1
己所不欲,1
干净,1
干劲,1
干完,1
幽默,1
幼仔,1
幻觉,1
幸福生活,1
幸灾,1
幸好,1
幸免,1
并驳,1
并通,1
并进,1
并订,1
并表,1
并提,1
并成,1
广大读者,1
庄园,1
干扰,1
庄稼地,1
度后,1
废止,1
废料,1
店铺,1
底下,1
应答,1
应有尽有,1
食欲,1
应尽,1
应对,1
应城市,1
库尔,1
庇护所,1
并吞,1
并加,1
并会,1
并不认为,1
年前,1
平静下来,1
平起平坐,1
平等权利,1
平气,1
平方英里,1
平息,1
平均收入,1
平均寿命,1
平均分配,1
干过,1
干起,1
干练,1
干的事,1
干是,1
年同,1
年建,1
年春以,1
年迈,1
并不知道,1
并不比,1
食用,1
年间,1
年里,1
年郎卡,1
年纽,1
年景,1
年纪,1
年租金,1
年版,1
年海,1
年止,1
年柏,1
微簿,1
风波,1
成交,1
题时,1
戏弄,1
戏剧,1
懦夫,1
懒散,1
懂行,1
憎恶,1
慈悲为怀,1
慈善事业,1
成为泡影,1
成其为,1
愤激,1
成品,1
我存,1
我作,1
我会,1
我举,1
成败得失,1
成败,1
成百人,1
成熟性,1
成是,1
成文法,1
成批,1
成性,1
成年人,1
成年,1
成小块,1
愿使,1
惯于欺骗,1
意大利文,1
意外事故,1
意外事件,1
意味深长,1
意向,1
额上,1
愁容,1
惶惶不安,1
想象力,1
想离,1
想派,1
想必,1
想得到,1
想以,1
想不到,1
惯犯,1
意大利人,1
意念,1
愠色,1
意料不到,1
感觉得到,1
感染力,1
感染,1
感情用事,1
感恩,1
感叹,1
感化院,1
感到恐惧,1
感使,1
愚蠢地,1
愚昧无知,1
愚人,1
意谓,1
意见分歧,1
意料到,1
我必,1
我想,1
我愿,1
所谈,1
所记,1
所花,1
所练,1
所派,1
领略,1
所持,1
所拟,1
所报,1
所引,1
所应,1
所失,1
所困,1
所及,1
所办,1
所使,1
所译,1
所里,1
我生,1
手书,1
打下,1
扎尔,1
扎实,1
领导成员,1
才气,1
才干,1
手艺人,1
手臂,1
手腕,1
手脚,1
领悟,1
领情,1
手是,1
手无寸铁,1
手提箱,1
领薪,1
所付,1
所不取,1
房顶,1
或联,1
或物物,1
或法,1
或明或暗,1
或意,1
或少,1
或大或小,1
或外,1
或同,1
或伯,1
或令,1
戒严,1
我非,1
我解,1
我见,1
或误,1
或非,1
或鞋,1
戴面纱,1
房屋里,1
房屋,1
房基,1
房产,1
房东,1
户数,1
戴镣,1
战神,1
戴着,1
戴上,1
戳穿,1
截然,1
战败,1
惯例,1
惯于,1
风气,1
怎么办,1
怂恿,1
态所,1
态向,1
怀疑论,1
怀特,1
怀抱,1
怀孕,1
快要,1
快快,1
快得多,1
忧郁症,1
忧心忡忡,1
忧伤,1
怒不可遏,1
忠诚可靠,1
怕难为情,1
性是,1
性对,1
性倒,1
性中,1
怦怦,1
急难,1
急于,1
怠惰,1
思过,1
颠倒黑白,1
思对,1
思及,1
思利,1
思从,1
颤抖,1
忠顺,1
忠心,1
惬意,1
心术不正,1
心惊胆战,1
心思,1
心怀不满,1
心怀,1
心安理得,1
心如刀,1
心坎,1
德鲁,1
德意,1
德尼,1
德封,1
德奥,1
德国法,1
德国式,1
德国大众,1
心意,1
心烦,1
忠于,1
心理因素,1
忘恩负义,1
忘怀,1
志愿,1
忍饥挨饿,1
忍耐,1
忍住,1
必要条件,1
风度,1
必不可缺,1
必不可少,1
心里不安,1
心肝,1
心绪,1
性有,1
怨气,1
怪味,1
情报员,1
情夫,1
情同手足,1
情势,1
额外开支,1
悼念,1
悲观失望,1
悲天悯,1
悲哀,1
悲叹,1
悬崖,1
悦耳,1
悠闲,1
悄然离去,1
悄悄,1
恼火,1
情愿,1
情操,1
怪异,1
情是,1
惩罚性,1
惨败,1
惧怕,1
惋惜,1
惊愕,1
惊心动魄,1
惊异,1
惊叹,1
情面,1
情郎,1
情绪低落,1
情沉下,1
恼恨,1
恼人,1
恶魔,1
恶言,1
总起来说,1
总计,1
总要,1
总而,1
总统,1
总算,1
总的说,1
总有一天,1
总收入,1
总供给,1
总价值,1
怪诞,1
怪想,1
怪影,1
总长,1
总需求,1
恭维,1
恶种,1
恶疮,1
恰成,1
恰恰相反,1
息怒,1
恭顺,1
恪守,1
恩用,1
额外负担,1
恩斯特,1
恩学点,1
恣意妄为,1
恢复过来,1
工联,1
工程,1
工的母,1
好多,1
好几百年,1
好几件,1
好几个,1
好似,1
好事,1
她助,1
马佐,1
奸诈,1
奸计,1
奸夫,1
奸商,1
奶牛,1
奴隶主,1
女眷,1
女皇,1
好和加,1
好好先生,1
女婿,1
好心,1
妄加,1
如鱼得水,1
如醉如痴,1
如犁,1
如此等等,1
如期,1
如数归还,1
如上所述,1
好逸恶劳,1
好运气,1
好转,1
好看,1
好极了,1
好心肠,1
好心人,1
女校,1
女士,1
夸夸其谈,1
奔跑,1
奋起,1
奉行,1
奉献,1
奈斯,1
奇闻,1
奇货可居,1
奇特,1
奇效,1
奇才,1
夺目,1
夺得,1
夺回来,1
夹杂着,1
奔赴,1
奖励,1
女修道院,1
套上,1
女作家,1
女作,1
奥邦,1
奥诺莱,1
奥林帕斯,1
奥帕格,1
奥妙,1
奥多尔,1
奢求,1
奢望,1
奢华,1
奢侈浪费,1
奢侈品,1
妄图,1
妄自尊大,1
学再,1
学一,1
首要,1
季度,1
季不在,1
孟加拉,1
存款人,1
存款,1
存有,1
存心,1
首都,1
存亡,1
字面,1
字母,1
学从,1
学到,1
妇女地位,1
学店,1
它加,1
它分,1
它于,1
宁要,1
宁肯,1
宁可,1
孰是孰非,1
学鞋,1
学都,1
学识,1
学用,1
学术研究,1
学术团体,1
学无,1
学所,1
字句,1
孔德为,1
子订,1
威尔斯,1
威严,1
姿态,1
香料,1
委任,1
姓氏,1
姑且,1
始终一贯,1
始人,1
妹夫,1
妥当,1
妙论,1
妇女解放,1
威尼斯,1
威斯,1
威武,1
子上,1
嫡子,1
嫌疑,1
媾和,1
媒介物,1
婢女,1
娇美,1
婚礼服,1
婚法,1
婚床,1
婚后,1
娱乐性,1
娇艳,1
夸脱,1
夸大其词,1
它治好,1
多妙,1
多大,1
多多益善,1
多久,1
多为,1
多一点,1
多一些,1
外面,1
外行人,1
外科医生,1
外甥女,1
外流,1
外汇行市,1
外文,1
外地,1
马其顿,1
多大实,1
多山,1
外交部长,1
多幕,1
大丰收,1
夜幕沉沉,1
夜幕,1
多谈,1
多读,1
多种,1
多灾多难,1
多样性,1
多朗,1
多月,1
多新,1
多得多,1
多得,1
多年,1
多幢,1
外出,1
外交活动,1
夸大,1
壮年时期,1
士气,1
士乔,1
墨西,1
墨渍,1
墨水,1
增长额,1
马力,1
增无已,1
增加额,1
马厩,1
增值,1
墓碑,1
填补,1
壮士,1
声名狼藉,1
外交人员,1
声带,1
夏绿蒂,1
夏末,1
复苏,1
复活,1
复是,1
复原,1
复制,1
复位,1
备忘录,1
备办,1
处身,1
处死,1
处方,1
声望,1
声明书,1
大人,1
大人先生,1
大人物,1
太厚,1
天鹅绒,1
天长,1
天赐,1
天花乱坠,1
天空,1
天神,1
天灾,1
天文学家,1
天地,1
天主教会,1
天下,1
天一亮,1
大骂,1
大马士革,1
大革命,1
太久,1
太多,1
大会决议,1
太大,1
头颅,1
头痛,1
头号,1
头台,1
失足,1
失算,1
失措,1
失掉,1
失意,1
失去人性,1
失事,1
夫斯基,1
夫妻,1
太阳神,1
太教,1
大院,1
大门口,1
大逆不道,1
大论,1
大房子,1
大张,1
大学教授,1
大学城,1
大声疾呼,1
大城,1
大嚷,1
大吵大闹,1
大吃一惊,1
大发议论,1
大力,1
大制,1
大到,1
大作,1
大体上,1
大掠,1
大放异彩,1
大无畏,1
大略,1
大致,1
大肆宣传,1
大笔,1
大笑,1
大程,1
大登,1
大用处,1
大本营,1
大片,1
大炮,1
大火,1
大洋彼岸,1
大法官,1
大杂烩,1
它成,1
它现,1
工时,1
尔腾堡,1
尔巴,1
尔卡,1
尔兰式,1
尔克,1
少谈,1
少见,1
少画,1
少爱,1
少校,1
少本应,1
少时,1
少数几位,1
少尉,1
少唱,1
少些,1
尔根,1
尔良派,1
少买,1
尔虞我诈,1
就可以看,1
就会象,1
尤斯图,1
尤斯,1
尤为,1
尝过,1
尝够,1
尚无,1
尚待,1
尚可,1
尖锐化,1
尖括号,1
尔门,1
少买书,1
少上,1
封寄去,1
小国,1
小偷小摸,1
小伙,1
小人物,1
小亚细亚,1
小事,1
小丛,1
小丑,1
饱和,1
尊贵,1
尊容,1
将要,1
将成,1
饶恕,1
封页,1
封闭,1
小兵,1
小型,1
小麦,1
小城,1
小骗子,1
小队,1
小财主,1
小约翰,1
小片,1
小溪,1
小树林,1
小标题,1
小户人家,1
小户,1
小得多,1
小店主,1
小小,1
小家,1
小姐,1
就够,1
饰带,1
就此,1
州同,1
崛起,1
崇高思想,1
崇拜者,1
岛上,1
岑对,1
山麓,1
山里人,1
山路,1
山有,1
山岗,1
山中,1
山上,1
巡警,1
就此结束,1
巡逻,1
工就,1
工厂区,1
饭碗,1
工停,1
工作日,1
工中,1
工业用,1
工业国,1
工业化,1
工业体系,1
饮泣吞声,1
工不干,1
饮用,1
巢穴,1
履行职责,1
屡次,1
属领,1
屁股,1
局面,1
局将,1
尽速,1
饮食,1
尽情欢乐,1
尽头,1
尽人皆知,1
尼翁,1
尼尔,1
尼古,1
尴尬,1
就行,1
就法,1
居奇,1
居室,1
展望未来,1
属矿,1
属员,1
饮酒,1
展而,1
展现出,1
展现,1
展开讨论,1
展史,1
屋顶,1
屋脊,1
屈辱性,1
屈辱,1
封建性,1
封和勒,1
宅第,1
宠臣,1
实际行动,1
实践家,1
首创者,1
实干,1
实地,1
实力雄厚,1
实人,1
实事求是,1
宝藏,1
宝物,1
宝库,1
宛如,1
定额,1
定量,1
宠儿,1
定率,1
审判权,1
宣言书,1
宣传品,1
客观唯心主义,1
客观主义,1
客同,1
客令,1
审阅,1
审讯,1
审订,1
审理案件,1
审理,1
审案,1
审核,1
审慎,1
审度,1
定货单,1
定新,1
封号,1
安特卫普,1
安德烈,1
安德森,1
安得鲁,1
安得列,1
安尼洛,1
安娜,1
安之若素,1
安东尼,1
守门人,1
守财奴,1
守卫,1
守党,1
守信用,1
守信,1
宇宙观,1
安德莱,1
安置,1
定性,1
安逸,1
定到,1
定下,1
官僚,1
宗教改革,1
宗教事务,1
首当其冲,1
宏伟事业,1
完满,1
完整性,1
完工,1
完好,1
完全相同,1
完全正确,1
完全一致,1
安静,1
害处,1
害羞,1
饿得,1
对石,1
对法,1
对沙,1
对格鲁培先,1
对斯嘉本,1
对折,1
对市,1
对家,1
对大资,1
对商,1
对卡贝,1
对卡,1
对准,1
对光,1
对下,1
对社,1
对策,1
家为,1
对经,1
封不动,1
导人,1
寻常,1
对面,1
对非,1
对赫斯,1
对资,1
对贷,1
饶有兴味,1
对话,1
对议,1
对要,1
对肉,1
对继,1
寡断,1
寡廉鲜耻,1
寡头政治,1
宽裕,1
宽度,1
宽广,1
宽大为怀,1
容克,1
容不得,1
家门口,1
家用,1
家族史,1
家才,1
家庭事务,1
家小,1
家具,1
家传,1
家们,1
宾夕法尼亚州,1
寄上,1
寄予,1
富有经验,1
寒冬,1
富而有,1
富者,1
富有诗意,1
富有者,1
富商,1
寄希望于,1
富于,1
密尔窝基,1
密切注意,1
寄生虫,1
寄生物,1
寄托,1
打了个,1
打场,1
打垮,1
柴是,1
查理五世,1
查清,1
柠檬汁,1
柠檬,1
柔嫩,1
染料,1
染坊,1
某物,1
某某,1
某刚生,1
某人,1
某一方面,1
柴泊,1
标号,1
样给,1
样样,1
样它,1
样在,1
样办,1
样做,1
校订,1
栗子,1
栖身之处,1
栖身,1
树碑立传,1
栏里,1
标本室,1
标新,1
某一地方,1
来得及,1
构筑,1
极高,1
极限,1
极端重要,1
极点,1
极少数人,1
极少数,1
极地,1
极力,1
极低,1
极不相,1
松懈,1
杰出代表,1
来确,1
来理,1
枉费心机,1
枯燥无味,1
枕垫,1
枪枝,1
枪杀,1
枪口,1
枪决,1
枢纽,1
果说,1
果树,1
果某,1
果实,1
果使,1
林版,1
林根,1
林区,1
林人,1
根基,1
根子,1
顺从,1
次要情节,1
欠款,1
横行霸道,1
模糊,1
模棱两可,1
模样,1
模型,1
模仿者,1
楚格,1
植物所,1
次序,1
欢乐气氛,1
根据上述,1
欢心,1
正义性,1
止性,1
歌手,1
歌咏,1
歇斯底里,1
欺蒙,1
欺压,1
欺人之谈,1
欲来,1
欧和托尼欧,1
欣然接受,1
欣然,1
欣欣向荣,1
欣悉,1
欣喜若狂,1
森科,1
棍子,1
棉织业,1
格鲁培,1
格雷,1
格里夫斯,1
格罗夫,1
格是,1
格拉古,1
格尔法,1
格外,1
格兰,1
格不入,1
根除,1
根特,1
根深蒂固,1
根本无法,1
根本就是,1
栽跟头,1
检查和,1
棉纺织品,1
棉纺织业,1
棉纺织,1
棉纺厂,1
棉纱,1
棉丝,1
检察机关,1
档案馆,1
梳洗,1
梦幻,1
梦中,1
梅特,1
来梅版,1
来威,1
正正经经,1
有所作为,1
有必,1
有布,1
有工,1
有害无益,1
有如,1
有国,1
有否,1
有名,1
有变,1
有区,1
有别,1
有作,1
有优,1
有什,1
有产,1
有意思,1
有所提高,1
月柏,1
有损于,1
有过之而无不及,1
有过,1
有象,1
有识之士,1
有补,1
有能,1
有联,1
有碍,1
有盟,1
有生,1
有毒,1
有毅,1
有步骤,1
有朝一日,1
有暇,1
顾忌,1
月亮,1
来回,1
最先,1
更高,1
更靠,1
更糟,1
更换,1
更慢,1
更名,1
更受,1
顿有,1
曲意奉承,1
暴民,1
暴利,1
暗藏,1
暗示着,1
暗探,1
暗地里,1
曾以,1
最合适,1
最高额,1
最多,1
最高潮,1
最高法院,1
最负,1
最深处,1
最杰,1
最有,1
最最,1
最新消息,1
最新,1
最敌,1
最快,1
最必,1
最强,1
最底层,1
最容,1
有马,1
服毒,1
服装店,1
权人,1
杂货,1
杂种,1
杂有,1
杂乱无章,1
杀人犯,1
杀人,1
机械运动,1
机敏,1
机巧,1
机就,1
机休,1
朴素,1
本题,1
顽童,1
杂费,1
权位,1
朗卡,1
权限,1
来历,1
来势汹汹,1
来势凶猛,1
来势,1
来决,1
来代,1
来不及,1
条路,1
条目,1
条来,1
杜特,1
杜撰,1
村镇,1
村民,1
顺着,1
本质区别,1
本能,1
本社,1
本段,1
未作,1
木料,1
木房,1
木屐,1
木匠,1
期限,1
期而,1
期数,1
期刊索引,1
期以,1
期五,1
期为,1
朝臣,1
望去,1
朗诵,1
未免,1
未婚妻,1
未必,1
本乡,1
本期,1
本月底,1
本想,1
本原,1
本分,1
本于,1
本世纪,1
未找到,1
末起,1
末日审判,1
末日,1
未经耕作,1
未汉普,1
未提,1
正在流行,1
正派,1
暖乏,1
流下,1
派来,1
派往,1
派出所,1
派克,1
派于,1
洽商,1
活该,1
活泼,1
活动场所,1
音乐才能,1
活力,1
洞察力,1
洞察一切,1
派离,1
流产,1
洛伊特,1
流动,1
浇花,1
浇水,1
浇冷水,1
浅薄,1
流露出来,1
流通手段,1
流行病,1
流行性,1
流血牺牲,1
流浪者,1
流派,1
流泪,1
流放地,1
流放,1
流动人口,1
洛克,1
洗刷,1
法同,1
波斯,1
波士顿,1
波兰共和国,1
音色,1
波克城,1
波克为,1
法语区,1
法译,1
法警,1
法英,1
法网,1
法来,1
法朗,1
法对,1
音节,1
法和卫,1
波托西,1
波森,1
波特,1
泽斯,1
泽培,1
泰莉莎,1
泰尔,1
泰奥,1
泰勒,1
泪眼汪汪,1
泪痕,1
注视,1
注有,1
注出,1
注册,1
泥瓦,1
波茨坦,1
浊浪,1
济贫所,1
深感不安,1
深思熟虑,1
深得,1
深孚众望,1
深奥,1
深夜,1
深处,1
深受其害,1
深受,1
深入人心,1
深入,1
淫诲,1
淫荡,1
淫秽,1
淫污,1
淫佚,1
深恶痛绝,1
深浅,1
浏览,1
深深感到,1
清晰,1
清单,1
清偿债务,1
添写,1
添上,1
淹没,1
淹死,1
混杂,1
混在,1
混为,1
深远,1
深表,1
深致谢意,1
深究,1
深渊,1
淫乐,1
涨潮,1
涨到,1
海湾,1
海德堡,1
海得尔,1
海峡,1
海岛,1
海域,1
海军,1
浴室,1
浮皮潦草,1
浮沉,1
浪费时间,1
浪漫派,1
浪漫主义者,1
浦之子,1
浑水,1
海潮,1
海狸,1
海盗行为,1
消费品,1
润滑油,1
涣散,1
涌进,1
消遣,1
消费量,1
消溶,1
海藻,1
消沉,1
消愁,1
消化,1
涂上,1
浸透,1
海边,1
法向,1
法力,1
正相反,1
比后,1
比例失调,1
比作,1
比一比,1
顶峰,1
毒辣,1
毒气,1
每页,1
每隔,1
每期,1
每有,1
每所,1
每张,1
每届,1
每季,1
每夜,1
比其,1
比喻,1
每匹,1
比如,1
毫无原则,1
毫无办法,1
毫不相干,1
毫不容情,1
毫不介意,1
毗邻,1
比锡,1
比邻,1
比较发达,1
比胆,1
比用,1
比旧,1
比小,1
比对分,1
每半年,1
法制,1
武装力量,1
步派,1
步子,1
步伐,1
此集,1
此限,1
此期,1
此情此景,1
此处,1
此后,1
此人,1
正面,1
正表,1
正统,1
正确理解,1
正确性,1
武装部队,1
毁灭性,1
死光,1
毁掉,1
毁于,1
殴打,1
殖民统治,1
殖民政策,1
残酷无情,1
残废,1
残害,1
殆尽,1
死而复生,1
死硬派,1
死板,1
死敌,1
死地,1
毫无根据,1
毫无顾忌,1
民主党人,1
没法,1
没有勇气,1
韵脚,1
没想到,1
没完没了,1
没什么,1
沙贝利茨,1
沙特,1
沙滩,1
沙普斯先,1
沙土,1
沙利,1
沐浴,1
沉默,1
沉睡,1
没生,1
沦丧,1
民主制,1
沦亡,1
法兰克,1
法作,1
音阶,1
泄气,1
沿着,1
沿海,1
沼泽地,1
治理,1
治性,1
油盘,1
河鱼,1
河里,1
河畔,1
河归,1
沦落,1
沉着,1
沉溺于,1
沉寂,1
沉住气,1
气氛,1
民间团体,1
民粹派,1
民权,1
民族运动,1
民族纠纷,1
民族尊严,1
韶秀,1
民政部门,1
民政,1
民众,1
民主集中制,1
民主自由,1
民主权利,1
民主改革,1
水产品,1
水供,1
水手,1
沃土,1
汪达尔,1
汇报工作,1
求助,1
水文学,1
求之不得,1
永恒不变,1
水落管,1
水源,1
水渠,1
暖气,1
暂缓,1
打小算盘,1
排场,1
掏出,1
掌权,1
掉转,1
授权,1
据为己有,1
捣鬼,1
捣蛋,1
换言之,1
换装,1
换掉,1
换成,1
换句话,1
损坏,1
排出去,1
排字,1
掘墓人,1
推出,1
推入,1
控诉,1
接连不断,1
接管,1
接收者,1
接工,1
接下去,1
探求,1
探查,1
探察,1
掠夺者,1
捕鱼,1
捐躯,1
指远,1
挤满,1
挣脱,1
挣现,1
挣断,1
挡开,1
挡不住,1
挖苦,1
挑选,1
挑拨离间,1
挑拨,1
挑唆,1
按较,1
按着,1
按理说,1
按时,1
挤垮,1
挥霍无度,1
捐献,1
捏造出,1
捍卫者,1
捉摸,1
捆成,1
挽回,1
振奋起来,1
振兴,1
振作,1
挫败,1
挪威,1
挨饿,1
推它,1
推带,1
推断,1
操持家务,1
擅长,1
播者,1
播撒,1
撤销,1
撤退,1
撤换,1
撤出,1
撕得,1
撒播,1
撒哈拉,1
摸得着,1
操之过急,1
操纵,1
推测,1
擦亮,1
收税,1
收效甚微,1
收支,1
收成,1
收在,1
收不回,1
支队,1
支票,1
支撑,1
支持者,1
攫为己,1
擦洗,1
摘列,1
摘下,1
摇于,1
提并论,1
提完,1
提及,1
提出异议,1
预购,1
提供援助,1
提价,1
提个,1
提不出,1
掷骰子,1
掳掠,1
措手不及,1
掩泪,1
推迟,1
提请,1
提走,1
搬上,1
摆脱困境,1
摆在,1
携手,1
搭成,1
搭乘,1
搬运,1
搞起,1
插图,1
搏斗,1
搏动,1
揶揄,1
揭底,1
握住,1
插手,1
指靠,1
指达,1
收进,1
投到,1
抓紧,1
抒情诗,1
抒发,1
抑郁,1
把资,1
把款,1
把斯嘉本,1
把整,1
把手,1
把国,1
技艺,1
技能,1
技术学校,1
投入产品,1
投在,1
承租人,1
投稿,1
报之以,1
护送,1
抛掉,1
抛头露面,1
抛向,1
抚养,1
折断,1
折不断,1
抗议声,1
抗议书,1
抗衡,1
投递,1
投资者,1
投稿人,1
承运,1
承权,1
指约,1
执笔者,1
扣留,1
扣压,1
扣住,1
托马,1
托恩,1
托利,1
托伦,1
托付给,1
打转,1
打着,1
打滚,1
打消,1
打扰,1
打心,1
执行权,1
承担责任,1
承担义务,1
承包合同,1
找来,1
批评者,1
批评家,1
批新来,1
批判者,1
批判主义,1
批准权,1
批人,1
扶助,1
扶上,1
扰乱,1
扯断,1
扫罗,1
报亭,1
报应,1
报答,1
拨给,1
拨款,1
拦路抢劫,1
拦住,1
拥挤,1
拟议,1
招牌,1
招徕,1
招引,1
拚命,1
择一,1
拿到,1
抨击,1
拿来,1
指米,1
指科伦,1
指示,1
指派,1
指挥者,1
指大,1
指在,1
指圣斯蒂凡,1
指南,1
指使,1
指令,1
指亨,1
指亚,1
挂一漏万,1
持有,1
拘束,1
拖拉,1
拖入,1
抽彩,1
押送,1
抹掉,1
抵触,1
抵补,1
抵押,1
抵抗能力,1
抵岸,1
抱歉,1
抬头,1
披肩,1
披着,1
抽掉,1
抽水马桶,1
领入,1
拉到,1
拖下去,1
拉雪兹,1
拉走,1
拉着,1
拉得,1
拉姆赛,1
拉丁文,1
抽象劳动,1
拉丁,1
拆开,1
担保,1
抽走,1
抽象化,1
收藏,1
改名,1
暂令,1
日为,1
既长,1
既相,1
既成,1
既定,1
既同,1
既不花,1
颂扬,1
无限忠诚,1
无遗,1
无赖汉,1
无贵金,1
无谓,1
无误,1
无视,1
无耳,1
日以,1
无神,1
日出而作,1
早晚,1
早日,1
旧社会,1
旧机,1
旧有,1
旧套,1
旧制,1
日趋完善,1
日落而息,1
日益加剧,1
日晚,1
日常生活,1
日奥顿,1
日即,1
日前,1
无穷的,1
无礼地,1
旁听,1
无家可归,1
无声无息,1
无可否认,1
无关痛痒,1
无关大局,1
无偿,1
无信,1
无保留地,1
无休止,1
无以复加,1
无从,1
无二,1
颂歌,1
旋床,1
旅游指南,1
旅店,1
无孔,1
无尽,1
无畏,1
无度,1
无理,1
无牙,1
无法无天,1
无法回答,1
无条件,1
无期徒刑,1
无望,1
无敌舰队,1
无效劳动,1
无政,1
无拘无束,1
无所谓,1
无所作为,1
无意,1
无忧无虑,1
早熟,1
早餐,1
时世,1
晚间,1
晚宴,1
晕头转向,1
晋升,1
显露,1
显赫,1
显眼,1
显得,1
显出,1
显位,1
是否是,1
是协,1
昧心,1
星期三,1
晚期,1
时事,1
普劳廷,1
暂且,1
智力活动,1
景仰,1
普鲁士王,1
普鲁士人,1
普遍规律,1
普遍现象,1
普遍推广,1
顿足,1
普选权,1
普普通通,1
普拉,1
普卜,1
普勒西,1
昔日,1
易会,1
昏睡,1
时所能,1
时所持,1
时所作,1
时常,1
时工,1
时尽,1
时封,1
时宜,1
时均,1
时加,1
时别,1
时兴,1
颁布法律,1
时会,1
时人,1
时所表,1
时断,1
时时刻刻,1
明亮,1
明草,1
明确性,1
明登,1
明有,1
明智地,1
明摆着,1
昂贵,1
时比,1
时髦,1
时要,1
时续,1
时竟,1
时称,1
时硬,1
旅客,1
施行,1
改名换姓,1
散见,1
散文,1
散失,1
散发,1
散会,1
教育者,1
教而,1
教籍,1
教程,1
教科书,1
教益,1
教父,1
教民,1
教权,1
教它,1
散步,1
敦促,1
救济院,1
敬佩,1
敲诈,1
敲打,1
敲到,1
数百,1
数次,1
数最多,1
数是,1
数得上,1
数学家,1
数学,1
敬神,1
敬礼,1
敬爱,1
敬意,1
教学,1
救济贫民,1
施用,1
放热,1
放射出,1
放宽,1
放厥,1
放到,1
放下,1
攻打,1
攻占,1
攻克,1
攻不破,1
改革者,1
改革家,1
预算,1
改造社会,1
改译,1
改正,1
放松,1
放走,1
救济者,1
放进,1
救星,1
救世,1
敏捷,1
故意,1
故居,1
故伎,1
政治舞台,1
政治权利,1
政治文明,1
政治宣传,1
政治学,1
预期,1
政府首脑,1
政客,1
政体,1
整体利益,1
整垮,1
整天,1
新补,1
新航,1
新税,1
新症,1
新生,1
新波,1
新教徒,1
新年礼物,1
新娘,1
新大陆,1
新制,1
新到,1
新会员,1
新世界,1
斯蒂凡,1
斯特郡,1
新营,1
新财,1
整版,1
新闻记者,1
施托尔,1
施威,1
施塔特,1
施坦,1
施令,1
方针,1
方言,1
方能,1
预兆,1
方向,1
方可,1
方则,1
方兴未艾,1
新鲜事,1
新陈代谢,1
斯拉夫主义,1
斯托,1
预告,1
斯大林,1
斐维,1
文载,1
文见,1
文笔,1
预想,1
文版,1
预感,1
文教,1
文摘,1
文字游戏,1
文坛,1
文人,1
文书,1
整章,1
斑斑,1
斑白,1
斗志,1
斯人,1
斯多葛,1
斯堡,1
斯图,1
斯嘉本会,1
斯嘉,1
斯克,1
断送,1
斗志昂扬,1
断开,1
断人,1
斥力,1
斟酌,1
料想到,1
料定,1
拼凑,1
